user_id,vehicle_model,battery_capacity_(kwh),charging_station_id,charging_station_location,charging_start_time,charging_end_time,energy_consumed_(kwh),charging_duration_(hours),charging_rate_(kw),charge_cost(usd),time_of_day,day_of_week,state_of_charge_(start_%),state_of_charge_(end_%),distance_driven(km),temp(°c),vehicle_age,charger_type,user_type,soc_drop,start_hour,start_day,start_month,start_year,weekday,is_weekend,energy_consumed_lag_1,energy_consumed_lag_2,charging_duration_lag_1,charging_duration_lag_2,energy_consumed_roll_mean_3,energy_consumed_roll_std_3,charging_duration_roll_mean_3,charging_duration_roll_std_3,start_hour_sin,start_hour_cos,weekday_sin,weekday_cos,time_since_last_charge
-1.7307391445200395,0,1.623165590257477,1.030207349988558,1,1969-12-31 23:59:59.999999999,-1.1810284391043675,0.8396517928468084,-1.1926468496775695,0.7352993765014793,-0.8889511688981327,1,5,-0.8360719850234026,0.6360249006373713,1.6763332070963588,0.8587309237350265,-0.699142329015916,0,1,57,-1.661324772583615,-1.621774259970165,-0.8798826901281196,0.0,-1.490320836259711,-0.6123724356957944,0.01659784408819306,0.015581306671598155,-0.2660876570412127,-0.2655301134847581,0.04760306542580989,0.0038112711489760626,-0.42051466321152303,0.09149788042738796,-0.4213503732625737,0.906897934142255,-0.9729578811050594,0.23098260020086597,0
-1.728114824361556,2,1.2351315279769222,1.28727888900218,4,1969-12-31 23:59:59.999999999,-1.1804888404426506,-1.404044879796512,0.6583747159595755,0.3692028251353233,-0.1448702919510591,2,1,-1.6251990881540264,0.5774705088922653,-0.4954842865957923,-0.0857044432008354,-0.2666831564287514,1,0,75,-1.516861748880692,-1.621774259970165,-0.8798826901281196,0.0,-1.490320836259711,-0.6123724356957944,0.8199192508802672,0.015581306671598155,-1.1921288698046946,-0.2655301134847581,0.04760306542580989,0.0038112711489760626,-0.42051466321152303,0.09149788042738796,-0.3867580601532345,0.9221812202091881,-0.9729578811050594,0.23098260020086597,0
-1.7254905042030722,1,0.0225250833501877,-0.428847330899567,4,1969-12-31 23:59:59.999999999,-1.180186088521764,-1.0835167837046091,-0.267136066858997,0.1495448943156297,1.2502813523247038,2,4,-1.749798104437809,-0.3008453672843252,-0.9728068126819792,0.3865132402670955,-0.699142329015916,2,1,63,-1.372398725177769,-1.621774259970165,-0.8798826901281196,0.0,-1.490320836259711,-0.6123724356957944,-1.3669001342759346,0.819106082761152,0.6599535557222693,-1.1913732075929888,-0.8608893357515099,0.6318343902338954,-0.42051466321152303,0.09149788042738796,-0.35161260297471486,0.9361455962772808,-0.9729578811050594,0.23098260020086597,0
-1.7228661840445885,2,-1.1900813612765468,0.58554306628932,1,1969-12-31 23:59:59.999999999,-1.1797865383676682,1.66386689708313,-1.1926468496775695,0.5156414456817857,-0.8889511688981327,1,2,1.406710308084686,1.4557863850688555,0.5546252707938193,1.5333276144034993,-1.1316015016030805,1,2,17,-1.227935701474846,-1.621774259970165,-0.8798826901281196,0.0,-1.490320836259711,-0.6123724356957944,-1.0544973649679057,-1.3682669188159668,-0.2660876570412127,0.6603129806234728,-0.40664313516285,1.7832101085562475,-0.42051466321152303,0.09149788042738796,-0.3159642670044579,0.9487710903986987,-0.9729578811050594,0.23098260020086597,0
-1.7202418638861048,2,-1.1900813612765468,-0.9360425294940103,2,1969-12-31 23:59:59.999999999,-1.1799842539078391,-1.0377270556914802,-0.267136066858997,-1.1684026906025315,-1.1679814977532854,2,2,0.2022531506747865,-0.6521717177549614,0.602357523402438,-1.5698171626714756,-1.1316015016030805,1,2,10,-1.0834726777719228,-1.621774259970165,-0.8798826901281196,0.0,-1.490320836259711,-0.6123724356957944,1.6232406576723413,-1.055785061447807,-1.1921288698046946,-0.2655301134847581,-0.25522773496663004,1.5738690688612744,-0.42051466321152303,0.09149788042738796,-0.27986403674065413,0.9600396455038853,-0.9729578811050594,0.23098260020086597,0
-1.7176175437276209,3,-1.1900813612765468,0.6411261017517247,4,1969-12-31 23:59:59.999999999,-1.179646489860047,0.0154366886104866,-1.1926468496775695,-0.8755254495096068,1.3432914619430882,1,2,1.0744462646612656,-0.1837365837941131,-0.1136262657268426,-1.3674381554709338,-1.564060674190245,0,2,-3,-0.9390096540689998,-1.621774259970165,-0.8798826901281196,0.0,-1.490320836259711,-0.6123724356957944,-1.0098683979239016,1.622630858850706,-0.2660876570412127,-1.1913732075929888,0.3504338658182498,1.0505164696238416,-1.9144185071813014,-1.5604775497547658,-0.24336354298385784,0.9699351452269085,-0.9729578811050594,0.23098260020086597,0
-1.7149932235691372,1,0.5075676612008815,-0.5608570401227784,1,1969-12-31 23:59:59.999999999,-1.1795579297743457,-0.2593016794682873,1.583885498778148,0.0031062737691674,-0.0518601823326749,1,0,0.4929841886702795,-0.2422909755392192,-0.8654092443125873,0.8587309237350265,0.165776016158413,2,1,10,-0.7945466303660768,-1.621774259970165,-0.8798826901281196,0.0,-1.490320836259711,-0.6123724356957944,0.01659784408819306,-1.0111447961094986,-1.1921288698046946,-0.2655301134847581,-0.7094739355552899,-0.8335528876309164,-0.42051466321152303,0.09149788042738796,-0.2065149889942563,0.9784434369551989,-0.9729578811050594,0.23098260020086597,0
-1.7123689034106535,1,0.0225250833501877,0.411846080469305,2,1969-12-31 23:59:59.999999999,-1.1789627236169555,0.3817545127155185,0.6583747159595755,0.0763255840423986,-1.1679814977532854,0,1,0.2853191615306417,-0.6521717177549614,-0.4358189708350189,-1.2999784864040864,-1.564060674190245,2,2,8,-0.6500836066631537,-1.621774259970165,-0.8798826901281196,0.0,-1.490320836259711,-0.6123724356957944,-0.25117595817583166,0.015581306671598155,1.5859947684857512,-1.1913732075929888,0.12331076552391987,-1.3569054868683492,-0.42051466321152303,0.09149788042738796,-0.16937107583020397,0.9855523520707153,-0.9729578811050594,0.23098260020086597,0
-1.7097445832521696,1,-0.6080302678557142,1.738891052134219,2,1969-12-31 23:59:59.999999999,-1.179211927579046,0.0612264166236156,-0.267136066858997,-0.8755254495096068,0.8782409138511671,1,6,-0.6699399633116924,1.0459056428531135,0.6500897760110567,0.52143257840079,0.165776016158413,1,1,60,-0.5056205829602307,-1.621774259970165,-0.8798826901281196,0.0,-1.490320836259711,-0.6123724356957944,0.37362958044022604,-0.2522602853582531,0.6599535557222693,1.5861560747317036,0.12331076552391987,-1.3569054868683492,1.0733891807582552,0.09149788042738796,-0.1319849269748023,0.9912517233535869,-0.9729578811050594,0.23098260020086597,0
-1.707120263093686,2,-1.1900813612765468,1.4540279953893944,0,1969-12-31 23:59:59.999999999,-1.1785466971678455,1.66386689708313,-0.267136066858997,-1.021964070056069,-0.1448702919510591,2,6,-0.9191379958792576,-0.3008453672843252,-1.1876019494207637,0.8587309237350265,-0.2666831564287514,0,1,43,-0.36115755925730764,-1.621774259970165,-0.8798826901281196,0.0,-1.490320836259711,-0.6123724356957944,0.06122681113219718,0.37270342937806655,-0.2660876570412127,0.6603129806234728,1.1832185668974597,-0.1008592486985105,-0.42051466321152303,-1.5604775497547658,-0.09441001235832401,0.9955333995233415,-0.9729578811050594,0.23098260020086597,0
-1.7044959429352022,0,-1.1900813612765468,-0.2551503450795521,2,1969-12-31 23:59:59.999999999,-1.1783098504270155,-1.129306511717738,0.6583747159595755,-1.1684026906025315,1.4363015715614724,3,4,1.115979270089193,0.4018073336569471,-1.056338254747062,-0.96268014106985,-0.2666831564287514,0,0,6,-0.21669453555438456,-1.621774259970165,-0.8798826901281196,0.0,-1.490320836259711,-0.6123724356957944,1.6232406576723413,0.0602215720099067,-0.2660876570412127,-0.2655301134847581,0.3504338658182498,1.0505164696238416,-0.42051466321152303,-1.5604775497547658,-0.056700071885147196,0.9983912568969238,-0.9729578811050594,0.23098260020086597,0
-1.7018716227767183,1,0.5075676612008815,-1.1444789124780284,4,1969-12-31 23:59:59.999999999,-1.1781121348868446,-0.9003578716520931,-0.267136066858997,-1.6077185522419186,-0.7959410592797486,1,3,-1.4175340610143885,0.6360249006373713,0.4949599550330459,1.26348893813611,-1.564060674190245,0,2,71,-0.07223151185146152,-1.621774259970165,-0.8798826901281196,0.0,-1.490320836259711,-0.6123724356957944,-1.09912633201191,1.622630858850706,0.6599535557222693,-0.2655301134847581,-0.17952003486852006,1.469198549013788,-0.42051466321152303,-1.5604775497547658,-0.01890903857456981,0.9998212081468293,-0.9729578811050594,0.23098260020086597,0
-1.6992473026182346,2,1.2351315279769222,-1.5752474373116654,4,1969-12-31 23:59:59.999999999,-1.178431363102746,-0.3966708635076743,0.6583747159595755,-1.461279931695456,-1.0749713881349012,0,1,-1.2514020393026783,-1.3548244186962335,1.1393453652493986,0.5888922474676374,-1.564060674190245,2,0,33,0.07223151185146152,-1.621774259970165,-0.8798826901281196,0.0,-1.490320836259711,-0.6123724356957944,-0.8759814967918893,-1.1004253267861157,-0.2660876570412127,0.6603129806234728,-1.3151355363401698,-1.2522349670208626,1.0733891807582552,0.09149788042738796,0.01890903857456981,0.9998212081468293,-0.9729578811050594,0.23098260020086597,0
-1.696622982459751,3,0.0225250833501877,0.58554306628932,1,1969-12-31 23:59:59.999999999,-1.1779082407360433,-1.175096239730867,1.583885498778148,-0.4362095878702197,1.3432914619430882,2,0,-0.9606710013071852,-0.3593997590294313,0.0653696815554775,1.26348893813611,1.4631535339199069,2,1,43,0.21669453555438456,-1.621774259970165,-0.8798826901281196,0.0,-1.490320836259711,-0.6123724356957944,-0.385062859307844,-0.8772240000945728,0.6599535557222693,-0.2655301134847581,-1.39084323643828,-1.1475644471733761,1.0733891807582552,0.09149788042738796,0.056700071885147196,0.9983912568969238,-0.9729578811050594,0.23098260020086597,0
-1.693998662301267,0,0.5075676612008815,-1.0194170826876177,1,1969-12-31 23:59:59.999999999,-1.1775416431719763,-1.358255151783383,0.6583747159595755,-0.1433323467772949,-0.3308905111878275,0,1,0.9498472483774828,-0.6521717177549614,0.0176374289468588,1.6682469525371937,0.165776016158413,1,0,-8,0.36115755925730764,-1.621774259970165,-0.8798826901281196,0.0,-1.490320836259711,-0.6123724356957944,-1.143755299055914,-0.3861810813731788,1.5859947684857512,0.6603129806234728,-1.6179663367326098,-0.9382234074784029,1.0733891807582552,-1.5604775497547658,0.09441001235832401,0.9955333995233415,-0.9729578811050594,0.23098260020086597,0
-1.6913743421427834,3,1.2351315279769222,-0.6650752316147873,2,1969-12-31 23:59:59.999999999,-1.1775684171513745,-0.7171989595995771,0.6583747159595755,-1.0951833803293003,0.9712510234695512,1,1,-1.5836660827260989,-0.1837365837941131,1.1274123020972435,-1.5698171626714756,-0.699142329015916,0,2,61,0.5056205829602307,-1.621774259970165,-0.8798826901281196,0.0,-1.490320836259711,-0.6123724356957944,-1.3222711672319305,-1.1450655921244242,0.6599535557222693,1.5861560747317036,-1.7693817369288298,-1.2522349670208626,1.0733891807582552,-1.5604775497547658,0.1319849269748023,0.9912517233535869,-0.9729578811050594,0.23098260020086597,0
-1.6887500219842997,0,1.1381230124067834,-1.6725177493708736,3,1969-12-31 23:59:59.999999999,-1.1773974755906016,-0.8087784156258352,0.6583747159595755,1.6871504100534849,-0.5169107304245959,1,4,0.7837152266657725,0.8702424676177954,0.9961486074235424,-0.7603011338693082,1.4631535339199069,0,1,22,0.6500836066631537,-1.621774259970165,-0.8798826901281196,0.0,-1.490320836259711,-0.6123724356957944,-0.6974656286158728,-1.3236266534776584,0.6599535557222693,0.6603129806234728,-1.5422586366344997,-1.2522349670208626,1.0733891807582552,-1.5604775497547658,0.16937107583020397,0.9855523520707153,-0.9729578811050594,0.23098260020086597,0
-1.6861257018258158,2,-1.1900813612765468,-1.6169347139084689,0,1969-12-31 23:59:59.999999999,-1.176962913309601,-0.8545681436389642,-1.1926468496775695,-1.388060621422225,-1.5400219362268222,1,0,0.3683851723864969,-0.008073408558795,-1.5694599702897132,0.1841342330665536,1.0306943613327422,2,0,17,0.7945466303660768,-1.621774259970165,-0.8798826901281196,0.0,-1.490320836259711,-0.6123724356957944,-0.7867235627038811,-0.6986629387413387,0.6599535557222693,0.6603129806234728,-1.3151355363401698,-1.880258086105782,-0.42051466321152303,0.09149788042738796,0.2065149889942563,0.9784434369551989,-0.9729578811050594,0.23098260020086597,0
-1.683501381667332,4,1.2351315279769222,1.3289661655989835,3,1969-12-31 23:59:59.999999999,-1.1767775549906905,0.0154366886104866,-1.1926468496775695,-0.4362095878702197,0.2271701465224777,1,2,0.2853191615306417,-1.2962700269511278,1.521203386118348,1.465867945336652,-1.564060674190245,1,2,-3,0.9390096540689998,-1.621774259970165,-0.8798826901281196,0.0,-1.490320836259711,-0.6123724356957944,-0.8313525297478852,-0.7879434694179558,-1.1921288698046946,0.6603129806234728,-0.93659703584962,-0.9382234074784029,-0.42051466321152303,1.7434733106095417,0.24336354298385784,0.9699351452269085,-0.9729578811050594,0.23098260020086597,0
-1.6808770615088484,0,-1.1900813612765468,-0.8179285791364004,2,1969-12-31 23:59:59.999999999,-1.1769443774777095,0.2443853286761315,0.6583747159595755,1.39427316896056,-1.447011826608438,2,6,-1.5006000718702437,2.3926566529905524,1.0677469863364704,-0.4230027885350718,-0.2666831564287514,2,2,103,1.0834726777719228,-1.621774259970165,-0.8798826901281196,0.0,-1.490320836259711,-0.6123724356957944,0.01659784408819306,-0.8325837347562643,-1.1921288698046946,-1.1913732075929888,-0.33093543506474005,-0.7288823677834299,-1.9144185071813014,0.09149788042738796,0.27986403674065413,0.9600396455038853,-0.9729578811050594,0.23098260020086597,0
-1.6782527413503645,3,-1.1900813612765468,-1.1236352741796265,2,1969-12-31 23:59:59.999999999,-1.1764665649222965,0.3359647847023895,0.6583747159595755,0.2959835148620921,0.5992105849960145,3,5,-1.3344680501585335,0.167589766676523,-1.652991412354796,1.26348893813611,-0.2666831564287514,2,0,61,1.227935701474846,-1.621774259970165,-0.8798826901281196,0.0,-1.490320836259711,-0.6123724356957944,0.23974267930821366,0.015581306671598155,0.6599535557222693,-1.1913732075929888,0.3504338658182498,-1.670917046410809,-0.42051466321152303,0.09149788042738796,0.3159642670044579,0.9487710903986987,-0.9729578811050594,0.23098260020086597,0
-1.6756284211918808,2,-0.6080302678557142,1.683308016671814,3,1969-12-31 23:59:59.999999999,-1.1764645053854197,0.7480723368205504,0.6583747159595755,0.0031062737691674,1.1572712427063196,1,3,0.9498472483774828,0.0504809831863109,0.7932865338369128,-1.2325188173372392,0.5982351887455776,1,1,4,1.372398725177769,-1.621774259970165,-0.8798826901281196,0.0,-1.490320836259711,-0.6123724356957944,0.3290006133962219,0.2387826333631409,0.6599535557222693,0.6603129806234728,0.8046800664069097,-1.4615760067158357,1.0733891807582552,-1.5604775497547658,0.35161260297471486,0.9361455962772808,-0.9729578811050594,0.23098260020086597,0
-1.6730041010333971,0,0.0225250833501877,-0.7137103876443914,0,1969-12-31 23:59:59.999999999,-1.1603033195133143,0.2901750566892605,0.6583747159595755,-0.5094288981434508,-0.7029309496613644,0,2,-0.0054118764648512,-0.6521717177549614,1.7240654597049776,1.6682469525371937,0.165776016158413,0,2,15,1.516861748880692,-1.621774259970165,-0.8798826901281196,0.0,-1.490320836259711,-0.6123724356957944,0.730661316792259,0.328063164039758,0.6599535557222693,0.6603129806234728,0.8046800664069097,-1.5662465265633223,1.0733891807582552,-1.5604775497547658,0.3867580601532345,0.9221812202091881,-0.9729578811050594,0.23098260020086597,0
-1.6703797808749132,4,1.2351315279769222,0.5785951868565193,3,1969-12-31 23:59:59.999999999,-1.176307980582784,1.1601798889387114,-0.267136066858997,1.7603697203267157,1.4363015715614724,2,0,-1.2514020393026783,-0.0666278003039011,1.521203386118348,-0.7603011338693082,0.5982351887455776,0,1,55,1.661324772583615,-1.621774259970165,-0.8798826901281196,0.0,-1.490320836259711,-0.6123724356957944,0.2843716463522178,0.7298255520845349,0.6599535557222693,0.6603129806234728,1.2589262669955696,-1.0428939273258895,1.0733891807582552,-1.5604775497547658,0.4213503732625737,0.906897934142255,-0.9729578811050594,0.23098260020086597,0
-1.6677554607164295,4,1.2351315279769222,-0.6442315933163855,1,1969-12-31 23:59:59.999999999,-1.160194164058845,-0.6714092315864482,-1.1926468496775695,-1.0951833803293003,0.1341600369040935,2,6,0.6591162103819899,-0.5936173260098554,0.232432565685643,1.398408276269805,0.165776016158413,1,2,0,-1.661324772583615,-1.5013996522800717,-0.8798826901281196,0.0,-0.9843477128382041,-0.6123724356957944,1.132322020188296,0.28342289870144943,-0.2660876570412127,0.6603129806234728,0.4261415659163598,0.0038112711489760626,-0.42051466321152303,0.09149788042738796,-0.4213503732625737,0.906897934142255,-0.7729949150001408,0.6344122172404351,0
-1.665131140557946,1,0.0225250833501877,0.3145757684100967,4,1969-12-31 23:59:59.999999999,-1.1598090306628868,-0.1219324954289003,1.583885498778148,-1.021964070056069,1.5293116811798566,2,2,1.2821112918009034,0.284698550166735,-0.841543118008278,0.4539729093339427,-1.1316015016030805,0,1,0,-1.516861748880692,-1.5013996522800717,-0.8798826901281196,0.0,-0.9843477128382041,-0.6123724356957944,-0.6528366615718687,1.1315879401293119,-1.1921288698046946,-0.2655301134847581,0.19901846562202985,0.10848179099646262,-0.42051466321152303,0.09149788042738796,-0.3867580601532345,0.9221812202091881,-0.7729949150001408,0.6344122172404351,0
-1.662506820399462,1,0.0225250833501877,0.8217709670045401,1,1969-12-31 23:59:59.999999999,-1.160033520182456,0.0154366886104866,1.583885498778148,0.7352993765014793,0.4131903657592461,0,4,1.6559083406522517,0.7531336841275833,-0.8654092443125873,0.993650261868721,-1.564060674190245,1,1,-1,-1.372398725177769,-1.5013996522800717,-0.8798826901281196,0.0,-0.9843477128382041,-0.6123724356957944,-0.1172890570438193,-0.6540226734030301,1.5859947684857512,-1.1913732075929888,-0.40664313516285,-1.2522349670208626,1.0733891807582552,1.7434733106095417,-0.35161260297471486,0.9361455962772808,-0.7729949150001408,0.6344122172404351,0
-1.6598825002409785,3,-1.1900813612765468,0.6758654989157277,4,1969-12-31 23:59:59.999999999,-1.159250896169279,-1.49562433582277,-0.267136066858997,1.4674924792337911,-1.1679814977532854,3,3,2.0297053895035995,1.1630144263433255,0.1131019341640962,-0.6253817957356137,-1.564060674190245,1,2,-3,-1.227935701474846,-1.5013996522800717,-0.8798826901281196,0.0,-0.9843477128382041,-0.6123724356957944,0.01659784408819306,-0.1183394893433275,1.5859947684857512,1.5861560747317036,-0.8608893357515099,-0.20552976854599705,1.0733891807582552,0.09149788042738796,-0.3159642670044579,0.9487710903986987,-0.7729949150001408,0.6344122172404351,0
-1.6572581800824946,0,0.0225250833501877,-0.790137061405198,2,1969-12-31 23:59:59.999999999,-1.159617493733346,-0.4882503195339322,-0.267136066858997,1.6871504100534849,0.3201802561408619,0,0,-0.5868739524558372,-1.2377156352060217,-0.0181617605096052,0.3190535712002482,-0.2666831564287514,2,0,19,-1.0834726777719228,-1.5013996522800717,-0.8798826901281196,0.0,-0.9843477128382041,-0.6123724356957944,-1.4561580683639428,0.015581306671598155,-0.2660876570412127,1.5861560747317036,-1.01230473594773,-0.3102002883934836,1.0733891807582552,0.09149788042738796,-0.27986403674065413,0.9600396455038853,-0.7729949150001408,0.6344122172404351,0
-1.654633859924011,0,0.0225250833501877,1.356757683330186,0,1969-12-31 23:59:59.999999999,-1.1589522633221456,0.6564928807942925,0.6583747159595755,1.4674924792337911,0.9712510234695512,0,0,-0.8360719850234026,0.5774705088922653,0.3875623866636538,-0.22062378133453,-1.564060674190245,0,0,56,-0.9390096540689998,-1.5013996522800717,-0.8798826901281196,0.0,-0.9843477128382041,-0.6123724356957944,-0.47432079339585226,-1.457547449492584,-0.2660876570412127,-0.2655301134847581,-0.7094739355552899,0.31782283069143574,-0.42051466321152303,0.09149788042738796,-0.24336354298385784,0.9699351452269085,-0.7729949150001408,0.6344122172404351,0
-1.652009539765527,1,1.2351315279769222,-0.0258703237971324,3,1969-12-31 23:59:59.999999999,-1.1585485940942963,-1.0835167837046091,-1.1926468496775695,-1.388060621422225,1.3432914619430882,0,6,-0.7530059741675474,0.167589766676523,-0.0181617605096052,-0.4904624576019191,-0.699142329015916,0,0,47,-0.7945466303660768,-1.5013996522800717,-0.8798826901281196,0.0,-0.9843477128382041,-0.6123724356957944,0.6414033827042507,-0.4754616120497959,0.6599535557222693,-0.2655301134847581,-0.48235083526096,-0.1008592486985105,-0.42051466321152303,0.09149788042738796,-0.2065149889942563,0.9784434369551989,-0.7729949150001408,0.6344122172404351,0
-1.649385219607043,0,1.2351315279769222,-1.2834365011340405,0,1969-12-31 23:59:59.999999999,-1.1586042015899694,-0.2135119514551583,-0.267136066858997,-1.021964070056069,-0.5169107304245959,1,6,1.115979270089193,-0.5350629342647494,1.0200147337278518,-0.8952204720030028,1.0306943613327422,1,1,-10,-0.6500836066631537,-1.5013996522800717,-0.8798826901281196,0.0,-0.9843477128382041,-0.6123724356957944,-1.0544973649679057,0.6405450214079178,-1.1921288698046946,0.6603129806234728,-0.33093543506474005,-0.1008592486985105,-0.42051466321152303,0.09149788042738796,-0.16937107583020397,0.9855523520707153,-0.7729949150001408,0.6344122172404351,0
-1.6467608994485594,0,1.2351315279769222,-0.3107333805419569,3,1969-12-31 23:59:59.999999999,-1.1585403559467893,-1.220885967743996,-1.1926468496775695,-0.2897709673237573,0.3201802561408619,1,1,-1.0437370121630405,0.7531336841275833,-1.4023970861595478,1.6007872834703465,-1.1316015016030805,2,0,64,-0.5056205829602307,-1.5013996522800717,-0.8798826901281196,0.0,-0.9843477128382041,-0.6123724356957944,-0.20654699113182753,-1.055785061447807,-0.2660876570412127,-1.1913732075929888,-1.3151355363401698,-0.8335528876309164,-0.42051466321152303,-1.5604775497547658,-0.1319849269748023,0.9912517233535869,-0.7729949150001408,0.6344122172404351,0
-1.6441365792900755,4,-0.6080302678557142,-0.2204109479155491,1,1969-12-31 23:59:59.999999999,-1.1580357694119778,0.7938620648336794,-1.1926468496775695,-1.3148413111489938,-0.4239006208062117,0,1,-1.085270017590968,-1.4133788104413398,-1.283066454638001,-0.0857044432008354,-1.1316015016030805,2,0,28,-0.36115755925730764,-1.5013996522800717,-0.8798826901281196,0.0,-0.9843477128382041,-0.6123724356957944,-1.1883842660999182,-0.2076200200199446,-1.1921288698046946,-0.2655301134847581,-0.33093543506474005,0.21315231084394917,-1.9144185071813014,0.09149788042738796,-0.09441001235832401,0.9955333995233415,-0.7729949150001408,0.6344122172404351,0
-1.6415122591315918,1,0.0225250833501877,1.1066340237493646,1,1969-12-31 23:59:59.999999999,-1.157770089154873,0.7022826088074214,-0.267136066858997,-1.6077185522419186,1.2502813523247038,0,0,-0.2961429144603442,0.284698550166735,0.0534366184033228,0.8587309237350265,-0.699142329015916,0,2,38,-0.21669453555438456,-1.5013996522800717,-0.8798826901281196,0.0,-0.9843477128382041,-0.6123724356957944,0.7752902838362631,-1.1897058574627326,-1.1921288698046946,-1.1913732075929888,0.19901846562202985,0.5271638703864089,-1.9144185071813014,-1.5604775497547658,-0.056700071885147196,0.9983912568969238,-0.7729949150001408,0.6344122172404351,0
-1.638887938973108,2,0.0225250833501877,1.0232594705557574,3,1969-12-31 23:59:59.999999999,-1.1575970880572233,-0.2593016794682873,0.6583747159595755,-0.5094288981434508,0.6922206946143987,1,5,-1.0437370121630405,-0.1251821920490071,-0.9250745600733606,3.01744033387414,0.165776016158413,1,1,49,-0.07223151185146152,-1.5013996522800717,-0.8798826901281196,0.0,-0.9843477128382041,-0.6123724356957944,0.6860323497482549,0.7744658174228435,-0.2660876570412127,-1.1913732075929888,0.7289723663087997,-0.8335528876309164,-0.42051466321152303,0.09149788042738796,-0.01890903857456981,0.9998212081468293,-0.7729949150001408,0.6344122172404351,0
-1.6362636188146245,1,0.0225250833501877,-1.373758933760448,0,1969-12-31 23:59:59.999999999,-1.1574034915908058,-0.1219324954289003,0.6583747159595755,0.2227642045888609,-0.6099208400429801,1,4,1.5313093243684688,-1.4719332021864455,-0.614814918117339,1.0611099309355685,-1.1316015016030805,0,0,-36,0.07223151185146152,-1.5013996522800717,-0.8798826901281196,0.0,-0.9843477128382041,-0.6123724356957944,-0.25117595817583166,0.6851852867462264,0.6599535557222693,-0.2655301134847581,0.19901846562202985,-0.9382234074784029,1.0733891807582552,0.09149788042738796,0.01890903857456981,0.9998212081468293,-0.7729949150001408,0.6344122172404351,0
-1.6336392986561403,2,0.0225250833501877,-1.012469203254817,3,1969-12-31 23:59:59.999999999,-1.1577474342492282,1.3891285290043562,-1.1926468496775695,0.8817379970479415,-0.6099208400429801,3,6,-0.0054118764648512,1.1630144263433255,-1.3307987072466196,1.26348893813611,1.0306943613327422,0,2,46,0.21669453555438456,-1.5013996522800717,-0.8798826901281196,0.0,-0.9843477128382041,-0.6123724356957944,-0.1172890570438193,-0.2522602853582531,0.6599535557222693,0.6603129806234728,0.5775569661125798,0.0038112711489760626,-0.42051466321152303,0.09149788042738796,0.056700071885147196,0.9983912568969238,-0.7729949150001408,0.6344122172404351,0
-1.6310149784976569,4,0.5075676612008815,0.2520448535148913,2,1969-12-31 23:59:59.999999999,-1.157372598537654,0.8854415208599373,-1.1926468496775695,-0.948744759782838,0.4131903657592461,0,1,1.614375335224324,0.226144158421629,-0.1494254551833066,-0.6253817957356137,1.4631535339199069,2,1,-9,0.36115755925730764,-1.5013996522800717,-0.8798826901281196,0.0,-0.9843477128382041,-0.6123724356957944,1.3554668554083167,-0.1183394893433275,-1.1921288698046946,0.6603129806234728,1.1832185668974597,-0.3102002883934836,-0.42051466321152303,0.09149788042738796,0.09441001235832401,0.9955333995233415,-0.7729949150001408,0.6344122172404351,0
-1.6283906583391732,3,1.2351315279769222,-1.526612281282061,1,1969-12-31 23:59:59.999999999,-1.1571151564280564,1.1601798889387114,0.6583747159595755,-0.2165516570505261,-1.3540017169900538,2,4,-1.3344680501585335,-1.1206068517158096,-0.2806891498570081,-1.2325188173372392,-0.699142329015916,2,2,39,0.5056205829602307,-1.5013996522800717,-0.8798826901281196,0.0,-0.9843477128382041,-0.6123724356957944,0.8645482179242713,1.3547892668208548,-1.1921288698046946,-1.1913732075929888,1.9402955678785594,-1.4615760067158357,-0.42051466321152303,0.09149788042738796,0.1319849269748023,0.9912517233535869,-0.7729949150001408,0.6344122172404351,0
-1.6257663381806893,0,0.2650463722755346,1.162217059211769,2,1969-12-31 23:59:59.999999999,-1.1566867727576855,1.1601798889387114,-0.267136066858997,-1.388060621422225,0.5992105849960145,3,3,1.323644297228831,-0.7107261095000674,-0.4000197813785549,1.3309486072029573,-0.699142329015916,2,0,-18,0.6500836066631537,-1.5013996522800717,-0.8798826901281196,0.0,-0.9843477128382041,-0.6123724356957944,1.132322020188296,0.8637463480994606,0.6599535557222693,-1.1913732075929888,1.7888801676823396,-1.670917046410809,-0.42051466321152303,0.09149788042738796,0.16937107583020397,0.9855523520707153,-0.7729949150001408,0.6344122172404351,0
-1.6231420180222056,4,1.2351315279769222,1.5165589102845998,1,1969-12-31 23:59:59.999999999,-1.1567753328433874,-0.1677222234420293,-0.267136066858997,-0.4362095878702197,0.4131903657592461,2,2,-0.8776049904513302,1.2215688180884317,-0.5074173497479469,0.3190535712002482,-0.2666831564287514,2,1,68,0.7945466303660768,-1.5013996522800717,-0.8798826901281196,0.0,-0.9843477128382041,-0.6123724356957944,1.132322020188296,1.1315879401293119,-0.2660876570412127,0.6603129806234728,1.1832185668974597,-0.41487080824097017,1.0733891807582552,0.09149788042738796,0.2065149889942563,0.9784434369551989,-0.7729949150001408,0.6344122172404351,0
-1.620517697863722,0,0.5075676612008815,1.030207349988558,1,1969-12-31 23:59:59.999999999,-1.1562851630667137,-1.404044879796512,-1.1926468496775695,0.2227642045888609,0.8782409138511671,3,2,-0.5038079415999821,-0.4765085425196433,-0.841543118008278,1.6007872834703465,0.165776016158413,1,1,30,0.9390096540689998,-1.5013996522800717,-0.8798826901281196,0.0,-0.9843477128382041,-0.6123724356957944,-0.1619180240878234,1.1315879401293119,-0.2660876570412127,-0.2655301134847581,-0.17952003486852006,0.8411754299288685,-0.42051466321152303,0.09149788042738796,0.24336354298385784,0.9699351452269085,-0.7729949150001408,0.6344122172404351,0
-1.617893377705238,3,-1.238585619061616,0.6411261017517247,4,1969-12-31 23:59:59.999999999,-1.1565075930494058,1.572287441056872,0.6583747159595755,-1.3148413111489938,-1.5400219362268222,0,0,-1.4175340610143885,0.5189161171471592,-0.1136262657268426,0.4539729093339427,-1.1316015016030805,0,0,69,1.0834726777719228,-1.5013996522800717,-0.8798826901281196,0.0,-0.9843477128382041,-0.6123724356957944,-1.3669001342759346,-0.16297975468163606,-1.1921288698046946,-0.2655301134847581,0.04760306542580989,1.3645280291663013,-0.42051466321152303,0.09149788042738796,0.27986403674065413,0.9600396455038853,-0.7729949150001408,0.6344122172404351,0
-1.6152690575467543,3,0.0225250833501877,-1.3807068131932485,2,1969-12-31 23:59:59.999999999,-1.1559226845764,0.0154366886104866,0.6583747159595755,-1.5344992419686874,0.6922206946143987,2,6,-1.4175340610143885,3.388081312657355,-1.2472672651815369,1.1285696000024157,0.165776016158413,2,2,118,1.227935701474846,-1.5013996522800717,-0.8798826901281196,0.0,-0.9843477128382041,-0.6123724356957944,1.533982723584333,-1.3682669188159668,0.6599535557222693,-1.1913732075929888,0.04760306542580989,0.0038112711489760626,1.0733891807582552,0.09149788042738796,0.3159642670044579,0.9487710903986987,-0.7729949150001408,0.6344122172404351,0
-1.6126447373882706,4,-0.6080302678557142,-1.4988207635508588,2,1969-12-31 23:59:59.999999999,-1.1558732556913571,0.1985956006630025,1.583885498778148,-0.6558675186899132,-1.0749713881349012,1,2,-0.0054118764648512,0.9287968593629016,0.6739559023153661,-1.0301398101366974,-1.1316015016030805,0,1,42,1.372398725177769,-1.5013996522800717,-0.8798826901281196,0.0,-0.9843477128382041,-0.6123724356957944,0.01659784408819306,1.5333503281740888,0.6599535557222693,0.6603129806234728,0.04760306542580989,0.0038112711489760626,1.0733891807582552,-1.5604775497547658,0.35161260297471486,0.9361455962772808,-0.7729949150001408,0.6344122172404351,0
-1.6100204172297867,3,0.0225250833501877,0.2728884918132931,4,1969-12-31 23:59:59.999999999,-1.1396997125979913,1.1143901609255822,-0.267136066858997,1.7603697203267157,-0.3308905111878275,3,3,0.5760501995261347,0.4018073336569471,-0.6744802338781124,-0.8277608029361555,0.5982351887455776,1,1,19,1.516861748880692,-1.5013996522800717,-0.8798826901281196,0.0,-0.9843477128382041,-0.6123724356957944,0.19511371226420954,0.015581306671598155,1.5859947684857512,0.6603129806234728,0.04760306542580989,0.0038112711489760626,1.0733891807582552,0.09149788042738796,0.3867580601532345,0.9221812202091881,-0.7729949150001408,0.6344122172404351,0
-1.607396097071303,2,-0.6080302678557142,-1.012469203254817,0,1969-12-31 23:59:59.999999999,-1.1557002545937074,-0.5340400475470612,-0.267136066858997,-1.461279931695456,-0.4239006208062117,2,6,1.115979270089193,0.1090353749314169,-1.6052591597461772,0.8587309237350265,-1.564060674190245,2,1,1,1.661324772583615,-1.5013996522800717,-0.8798826901281196,0.0,-0.9843477128382041,-0.6123724356957944,1.0876930531442919,0.19414236802483237,-0.2660876570412127,1.5861560747317036,0.4261415659163598,-0.20552976854599705,1.0733891807582552,0.09149788042738796,0.4213503732625737,0.906897934142255,-0.7729949150001408,0.6344122172404351,0
-1.6047717769128194,3,0.5075676612008815,1.5304546691502008,2,1969-12-31 23:59:59.999999999,-1.1395946762172753,0.0154366886104866,-0.267136066858997,-0.8755254495096068,-0.8889511688981327,3,1,1.1990452809450485,0.7531336841275833,0.70975509177183,-1.2999784864040864,-1.1316015016030805,1,0,10,-1.661324772583615,-1.3810250445899785,-0.8798826901281196,0.0,-0.4783745894166973,-0.6123724356957944,-0.5189497604398564,1.0869476747910034,-0.2660876570412127,-0.2655301134847581,0.04760306542580989,0.0038112711489760626,-0.42051466321152303,-1.5604775497547658,-0.4213503732625737,0.906897934142255,-0.4163144622372215,0.9092206929740068,0
-1.6021474567543357,0,1.2351315279769222,-1.4362898486556537,3,1969-12-31 23:59:59.999999999,-1.1392177809688242,-1.5414140638358989,-0.267136066858997,1.6871504100534849,-1.1679814977532854,0,2,-0.9191379958792576,0.6945792923824773,0.1966333762291789,-0.692841464802461,1.0306943613327422,2,2,60,-1.516861748880692,-1.3810250445899785,-0.8798826901281196,0.0,-0.4783745894166973,-0.6123724356957944,0.01659784408819306,-0.5201018773881044,-0.2660876570412127,-0.2655301134847581,0.04760306542580989,0.0038112711489760626,-0.42051466321152303,-1.5604775497547658,-0.3867580601532345,0.9221812202091881,-0.4163144622372215,0.9092206929740068,0
-1.5995231365958518,0,0.5075676612008815,-0.92909465006121,4,1969-12-31 23:59:59.999999999,-1.1394072583614885,-1.5414140638358989,-1.1926468496775695,1.028176617594404,0.2271701465224777,2,5,-1.4590670664423162,1.1044600345982196,0.8648849127498409,1.0611099309355685,-0.2666831564287514,0,0,80,-1.372398725177769,-1.3810250445899785,-0.8798826901281196,0.0,-0.4783745894166973,-0.6123724356957944,-1.500787035407947,0.015581306671598155,-0.2660876570412127,-0.2655301134847581,0.04760306542580989,0.0038112711489760626,-1.9144185071813014,0.09149788042738796,-0.35161260297471486,0.9361455962772808,-0.4163144622372215,0.9092206929740068,0
-1.596898816437368,0,-1.1900813612765468,-1.304280139432442,2,1969-12-31 23:59:59.999999999,-1.1388758978472786,0.7480723368205504,-0.267136066858997,-0.948744759782838,0.5062004753776304,2,2,1.4482433135126136,-0.2422909755392192,-1.1518027599642997,-0.8952204720030028,-0.2666831564287514,1,1,-13,-1.227935701474846,-1.3810250445899785,-0.8798826901281196,0.0,-0.4783745894166973,-0.6123724356957944,-1.500787035407947,-1.5021877148308926,-1.1921288698046946,-0.2655301134847581,-1.2394278362420599,0.945845949776355,-0.42051466321152303,0.09149788042738796,-0.3159642670044579,0.9487710903986987,-0.4163144622372215,0.9092206929740068,0
-1.5942744962788842,0,-1.1900813612765468,-0.3524206571387605,0,1969-12-31 23:59:59.999999999,-1.138816171277852,1.0686004329124532,0.6583747159595755,1.4674924792337911,-0.3308905111878275,2,6,-1.3344680501585335,-0.1251821920490071,0.972282481119233,-1.5698171626714756,-1.564060674190245,2,2,56,-1.0834726777719228,-1.3810250445899785,-0.8798826901281196,0.0,-0.4783745894166973,-0.6123724356957944,0.730661316792259,-1.5021877148308926,-0.2660876570412127,-1.1913732075929888,0.19901846562202985,1.1551869894713283,-0.42051466321152303,0.09149788042738796,-0.27986403674065413,0.9600396455038853,-0.4163144622372215,0.9092206929740068,0
-1.5916501761204005,2,-0.6080302678557142,-0.1648279124531444,2,1969-12-31 23:59:59.999999999,-1.1385834436107756,1.4807079850306142,-0.267136066858997,0.7352993765014793,1.0642611330879357,3,5,1.5728423297963965,0.284698550166735,-1.2114680757250729,0.1841342330665536,0.5982351887455776,0,2,-7,-0.9390096540689998,-1.3810250445899785,-0.8798826901281196,0.0,-0.4783745894166973,-0.6123724356957944,1.0430640861002878,0.7298255520845349,0.6599535557222693,-0.2655301134847581,1.8645878677804495,-1.2522349670208626,-0.42051466321152303,0.09149788042738796,-0.24336354298385784,0.9699351452269085,-0.4163144622372215,0.9092206929740068,0
-1.5890258559619168,1,1.2351315279769222,-0.4010558131683646,1,1969-12-31 23:59:59.999999999,-1.13836307316496,-1.129306511717738,0.6583747159595755,0.5888607559550169,-1.1679814977532854,1,4,-0.8776049904513302,-0.2422909755392192,0.1489011236205602,0.3190535712002482,0.165776016158413,0,0,43,-0.7945466303660768,-1.3810250445899785,-0.8798826901281196,0.0,-0.4783745894166973,-0.6123724356957944,1.4447247894963249,1.0423074094526947,-0.2660876570412127,0.6603129806234728,0.8046800664069097,1.1551869894713283,1.0733891807582552,0.09149788042738796,-0.2065149889942563,0.9784434369551989,-0.4163144622372215,0.9092206929740068,0
-1.586401535803433,4,0.1195335989203264,-1.2070098273732337,3,1969-12-31 23:59:59.999999999,-1.137996475600893,0.3359647847023895,-0.267136066858997,0.7352993765014793,1.5293116811798566,1,2,-1.5006000718702437,0.4603617254020531,-0.2329568972483894,-0.8277608029361555,-1.564060674190245,0,0,70,-0.6500836066631537,-1.3810250445899785,-0.8798826901281196,0.0,-0.4783745894166973,-0.6123724356957944,-1.09912633201191,1.4440697974974717,0.6599535557222693,-0.2655301134847581,0.4261415659163598,0.945845949776355,-0.42051466321152303,0.09149788042738796,-0.16937107583020397,0.9855523520707153,-0.4163144622372215,0.9092206929740068,0
-1.5837772156449492,0,-0.2199962055751591,0.516064271961314,4,1969-12-31 23:59:59.999999999,-1.1375474965617545,1.5264977130437432,1.583885498778148,-1.0951833803293003,0.6922206946143987,1,6,0.6175832049540623,-1.1791612434609158,0.4591607655765818,-0.3555431194682246,-0.699142329015916,2,1,-9,-0.5056205829602307,-1.3810250445899785,-0.8798826901281196,0.0,-0.4783745894166973,-0.6123724356957944,0.3290006133962219,-1.1004253267861157,-0.2660876570412127,0.6603129806234728,0.4261415659163598,0.945845949776355,1.0733891807582552,0.09149788042738796,-0.1319849269748023,0.9912517233535869,-0.4163144622372215,0.9092206929740068,0
-1.5811528954864655,3,-0.6080302678557142,-0.7831891819723974,1,1969-12-31 23:59:59.999999999,-1.137325066579062,1.618077169070001,-1.1926468496775695,1.540711789507022,0.5062004753776304,0,2,0.3268521669585693,-1.0620524599707035,-0.2926222130091628,1.5333276144034993,-0.2666831564287514,0,0,0,-0.36115755925730764,-1.3810250445899785,-0.8798826901281196,0.0,-0.4783745894166973,-0.6123724356957944,1.489353756540329,0.328063164039758,1.5859947684857512,-0.2655301134847581,1.9402955678785594,-0.41487080824097017,-0.42051466321152303,1.7434733106095417,-0.09441001235832401,0.9955333995233415,-0.4163144622372215,0.9092206929740068,0
-1.5785285753279816,0,1.2351315279769222,-1.304280139432442,0,1969-12-31 23:59:59.999999999,-1.137325066579062,-0.946147599665222,-1.1926468496775695,-0.0701130365040637,-1.2609916073716696,2,2,1.2821112918009034,-0.5936173260098554,-0.0658940131182239,-0.692841464802461,1.4631535339199069,0,0,-15,-0.21669453555438456,-1.3810250445899785,-0.8798826901281196,0.0,-0.4783745894166973,-0.6123724356957944,1.5786116906283372,1.4887100628357803,-1.1921288698046946,1.5861560747317036,1.2589262669955696,1.2598575093188147,-0.42051466321152303,1.7434733106095417,-0.056700071885147196,0.9983912568969238,-0.4163144622372215,0.9092206929740068,0
-1.575904255169498,3,1.2351315279769222,0.9398849173621504,1,1969-12-31 23:59:59.999999999,-1.1374156862016405,1.2975490729780983,-0.267136066858997,1.101395927867635,-1.447011826608438,1,6,-0.9606710013071852,0.8702424676177954,-0.1613585183354613,1.1960292690692629,0.5982351887455776,2,0,64,-0.07223151185146152,-1.3810250445899785,-0.8798826901281196,0.0,-0.4783745894166973,-0.6123724356957944,-0.9206104638358934,1.5779905935123975,-1.1921288698046946,-1.1913732075929888,1.1075108667993496,1.1551869894713283,-0.42051466321152303,0.09149788042738796,-0.01890903857456981,0.9998212081468293,-0.4163144622372215,0.9092206929740068,0
-1.5732799350110145,3,-0.6080302678557142,-1.012469203254817,1,1969-12-31 23:59:59.999999999,-1.1369893620681466,-0.946147599665222,-0.267136066858997,0.0763255840423986,1.2502813523247038,1,5,-0.6699399633116924,-1.3548244186962335,-1.2592003283336917,1.6007872834703465,1.4631535339199069,1,0,19,0.07223151185146152,-1.3810250445899785,-0.8798826901281196,0.0,-0.4783745894166973,-0.6123724356957944,1.2662089213203085,-0.9218642654328814,-0.2660876570412127,-1.1913732075929888,-0.33093543506474005,0.945845949776355,-0.42051466321152303,0.09149788042738796,0.01890903857456981,0.9998212081468293,-0.4163144622372215,0.9092206929740068,0
-1.5706556148525304,0,0.0225250833501877,0.6480739811845253,0,1969-12-31 23:59:59.999999999,-1.1368287181917576,0.9312312488730664,-0.267136066858997,0.3692028251353233,0.6922206946143987,2,1,1.406710308084686,-0.1251821920490071,1.5450695124226574,1.1960292690692629,1.4631535339199069,0,0,-10,0.21669453555438456,-1.3810250445899785,-0.8798826901281196,0.0,-0.4783745894166973,-0.6123724356957944,-0.9206104638358934,1.2655087361442376,-0.2660876570412127,-0.2655301134847581,0.7289723663087997,0.6318343902338954,-0.42051466321152303,-1.5604775497547658,0.056700071885147196,0.9983912568969238,-0.4163144622372215,0.9092206929740068,0
-1.568031294694047,2,2.399233714818587,-1.081947997582823,1,1969-12-31 23:59:59.999999999,-1.1365197876602404,0.1528058726498735,-1.1926468496775695,1.6139310997802534,0.7852308042327829,0,3,0.160720145246859,-0.8863892847353856,-1.5336607808332492,-0.6253817957356137,-1.1316015016030805,2,1,7,0.36115755925730764,-1.3810250445899785,-0.8798826901281196,0.0,-0.4783745894166973,-0.6123724356957944,0.9091771849682755,-0.9218642654328814,-0.2660876570412127,-0.2655301134847581,0.12331076552391987,0.10848179099646262,-0.42051466321152303,0.09149788042738796,0.09441001235832401,0.9955333995233415,-0.4163144622372215,0.9092206929740068,0
-1.565406974535563,3,1.2351315279769222,0.3562630450069002,4,1969-12-31 23:59:59.999999999,-1.136618645430326,-0.6256195035733192,-0.267136066858997,-1.388060621422225,0.2271701465224777,3,2,1.489776318940541,-0.4765085425196433,-0.3164883393134721,1.26348893813611,-1.564060674190245,1,2,-18,0.5056205829602307,-1.3810250445899785,-0.8798826901281196,0.0,-0.4783745894166973,-0.6123724356957944,0.1504847452202054,0.9083866134377692,-1.1921288698046946,-0.2655301134847581,0.27472616572013986,-0.3102002883934836,-0.42051466321152303,0.09149788042738796,0.1319849269748023,0.9912517233535869,-0.4163144622372215,0.9092206929740068,0
-1.562782654377079,3,-1.1900813612765468,-0.859615855733204,2,1969-12-31 23:59:59.999999999,-1.1361243565798984,1.572287441056872,-0.267136066858997,0.5888607559550169,1.0642611330879357,3,0,-0.9191379958792576,0.9873512511080076,1.7001993334006682,-0.4904624576019191,-0.2666831564287514,0,0,65,0.6500836066631537,-1.3810250445899785,-0.8798826901281196,0.0,-0.4783745894166973,-0.6123724356957944,-0.6082076945278646,0.1495021026865238,-0.2660876570412127,-1.1913732075929888,0.6532646662106898,0.4224933505389223,-0.42051466321152303,0.09149788042738796,0.16937107583020397,0.9855523520707153,-0.4163144622372215,0.9092206929740068,0
-1.5601583342185954,0,-0.6080302678557142,-0.2412545862139509,1,1969-12-31 23:59:59.999999999,-1.1361161184323911,0.7480723368205504,-1.1926468496775695,0.0031062737691674,-0.9819612785165168,3,4,1.1575122755171203,0.9873512511080076,0.1608341867727149,1.3309486072029573,1.4631535339199069,2,2,15,0.7945466303660768,-1.3810250445899785,-0.8798826901281196,0.0,-0.4783745894166973,-0.6123724356957944,1.533982723584333,-0.6093824080647215,-0.2660876570412127,-0.2655301134847581,0.9560954666031297,0.4224933505389223,-0.42051466321152303,0.09149788042738796,0.2065149889942563,0.9784434369551989,-0.4163144622372215,0.9092206929740068,0
-1.5575340140601115,3,1.2351315279769222,0.6341782223189241,4,1969-12-31 23:59:59.999999999,-1.1355847579181817,-0.2593016794682873,-0.267136066858997,-0.8023061392363756,1.4363015715614724,2,6,-1.7082650990098815,-0.4179541507745373,-0.6625471707259578,0.049214894932859,-0.699142329015916,2,2,60,0.9390096540689998,-1.3810250445899785,-0.8798826901281196,0.0,-0.4783745894166973,-0.6123724356957944,0.730661316792259,1.5333503281740888,-1.1921288698046946,-0.2655301134847581,1.1832185668974597,0.0038112711489760626,-0.42051466321152303,-1.5604775497547658,0.24336354298385784,0.9699351452269085,-0.4163144622372215,0.9092206929740068,0
-1.5549096939016278,3,0.5075676612008815,1.1830606975101712,2,1969-12-31 23:59:59.999999999,-1.1355312099593853,1.1601798889387114,-1.1926468496775695,0.5156414456817857,-0.7959410592797486,0,2,-1.1268030230188957,0.6945792923824773,-0.8654092443125873,-1.5023574936046282,1.0306943613327422,0,0,65,1.0834726777719228,-1.3810250445899785,-0.8798826901281196,0.0,-0.4783745894166973,-0.6123724356957944,-0.25117595817583166,0.7298255520845349,-0.2660876570412127,-1.1913732075929888,0.9560954666031297,-0.41487080824097017,-1.9144185071813014,-1.5604775497547658,0.27986403674065413,0.9600396455038853,-0.4163144622372215,0.9092206929740068,0
-1.552285373743144,0,0.0225250833501877,-0.6164400755851831,2,1969-12-31 23:59:59.999999999,-1.1353108395135696,-1.220885967743996,-0.267136066858997,0.0031062737691674,-0.0518601823326749,2,3,-0.5038079415999821,0.1090353749314169,0.4114285129679632,0.2515939021334009,1.4631535339199069,1,0,40,1.227935701474846,-1.3810250445899785,-0.8798826901281196,0.0,-0.4783745894166973,-0.6123724356957944,1.132322020188296,-0.2522602853582531,-1.1921288698046946,-0.2655301134847581,-0.17952003486852006,0.6318343902338954,-1.9144185071813014,-1.5604775497547658,0.3159642670044579,0.9487710903986987,-0.4163144622372215,0.9092206929740068,0
-1.5496610535846602,0,-1.1900813612765468,-1.443237728088454,1,1969-12-31 23:59:59.999999999,-1.1352902441448018,1.1143901609255822,1.583885498778148,-1.6077185522419186,-0.7959410592797486,3,1,0.3683851723864969,-1.0620524599707035,1.4615380703575749,-1.2325188173372392,0.165776016158413,1,2,-1,1.372398725177769,-1.3810250445899785,-0.8798826901281196,0.0,-0.4783745894166973,-0.6123724356957944,-1.1883842660999182,1.1315879401293119,-0.2660876570412127,-1.1913732075929888,0.5775569661125798,0.945845949776355,-0.42051466321152303,0.09149788042738796,0.35161260297471486,0.9361455962772808,-0.4163144622372215,0.9092206929740068,0
-1.5470367334261763,4,0.0225250833501877,-1.1375310330452275,4,1969-12-31 23:59:59.999999999,-1.1191146415145592,1.2975490729780983,0.6583747159595755,0.0031062737691674,-0.7029309496613644,1,6,1.5313093243684688,-1.0034980682255976,-1.5575269071375586,1.3309486072029573,-0.2666831564287514,1,1,-28,1.516861748880692,-1.3810250445899785,-0.8798826901281196,0.0,-0.4783745894166973,-0.6123724356957944,1.0876930531442919,-1.1897058574627326,1.5859947684857512,-0.2655301134847581,0.6532646662106898,1.0505164696238416,1.0733891807582552,0.09149788042738796,0.3867580601532345,0.9221812202091881,-0.4163144622372215,0.9092206929740068,0
-1.5444124132676929,2,0.0225250833501877,-1.220905586238835,1,1969-12-31 23:59:59.999999999,-1.11924851141155,0.8396517928468084,-1.1926468496775695,-0.2165516570505261,1.3432914619430882,1,2,-0.5868739524558372,0.9873512511080076,-1.12793663365999,-0.4904624576019191,-1.1316015016030805,0,2,57,1.661324772583615,-1.3810250445899785,-0.8798826901281196,0.0,-0.4783745894166973,-0.6123724356957944,1.2662089213203085,1.0869476747910034,0.6599535557222693,1.5861560747317036,1.7888801676823396,-1.5662465265633223,1.0733891807582552,0.09149788042738796,0.4213503732625737,0.906897934142255,-0.4163144622372215,0.9092206929740068,0
-1.541788093109209,2,0.5075676612008815,0.6967091372141294,0,1969-12-31 23:59:59.999999999,-1.118861318478715,-0.9003578716520931,-0.267136066858997,0.2959835148620921,-1.0749713881349012,1,4,-1.376001055586461,1.2801232098335376,-0.6625471707259578,0.2515939021334009,-0.2666831564287514,0,1,81,-1.661324772583615,-1.2606504368998852,-0.8798826901281196,0.0,0.02759853400480953,-0.6123724356957944,0.8199192508802672,1.2655087361442376,-1.1921288698046946,0.6603129806234728,0.7289723663087997,0.5271638703864089,-0.42051466321152303,0.09149788042738796,-0.4213503732625737,0.906897934142255,0.02476985258885596,0.9996931801321475,0
-1.5391637729507253,3,-0.7050387834258529,1.1830606975101712,2,1969-12-31 23:59:59.999999999,-1.1188448421837007,-1.358255151783383,-1.1926468496775695,1.101395927867635,-0.7029309496613644,3,0,-0.71147296873962,1.2801232098335376,0.3517631972071898,0.9261905928018735,-0.699142329015916,1,2,65,-1.516861748880692,-1.2606504368998852,-0.8798826901281196,0.0,0.02759853400480953,-0.6123724356957944,-0.8759814967918893,0.819106082761152,-0.2660876570412127,-1.1913732075929888,-0.7851816356533999,0.5271638703864089,-1.9144185071813014,-1.5604775497547658,-0.3867580601532345,0.9221812202091881,0.02476985258885596,0.9996931801321475,0
-1.5365394527922416,2,0.5075676612008815,-1.4501856075212545,1,1969-12-31 23:59:59.999999999,-1.1184535301771124,1.2059696169518404,-0.267136066858997,-1.461279931695456,-0.1448702919510591,0,6,-0.3376759198882718,-0.0666278003039011,1.4734711335097297,0.3190535712002482,0.165776016158413,1,0,33,-1.372398725177769,-1.2606504368998852,-0.8798826901281196,0.0,0.02759853400480953,-0.6123724356957944,-1.3222711672319305,-0.8772240000945728,-1.1921288698046946,-0.2655301134847581,-0.55805853535907,1.0505164696238416,-1.9144185071813014,0.09149788042738796,-0.35161260297471486,0.9361455962772808,0.02476985258885596,0.9996931801321475,0
-1.5339151326337577,3,-1.1900813612765468,-1.012469203254817,2,1969-12-31 23:59:59.999999999,-1.1182867076900929,0.0154366886104866,1.583885498778148,-1.1684026906025315,0.2271701465224777,3,2,0.0776541343910038,1.0459056428531135,0.2204995025334883,-1.3674381554709338,0.165776016158413,1,1,42,-1.227935701474846,-1.2606504368998852,-0.8798826901281196,0.0,0.02759853400480953,-0.6123724356957944,1.1769509872323,-1.3236266534776584,-0.2660876570412127,-1.1913732075929888,0.04760306542580989,0.0038112711489760626,-0.42051466321152303,0.09149788042738796,-0.3159642670044579,0.9487710903986987,0.02476985258885596,0.9996931801321475,0
-1.531290812475274,4,1.2351315279769222,-0.5122218840931742,4,1969-12-31 23:59:59.999999999,-1.118257874173818,0.2901750566892605,1.583885498778148,1.6871504100534849,1.6223217907982408,2,5,1.5313093243684688,0.0504809831863109,1.1035461757929343,0.993650261868721,-1.564060674190245,1,2,-10,-1.0834726777719228,-1.2606504368998852,-0.8798826901281196,0.0,0.02759853400480953,-0.6123724356957944,0.01659784408819306,1.1762282054676205,1.5859947684857512,-0.2655301134847581,0.04760306542580989,0.0038112711489760626,1.0733891807582552,0.09149788042738796,-0.27986403674065413,0.9600396455038853,0.02476985258885596,0.9996931801321475,0
-1.5286664923167903,0,0.0225250833501877,-0.5122218840931742,3,1969-12-31 23:59:59.999999999,-1.1175926437626176,-0.5340400475470612,0.6583747159595755,0.2959835148620921,-0.4239006208062117,0,1,-0.3792089253161994,-0.2422909755392192,1.0558139231843158,1.6682469525371937,-0.2666831564287514,2,1,31,-0.9390096540689998,-1.2606504368998852,-0.8798826901281196,0.0,0.02759853400480953,-0.6123724356957944,0.2843716463522178,0.015581306671598155,1.5859947684857512,1.5861560747317036,0.04760306542580989,0.0038112711489760626,2.5672930247280337,-1.5604775497547658,-0.24336354298385784,0.9699351452269085,0.02476985258885596,0.9996931801321475,0
-1.5260421721583064,0,1.2351315279769222,-0.6372837138835848,1,1969-12-31 23:59:59.999999999,-1.1173557970217878,-0.5340400475470612,-1.1926468496775695,0.2227642045888609,1.5293116811798566,1,0,-0.4622749361720545,0.3432529419118411,-1.68879060181126,-1.3674381554709338,-1.1316015016030805,0,0,43,-0.7945466303660768,-1.2606504368998852,-0.8798826901281196,0.0,0.02759853400480953,-0.6123724356957944,-0.5189497604398564,0.28342289870144943,0.6599535557222693,1.5861560747317036,-0.40664313516285,-0.9382234074784029,1.0733891807582552,1.7434733106095417,-0.2065149889942563,0.9784434369551989,0.02476985258885596,0.9996931801321475,0
-1.5234178519998227,0,0.0225250833501877,-1.1931140685076325,1,1969-12-31 23:59:59.999999999,-1.117796537913419,0.7938620648336794,1.583885498778148,-0.2165516570505261,-0.6099208400429801,0,6,1.614375335224324,1.2215688180884317,1.5331364492705029,-0.0182447741339881,-1.564060674190245,1,1,8,-0.6500836066631537,-1.2606504368998852,-0.8798826901281196,0.0,0.02759853400480953,-0.6123724356957944,-0.5189497604398564,-0.5201018773881044,-1.1921288698046946,0.6603129806234728,-0.10381233477041008,-0.3102002883934836,1.0733891807582552,0.09149788042738796,-0.16937107583020397,0.9855523520707153,0.02476985258885596,0.9996931801321475,0
-1.520793531841339,2,-1.2870898768466854,-1.665569869938073,2,1969-12-31 23:59:59.999999999,-1.1170468664902704,0.4275442407286475,-1.1926468496775695,1.540711789507022,-0.4239006208062117,0,2,0.2437861561027141,-0.7107261095000674,0.8171526601412221,-0.8277608029361555,1.4631535339199069,2,0,8,-0.5056205829602307,-1.2606504368998852,-0.8798826901281196,0.0,0.02759853400480953,-0.6123724356957944,0.7752902838362631,-0.5201018773881044,1.5859947684857512,-1.1913732075929888,0.3504338658182498,-0.5195413280884568,-0.42051466321152303,1.7434733106095417,-0.1319849269748023,0.9912517233535869,0.02476985258885596,0.9996931801321475,0
-1.5181692116828551,4,-1.1900813612765468,0.4952206336629122,4,1969-12-31 23:59:59.999999999,-1.1168079602125638,-0.3050914074814163,0.6583747159595755,0.0031062737691674,-0.3308905111878275,3,0,-0.0054118764648512,-1.881813944402188,-0.7102794233345765,1.1960292690692629,1.0306943613327422,1,0,-6,-0.36115755925730764,-1.2606504368998852,-0.8798826901281196,0.0,0.02759853400480953,-0.6123724356957944,0.41825854748423014,0.7744658174228435,-1.1921288698046946,1.5861560747317036,0.5018492660144698,-0.8335528876309164,-0.42051466321152303,1.7434733106095417,-0.09441001235832401,0.9955333995233415,0.02476985258885596,0.9996931801321475,0
-1.5155448915243714,2,0.5075676612008815,-1.4640813663868557,0,1969-12-31 23:59:59.999999999,-1.1166040660617624,-0.0303530394026423,-1.1926468496775695,0.0031062737691674,0.6922206946143987,0,5,0.2437861561027141,1.2801232098335376,-0.6983463601824218,0.1841342330665536,-0.2666831564287514,1,1,42,-0.21669453555438456,-1.2606504368998852,-0.8798826901281196,0.0,0.02759853400480953,-0.6123724356957944,-0.29580492521983576,0.4173436947163751,0.6599535557222693,-1.1913732075929888,0.04760306542580989,-1.2522349670208626,-1.9144185071813014,0.09149788042738796,-0.056700071885147196,0.9983912568969238,0.02476985258885596,0.9996931801321475,0
-1.5129205713658878,2,-0.6080302678557142,0.3076278889772961,4,1969-12-31 23:59:59.999999999,-1.116534041807952,-0.4424605915208032,0.6583747159595755,1.3210538586873286,1.6223217907982408,3,6,-0.9191379958792576,-0.6521717177549614,1.5092703229661937,-0.6253817957356137,-1.1316015016030805,2,0,37,-0.07223151185146152,-1.2606504368998852,-0.8798826901281196,0.0,0.02759853400480953,-0.6123724356957944,-0.028031122955811057,-0.2969005506965617,-1.1921288698046946,0.6603129806234728,-0.40664313516285,-1.670917046410809,-0.42051466321152303,0.09149788042738796,-0.01890903857456981,0.9998212081468293,0.02476985258885596,0.9996931801321475,0
-1.510296251207404,4,-1.1900813612765468,-1.116687394746826,1,1969-12-31 23:59:59.999999999,-1.116626720967407,0.7022826088074214,-1.1926468496775695,-0.948744759782838,-0.2378804015694433,2,0,0.0361211289630763,-1.2377156352060217,-1.0682713178992167,-0.8952204720030028,-1.1316015016030805,1,0,4,0.07223151185146152,-1.2606504368998852,-0.8798826901281196,0.0,0.02759853400480953,-0.6123724356957944,-0.4296918263518481,-0.029058958666710395,0.6599535557222693,-1.1913732075929888,0.12331076552391987,-0.7288823677834299,-0.42051466321152303,0.09149788042738796,0.01890903857456981,0.9998212081468293,0.02476985258885596,0.9996931801321475,0
-1.5076719310489202,4,1.2351315279769222,-1.3876546926260491,0,1969-12-31 23:59:59.999999999,-1.1159738477774672,-0.946147599665222,-0.267136066858997,0.5156414456817857,-0.4239006208062117,0,6,1.1990452809450485,1.3386776015786437,0.2085664393813336,-0.3555431194682246,-0.2666831564287514,1,0,20,0.21669453555438456,-1.2606504368998852,-0.8798826901281196,0.0,0.02759853400480953,-0.6123724356957944,0.6860323497482549,-0.43082134671148736,-1.1921288698046946,0.6603129806234728,-0.40664313516285,-0.1008592486985105,-0.42051466321152303,0.09149788042738796,0.056700071885147196,0.9983912568969238,0.02476985258885596,0.9996931801321475,0
-1.5050476108904365,4,-0.6080302678557142,1.030207349988558,4,1969-12-31 23:59:59.999999999,-1.1161221344325956,-0.0761427674157713,0.6583747159595755,1.39427316896056,-0.4239006208062117,0,6,1.032913259233338,0.4603617254020531,-0.5909487918130297,-1.3674381554709338,-0.2666831564287514,2,1,9,0.36115755925730764,-1.2606504368998852,-0.8798826901281196,0.0,0.02759853400480953,-0.6123724356957944,-0.9206104638358934,0.6851852867462264,-0.2660876570412127,-1.1913732075929888,-0.17952003486852006,-0.20552976854599705,-0.42051466321152303,0.09149788042738796,0.09441001235832401,0.9955333995233415,0.02476985258885596,0.9996931801321475,0
-1.5024232907319526,4,-0.6080302678557142,-0.9568861677924124,3,1969-12-31 23:59:59.999999999,-1.1159738477774672,1.709656625096259,0.6583747159595755,-0.948744759782838,1.2502813523247038,0,0,1.5313093243684688,-0.3593997590294313,1.4376719440532653,-0.2880834504013773,-0.699142329015916,2,0,-17,0.5056205829602307,-1.2606504368998852,-0.8798826901281196,0.0,0.02759853400480953,-0.6123724356957944,-0.07266008999981517,-0.9218642654328814,0.6599535557222693,-0.2655301134847581,0.3504338658182498,1.0505164696238416,1.0733891807582552,0.09149788042738796,0.1319849269748023,0.9912517233535869,0.02476985258885596,0.9996931801321475,0
-1.499798970573469,0,0.5075676612008815,-1.6794656288036742,2,1969-12-31 23:59:59.999999999,-1.1157061079834856,-0.4424605915208032,-1.1926468496775695,0.2959835148620921,-0.6099208400429801,1,6,2.3204364274990925,0.4603617254020531,0.1369680604684056,-1.5023574936046282,-1.1316015016030805,2,2,-22,0.6500836066631537,-1.2606504368998852,-0.8798826901281196,0.0,0.02759853400480953,-0.6123724356957944,1.6678696247163454,-0.07369922400501895,0.6599535557222693,0.6603129806234728,0.6532646662106898,0.5271638703864089,-0.42051466321152303,0.09149788042738796,0.16937107583020397,0.9855523520707153,0.02476985258885596,0.9996931801321475,0
-1.4971746504149852,1,0.0225250833501877,-1.2625928628356384,4,1969-12-31 23:59:59.999999999,-1.115506332906438,-0.6714092315864482,0.6583747159595755,-0.6558675186899132,-0.9819612785165168,3,5,-0.0469448818927788,0.6360249006373713,-0.8892753706168967,-0.4904624576019191,1.4631535339199069,2,0,38,0.7945466303660768,-1.2606504368998852,-0.8798826901281196,0.0,0.02759853400480953,-0.6123724356957944,-0.4296918263518481,1.6672711241890146,-1.1921288698046946,0.6603129806234728,0.3504338658182498,0.945845949776355,-0.42051466321152303,0.09149788042738796,0.2065149889942563,0.9784434369551989,0.02476985258885596,0.9996931801321475,0
-1.4945503302565013,1,-1.1900813612765468,0.1895139386196859,4,1969-12-31 23:59:59.999999999,-1.1149131862859247,-0.6714092315864482,-1.1926468496775695,1.1746152381408663,-0.7959410592797486,3,0,-1.4590670664423162,1.2215688180884317,2.9173717749204453,0.8587309237350265,-1.564060674190245,2,2,82,0.9390096540689998,-1.2606504368998852,-0.8798826901281196,0.0,0.02759853400480953,-0.6123724356957944,-0.6528366615718687,-0.43082134671148736,0.6599535557222693,-1.1913732075929888,-0.93659703584962,-1.7755875662582954,-0.42051466321152303,0.09149788042738796,0.24336354298385784,0.9699351452269085,0.02476985258885596,0.9996931801321475,0
-1.4919260100980176,4,-0.6080302678557142,-0.4357952103323676,3,1969-12-31 23:59:59.999999999,-1.114684577692602,1.2059696169518404,0.6583747159595755,-1.5344992419686874,-0.6099208400429801,1,2,0.0361211289630763,1.1044600345982196,0.4472277024244271,1.5333276144034993,0.165776016158413,1,1,44,1.0834726777719228,-1.2606504368998852,-0.8798826901281196,0.0,0.02759853400480953,-0.6123724356957944,-0.6528366615718687,-0.6540226734030301,-1.1921288698046946,0.6603129806234728,-0.028104634672300097,0.31782283069143574,-0.42051466321152303,0.09149788042738796,0.27986403674065413,0.9600396455038853,0.02476985258885596,0.9996931801321475,0
-1.489301689939534,1,0.5075676612008815,-0.1300885152891414,1,1969-12-31 23:59:59.999999999,-1.114515695668706,1.0228107048993242,-1.1926468496775695,-0.4362095878702197,-1.1679814977532854,3,3,1.115979270089193,0.0504809831863109,-0.984739875834134,0.993650261868721,1.0306943613327422,0,2,0,1.227935701474846,-1.2606504368998852,-0.8798826901281196,0.0,0.02759853400480953,-0.6123724356957944,1.1769509872323,-0.6540226734030301,0.6599535557222693,-1.1913732075929888,0.8803877665050197,0.21315231084394917,-0.42051466321152303,0.09149788042738796,0.3159642670044579,0.9487710903986987,0.02476985258885596,0.9996931801321475,0
-1.48667736978105,1,0.0225250833501877,-1.6447262316396711,2,1969-12-31 23:59:59.999999999,-1.114523933816213,1.3433388009912273,1.583885498778148,0.3692028251353233,-0.1448702919510591,2,0,0.1191871398189314,-0.5936173260098554,-1.6291252860504866,-1.1650591482703918,-0.2666831564287514,2,0,13,1.372398725177769,-1.2606504368998852,-0.8798826901281196,0.0,0.02759853400480953,-0.6123724356957944,0.9984351190562837,1.1762282054676205,-1.1921288698046946,0.6603129806234728,2.0160032679766693,-1.7755875662582954,-0.42051466321152303,0.09149788042738796,0.35161260297471486,0.9361455962772808,0.02476985258885596,0.9996931801321475,0
-1.4840530496225663,4,0.5075676612008815,-0.9707819266580134,4,1969-12-31 23:59:59.999999999,-1.0984162959029042,-1.5872037918490278,-0.267136066858997,1.3210538586873286,1.0642611330879357,1,5,-0.2546099090324166,-0.1251821920490071,-1.1637358231164543,0.1166745639997063,1.4631535339199069,0,0,30,1.516861748880692,-1.2606504368998852,-0.8798826901281196,0.0,0.02759853400480953,-0.6123724356957944,1.3108378883643126,0.9976671441143863,1.5859947684857512,-1.1913732075929888,0.4261415659163598,1.5738690688612744,-0.42051466321152303,0.09149788042738796,0.3867580601532345,0.9221812202091881,0.02476985258885596,0.9996931801321475,0
-1.4814287294640829,1,-2.402687805903281,-1.6169347139084689,0,1969-12-31 23:59:59.999999999,-1.0986387258855963,0.0154366886104866,-1.1926468496775695,0.4424221354085545,1.4363015715614724,3,5,-0.0469448818927788,0.5774705088922653,-0.0181617605096052,0.52143257840079,0.5982351887455776,1,0,37,1.661324772583615,-1.2606504368998852,-0.8798826901281196,0.0,0.02759853400480953,-0.6123724356957944,-1.5454160024519512,1.310149001482546,-0.2660876570412127,1.5861560747317036,0.04760306542580989,0.0038112711489760626,-0.42051466321152303,0.09149788042738796,0.4213503732625737,0.906897934142255,0.02476985258885596,0.9996931801321475,0
-1.4788044093055988,2,0.0225250833501877,-1.1931140685076325,4,1969-12-31 23:59:59.999999999,-1.0982824260059134,0.6107031527811635,1.583885498778148,-0.2897709673237573,1.4363015715614724,2,5,0.5760501995261347,-0.4179541507745373,-0.94894068637767,1.3309486072029573,-1.564060674190245,2,0,5,-1.661324772583615,-1.140275829209792,-0.8798826901281196,0.0,0.5335716574263164,-0.6123724356957944,0.01659784408819306,-1.546827980169201,-1.1921288698046946,-0.2655301134847581,0.04760306542580989,0.0038112711489760626,1.0733891807582552,0.09149788042738796,-0.4213503732625737,0.906897934142255,0.46083231155626464,0.887487228429632,0
-1.476180089147115,3,0.5075676612008815,-1.0611043592844212,2,1969-12-31 23:59:59.999999999,-1.09804146019133,-0.5340400475470612,-1.1926468496775695,0.1495448943156297,-1.5400219362268222,3,2,-0.0884778873207064,-0.5350629342647494,-0.0181617605096052,0.049214894932859,1.4631535339199069,0,0,19,-1.516861748880692,-1.140275829209792,-0.8798826901281196,0.0,0.5335716574263164,-0.6123724356957944,0.5967744156602466,0.015581306671598155,1.5859947684857512,-1.1913732075929888,0.04760306542580989,0.0038112711489760626,-0.42051466321152303,1.7434733106095417,-0.3867580601532345,0.9221812202091881,0.46083231155626464,0.887487228429632,0
-1.4735557689886314,3,-0.6080302678557142,-0.1161927564235402,4,1969-12-31 23:59:59.999999999,-1.0976007192996986,-1.220885967743996,0.6583747159595755,-0.582648208416682,-1.1679814977532854,1,2,1.2821112918009034,-0.1251821920490071,-0.4238859076828642,-0.0182447741339881,-1.1316015016030805,0,0,-7,-1.372398725177769,-1.140275829209792,-0.8798826901281196,0.0,0.5335716574263164,-0.6123724356957944,-0.5189497604398564,0.5959047560696094,-1.1921288698046946,1.5861560747317036,-0.6337662354571799,0.0038112711489760626,1.0733891807582552,1.7434733106095417,-0.35161260297471486,0.9361455962772808,0.46083231155626464,0.887487228429632,0
-1.4709314488301477,4,1.2351315279769222,-0.5886485578539807,3,1969-12-31 23:59:59.999999999,-1.0976789817010164,0.3817545127155185,1.583885498778148,0.0031062737691674,0.5062004753776304,3,3,0.2022531506747865,-0.8278348929902795,-1.7126567281155691,0.993650261868721,1.4631535339199069,0,1,7,-1.227935701474846,-1.140275829209792,-0.8798826901281196,0.0,0.5335716574263164,-0.6123724356957944,-1.1883842660999182,-0.5201018773881044,0.6599535557222693,-1.1913732075929888,-0.7094739355552899,-0.20552976854599705,1.0733891807582552,1.7434733106095417,-0.3159642670044579,0.9487710903986987,0.46083231155626464,0.887487228429632,0
-1.4683071286716638,0,0.1195335989203264,-0.102296997557939,4,1969-12-31 23:59:59.999999999,-1.0971764547030816,1.2975490729780983,-1.1926468496775695,0.0031062737691674,-1.0749713881349012,2,3,-0.8776049904513302,-1.2377156352060217,0.5307591444895099,0.9261905928018735,-0.2666831564287514,0,0,26,-1.0834726777719228,-1.140275829209792,-0.8798826901281196,0.0,0.5335716574263164,-0.6123724356957944,0.37362958044022604,-1.1897058574627326,1.5859947684857512,0.6603129806234728,0.27472616572013986,0.8411754299288685,1.0733891807582552,1.7434733106095417,-0.27986403674065413,0.9600396455038853,0.46083231155626464,0.887487228429632,0
-1.46568280851318,4,1.2351315279769222,1.1274776620477664,4,1969-12-31 23:59:59.999999999,-1.0974668494027078,1.4349182570174852,1.583885498778148,0.3692028251353233,0.3201802561408619,2,6,-1.5006000718702437,-1.2962700269511278,-0.7460786127910405,1.398408276269805,-1.564060674190245,0,2,40,-0.9390096540689998,-1.140275829209792,-0.8798826901281196,0.0,0.5335716574263164,-0.6123724356957944,1.2662089213203085,0.37270342937806655,-1.1921288698046946,1.5861560747317036,1.7888801676823396,-0.7288823677834299,1.0733891807582552,1.7434733106095417,-0.24336354298385784,0.9699351452269085,0.46083231155626464,0.887487228429632,0
-1.4630584883546962,0,0.0225250833501877,-0.8109806997035998,0,1969-12-31 23:59:59.999999999,-1.097021989437323,0.1985956006630025,0.6583747159595755,0.4424221354085545,-0.3308905111878275,2,6,1.1990452809450485,-1.0620524599707035,1.1035461757929343,0.7912712546681792,0.165776016158413,2,2,-21,-0.7945466303660768,-1.140275829209792,-0.8798826901281196,0.0,0.5335716574263164,-0.6123724356957944,1.4000958224523208,1.2655087361442376,1.5859947684857512,-1.1913732075929888,1.6374647674861196,-0.5195413280884568,1.0733891807582552,1.7434733106095417,-0.2065149889942563,0.9784434369551989,0.46083231155626464,0.887487228429632,0
-1.4604341681962123,3,0.9926102390515752,1.3984449599269897,3,1969-12-31 23:59:59.999999999,-1.0971785142399584,-1.5872037918490278,-0.267136066858997,-0.7290868289631444,0.7852308042327829,3,4,1.4482433135126136,-0.0666278003039011,1.7240654597049776,0.4539729093339427,-1.1316015016030805,2,2,-10,-0.6500836066631537,-1.140275829209792,-0.8798826901281196,0.0,0.5335716574263164,-0.6123724356957944,0.19511371226420954,1.3994295321591632,0.6599535557222693,1.5861560747317036,0.04760306542580989,1.3645280291663013,1.0733891807582552,0.09149788042738796,-0.16937107583020397,0.9855523520707153,0.46083231155626464,0.887487228429632,0
-1.4578098480377286,4,0.5075676612008815,-0.2343067067811503,3,1969-12-31 23:59:59.999999999,-1.0964535572593312,0.8854415208599373,0.6583747159595755,0.3692028251353233,-0.0518601823326749,1,3,1.4482433135126136,-1.0620524599707035,0.6620228391632114,0.8587309237350265,1.0306943613327422,2,1,-27,-0.5056205829602307,-1.140275829209792,-0.8798826901281196,0.0,0.5335716574263164,-0.6123724356957944,-1.5454160024519512,0.19414236802483237,-0.2660876570412127,0.6603129806234728,-0.25522773496663004,0.736504910081382,1.0733891807582552,0.09149788042738796,-0.1319849269748023,0.9912517233535869,0.46083231155626464,0.887487228429632,0
-1.455185527879245,2,-0.6080302678557142,-1.012469203254817,4,1969-12-31 23:59:59.999999999,-1.096183757928473,-0.0761427674157713,1.583885498778148,0.2227642045888609,0.5992105849960145,3,3,0.6175832049540623,-0.1251821920490071,1.378006628292492,0.3190535712002482,1.0306943613327422,0,2,9,-0.36115755925730764,-1.140275829209792,-0.8798826901281196,0.0,0.5335716574263164,-0.6123724356957944,0.8645482179242713,-1.546827980169201,0.6599535557222693,-0.2655301134847581,-0.40664313516285,0.736504910081382,1.0733891807582552,0.09149788042738796,-0.09441001235832401,0.9955333995233415,0.46083231155626464,0.887487228429632,0
-1.4525612077207612,1,0.5075676612008815,-1.1722704302092308,0,1969-12-31 23:59:59.999999999,-1.0964494381855778,-1.6329935198621568,-1.1926468496775695,0.7352993765014793,1.1572712427063196,0,6,0.7837152266657725,-1.0620524599707035,0.6142905865545927,1.398408276269805,1.0306943613327422,0,2,-11,-0.21669453555438456,-1.140275829209792,-0.8798826901281196,0.0,0.5335716574263164,-0.6123724356957944,-0.07266008999981517,0.8637463480994606,1.5859947684857512,0.6603129806234728,-0.48235083526096,0.8411754299288685,1.0733891807582552,0.09149788042738796,-0.056700071885147196,0.9983912568969238,0.46083231155626464,0.887487228429632,0
-1.4499368875622771,0,3.514831643875183,-0.8874073734644063,4,1969-12-31 23:59:59.999999999,-1.0959613279457805,1.0686004329124532,0.6583747159595755,-0.0701130365040637,-1.0749713881349012,1,5,-0.9191379958792576,-0.5936173260098554,-0.9370076232255152,-0.1531641122676827,1.0306943613327422,1,2,38,-0.07223151185146152,-1.140275829209792,-0.8798826901281196,0.0,0.5335716574263164,-0.6123724356957944,-1.5900449694959553,-0.07369922400501895,-1.1921288698046946,1.5861560747317036,-0.33093543506474005,1.0505164696238416,1.0733891807582552,0.09149788042738796,-0.01890903857456981,0.9998212081468293,0.46083231155626464,0.887487228429632,0
-1.4473125674037937,1,-1.1900813612765468,-0.3593685365715611,4,1969-12-31 23:59:59.999999999,-1.0959798637776714,-1.358255151783383,0.6583747159595755,1.6139310997802534,0.9712510234695512,0,4,-1.0022040067351128,0.8702424676177954,0.8052195969890675,1.1285696000024157,-0.2666831564287514,0,1,65,0.07223151185146152,-1.140275829209792,-0.8798826901281196,0.0,0.5335716574263164,-0.6123724356957944,1.0430640861002878,-1.5914682455075098,0.6599535557222693,-1.1913732075929888,-1.01230473594773,1.3645280291663013,1.0733891807582552,0.09149788042738796,0.01890903857456981,0.9998212081468293,0.46083231155626464,0.887487228429632,0
-1.44468824724531,1,0.5075676612008815,1.75278681099982,2,1969-12-31 23:59:59.999999999,-1.095549420570424,0.0154366886104866,0.6583747159595755,1.7603697203267157,-0.8889511688981327,3,3,0.451451183242352,-1.1206068517158096,-0.1971577077919253,-1.0301398101366974,0.5982351887455776,1,2,-4,0.21669453555438456,-1.140275829209792,-0.8798826901281196,0.0,0.5335716574263164,-0.6123724356957944,-1.3222711672319305,1.0423074094526947,0.6599535557222693,0.6603129806234728,0.04760306542580989,0.0038112711489760626,1.0733891807582552,-1.5604775497547658,0.056700071885147196,0.9983912568969238,0.46083231155626464,0.887487228429632,0
-1.442063927086826,4,-0.6080302678557142,-0.5052740046603735,2,1969-12-31 23:59:59.999999999,-1.0951704657850962,-0.7171989595995771,-1.1926468496775695,0.4424221354085545,-0.2378804015694433,1,5,1.0744462646612656,-3.8141088719906873,0.7455542812282941,-1.2999784864040864,0.5982351887455776,1,2,-65,0.36115755925730764,-1.140275829209792,-0.8798826901281196,0.0,0.5335716574263164,-0.6123724356957944,0.01659784408819306,-1.3236266534776584,0.6599535557222693,0.6603129806234728,0.04760306542580989,0.0038112711489760626,-0.42051466321152303,0.09149788042738796,0.09441001235832401,0.9955333995233415,0.46083231155626464,0.887487228429632,0
-1.4394396069283424,1,1.2351315279769222,0.446585477633308,0,1969-12-31 23:59:59.999999999,-1.0955329442754098,-1.6329935198621568,-0.267136066858997,-1.0951833803293003,-0.7959410592797486,0,1,1.1575122755171203,-0.1837365837941131,0.1608341867727149,-1.5698171626714756,0.5982351887455776,2,1,-5,0.5056205829602307,-1.140275829209792,-0.8798826901281196,0.0,0.5335716574263164,-0.6123724356957944,-0.6974656286158728,0.015581306671598155,-1.1921288698046946,0.6603129806234728,0.04760306542580989,0.0038112711489760626,-0.42051466321152303,0.09149788042738796,0.1319849269748023,0.9912517233535869,0.46083231155626464,0.887487228429632,0
-1.4368152867698587,2,1.2351315279769222,1.426236477658192,1,1969-12-31 23:59:59.999999999,-1.0949912860768165,-0.3050914074814163,-0.267136066858997,0.7352993765014793,-1.3540017169900538,3,3,-0.0054118764648512,1.2215688180884317,-1.2592003283336917,1.1285696000024157,-1.1316015016030805,0,0,47,0.6500836066631537,-1.140275829209792,-0.8798826901281196,0.0,0.5335716574263164,-0.6123724356957944,-1.5900449694959553,-0.6986629387413387,-0.2660876570412127,-1.1913732075929888,-1.39084323643828,-0.5195413280884568,-0.42051466321152303,0.09149788042738796,0.16937107583020397,0.9855523520707153,0.46083231155626464,0.887487228429632,0
-1.4341909666113748,1,0.5075676612008815,-0.2690461039451533,2,1969-12-31 23:59:59.999999999,-1.0949027259911148,-0.6256195035733192,-0.267136066858997,0.2227642045888609,-1.2609916073716696,1,2,0.6175832049540623,0.5189161171471592,1.0558139231843158,1.8706259597377357,0.5982351887455776,0,2,20,0.7945466303660768,-1.140275829209792,-0.8798826901281196,0.0,0.5335716574263164,-0.6123724356957944,-0.29580492521983576,-1.5914682455075098,-0.2660876570412127,-0.2655301134847581,-1.39084323643828,-0.5195413280884568,-0.42051466321152303,-1.5604775497547658,0.2065149889942563,0.9784434369551989,0.46083231155626464,0.887487228429632,0
-1.4315666464528911,4,0.5075676612008815,-1.2973322599996415,1,1969-12-31 23:59:59.999999999,-1.0943981394563032,0.0154366886104866,-1.1926468496775695,0.0031062737691674,1.1572712427063196,2,0,0.2853191615306417,-1.2962700269511278,-1.3785309598552384,0.3190535712002482,0.5982351887455776,1,0,-3,0.9390096540689998,-1.140275829209792,-0.8798826901281196,0.0,0.5335716574263164,-0.6123724356957944,-0.6082076945278646,-0.2969005506965617,-0.2660876570412127,-0.2655301134847581,-0.48235083526096,-1.3569054868683492,-0.42051466321152303,0.09149788042738796,0.24336354298385784,0.9699351452269085,0.46083231155626464,0.887487228429632,0
-1.4289423262944074,2,1.2351315279769222,-0.2412545862139509,3,1969-12-31 23:59:59.999999999,-1.0943322342762465,-0.7171989595995771,-0.267136066858997,-1.021964070056069,-0.4239006208062117,2,1,-0.8776049904513302,-1.1791612434609158,1.6286009544877402,-0.4904624576019191,-0.2666831564287514,1,2,27,1.0834726777719228,-1.140275829209792,-0.8798826901281196,0.0,0.5335716574263164,-0.6123724356957944,0.01659784408819306,-0.6093824080647215,-1.1921288698046946,-0.2655301134847581,-0.7094739355552899,-1.1475644471733761,-0.42051466321152303,0.09149788042738796,0.27986403674065413,0.9600396455038853,0.46083231155626464,0.887487228429632,0
-1.4263180061359235,3,0.5075676612008815,-1.4015504514916504,2,1969-12-31 23:59:59.999999999,-1.0943034007599712,-1.129306511717738,0.6583747159595755,0.0031062737691674,0.2271701465224777,2,2,-0.794538979595475,0.1090353749314169,-0.5909487918130297,1.5333276144034993,1.4631535339199069,0,1,47,1.227935701474846,-1.140275829209792,-0.8798826901281196,0.0,0.5335716574263164,-0.6123724356957944,-0.6974656286158728,0.015581306671598155,-0.2660876570412127,-1.1913732075929888,-1.01230473594773,-0.7288823677834299,-0.42051466321152303,0.09149788042738796,0.3159642670044579,0.9487710903986987,0.46083231155626464,0.887487228429632,0
-1.4236936859774398,1,-1.1900813612765468,-1.4640813663868557,2,1969-12-31 23:59:59.999999999,-1.0940747921666485,0.7938620648336794,0.6583747159595755,0.0031062737691674,-0.6099208400429801,0,2,1.0744462646612656,0.226144158421629,-0.8296100548561233,1.1960292690692629,-0.699142329015916,1,0,4,1.372398725177769,-1.140275829209792,-0.8798826901281196,0.0,0.5335716574263164,-0.6123724356957944,-1.09912633201191,-0.6986629387413387,0.6599535557222693,-0.2655301134847581,-0.55805853535907,0.21315231084394917,1.0733891807582552,-1.5604775497547658,0.35161260297471486,0.9361455962772808,0.46083231155626464,0.887487228429632,0
-1.4210693658189562,4,-1.1900813612765468,-1.5821953167444658,0,1969-12-31 23:59:59.999999999,-1.0778250462088417,-1.129306511717738,0.6583747159595755,-0.4362095878702197,-0.2378804015694433,0,5,-0.0469448818927788,0.226144158421629,1.258675996770945,-1.6372768317383228,1.4631535339199069,0,1,31,1.516861748880692,-1.140275829209792,-0.8798826901281196,0.0,0.5335716574263164,-0.6123724356957944,0.7752902838362631,-1.1004253267861157,0.6599535557222693,0.6603129806234728,-0.7851816356533999,0.5271638703864089,1.0733891807582552,-1.5604775497547658,0.3867580601532345,0.9221812202091881,0.46083231155626464,0.887487228429632,0
-1.4184450456604722,3,-0.5595260100706448,-1.2556449834028378,1,1969-12-31 23:59:59.999999999,-1.0780907264659465,0.2443853286761315,-1.1926468496775695,0.0031062737691674,-0.7029309496613644,3,6,0.0361211289630763,-1.0034980682255976,0.7216881549239847,1.26348893813611,-1.1316015016030805,0,0,8,1.661324772583615,-1.140275829209792,-0.8798826901281196,0.0,0.5335716574263164,-0.6123724356957944,-1.09912633201191,0.7744658174228435,0.6599535557222693,0.6603129806234728,-0.028104634672300097,0.21315231084394917,1.0733891807582552,0.09149788042738796,0.4213503732625737,0.906897934142255,0.46083231155626464,0.887487228429632,0
-1.4158207255019886,3,0.5075676612008815,-0.6094921961523825,2,1969-12-31 23:59:59.999999999,-1.077462567718528,1.2975490729780983,-1.1926468496775695,-1.1684026906025315,-1.6330320458452063,2,0,-0.5038079415999821,-0.0666278003039011,1.4615380703575749,-1.3674381554709338,1.0306943613327422,1,1,37,-1.661324772583615,-1.0199012215196988,-0.8798826901281196,0.0,1.0395447808478233,1.6329931618554518,0.23974267930821366,-1.1004253267861157,-1.1921288698046946,0.6603129806234728,0.27472616572013986,0.736504910081382,-0.42051466321152303,0.09149788042738796,-0.4213503732625737,0.906897934142255,0.8034653310326239,0.5953515447436382,0
-1.4131964053435049,0,0.0225250833501877,0.2867842506788943,2,1969-12-31 23:59:59.999999999,-1.0774914012348031,-0.1219324954289003,-0.267136066858997,-0.8755254495096068,-1.447011826608438,0,6,-1.2098690338747506,-1.0034980682255976,-0.0181617605096052,0.52143257840079,1.0306943613327422,2,0,38,-1.516861748880692,-1.0199012215196988,-0.8798826901281196,0.0,1.0395447808478233,1.6329931618554518,1.2662089213203085,0.2387826333631409,-1.1921288698046946,-1.1913732075929888,0.8046800664069097,-0.41487080824097017,-0.42051466321152303,-1.5604775497547658,-0.3867580601532345,0.9221812202091881,0.8034653310326239,0.5953515447436382,0
-1.410572085185021,2,-0.6080302678557142,-0.2343067067811503,0,1969-12-31 23:59:59.999999999,-1.0770053505318826,-0.8087784156258352,0.6583747159595755,0.4424221354085545,-0.2378804015694433,2,6,0.4929841886702795,-1.2377156352060217,1.2825421230752545,-0.2880834504013773,-0.2666831564287514,0,0,-7,-1.372398725177769,-1.0199012215196988,-0.8798826901281196,0.0,1.0395447808478233,1.6329931618554518,-0.1172890570438193,1.2655087361442376,-0.2660876570412127,-1.1913732075929888,0.19901846562202985,0.4224933505389223,-0.42051466321152303,0.09149788042738796,-0.35161260297471486,0.9361455962772808,0.8034653310326239,0.5953515447436382,0
-1.4079477650265373,1,-1.1900813612765468,0.5369079102597157,0,1969-12-31 23:59:59.999999999,-1.0770712557119395,-1.5872037918490278,0.6583747159595755,-1.0951833803293003,1.1572712427063196,3,3,0.5345171940982071,0.4603617254020531,-0.3164883393134721,-0.3555431194682246,1.0306943613327422,1,0,21,-1.227935701474846,-1.0199012215196988,-0.8798826901281196,0.0,1.0395447808478233,1.6329931618554518,-0.7867235627038811,-0.1183394893433275,0.6599535557222693,-0.2655301134847581,-1.39084323643828,-0.41487080824097017,1.0733891807582552,0.09149788042738796,-0.3159642670044579,0.9487710903986987,0.8034653310326239,0.5953515447436382,0
-1.4053234448680536,4,0.0225250833501877,1.7458389315670193,1,1969-12-31 23:59:59.999999999,-1.0766037408409104,0.9770209768861954,0.6583747159595755,-0.0701130365040637,0.5992105849960145,1,0,-0.0054118764648512,-0.7692805012451734,0.9126171653584596,0.6563519165344845,-0.699142329015916,1,2,13,-1.0834726777719228,-1.0199012215196988,-0.8798826901281196,0.0,1.0395447808478233,1.6329931618554518,-1.5454160024519512,-0.7879434694179558,0.6599535557222693,0.6603129806234728,-0.7851816356533999,0.945845949776355,1.0733891807582552,-1.5604775497547658,-0.27986403674065413,0.9600396455038853,0.8034653310326239,0.5953515447436382,0
-1.4026991247095697,0,0.5075676612008815,-0.3871600543027634,3,1969-12-31 23:59:59.999999999,-1.0768364685079863,-1.678783247875286,-1.1926468496775695,-0.4362095878702197,-0.1448702919510591,0,0,-0.5868739524558372,1.5728951685590675,1.4615380703575749,-0.6253817957356137,-1.1316015016030805,1,0,67,-0.9390096540689998,-1.0199012215196988,-0.8798826901281196,0.0,1.0395447808478233,1.6329931618554518,0.9538061520122796,-1.546827980169201,0.6599535557222693,0.6603129806234728,-1.2394278362420599,1.3645280291663013,1.0733891807582552,0.09149788042738796,-0.24336354298385784,0.9699351452269085,0.8034653310326239,0.5953515447436382,0
-1.400074804551086,2,1.2351315279769222,1.7736304492982218,3,1969-12-31 23:59:59.999999999,-1.0766593483365834,-0.2135119514551583,1.583885498778148,0.7352993765014793,0.5992105849960145,0,1,1.614375335224324,-0.8278348929902795,-1.0444051915949075,-1.0301398101366974,-1.1316015016030805,0,0,-27,-0.7945466303660768,-1.0199012215196988,-0.8798826901281196,0.0,1.0395447808478233,1.6329931618554518,-1.6346739365399594,0.9530268787760777,-1.1921288698046946,0.6603129806234728,-0.48235083526096,0.945845949776355,1.0733891807582552,0.09149788042738796,-0.2065149889942563,0.9784434369551989,0.8034653310326239,0.5953515447436382,0
-1.3974504843926023,0,0.5075676612008815,1.3845492010613885,4,1969-12-31 23:59:59.999999999,-1.076473990017673,-1.5414140638358989,0.6583747159595755,0.5888607559550169,0.5062004753776304,1,5,0.9083142429495552,-1.4719332021864455,0.8290857232933768,-1.0975994792035446,-0.699142329015916,0,2,-21,-0.6500836066631537,-1.0199012215196988,-0.8798826901281196,0.0,1.0395447808478233,1.6329931618554518,-0.20654699113182753,-1.6361085108458182,1.5859947684857512,-1.1913732075929888,-1.8450894370269397,-0.3102002883934836,-0.42051466321152303,0.09149788042738796,-0.16937107583020397,0.9855523520707153,0.8034653310326239,0.5953515447436382,0
-1.3948261642341184,2,0.8956017234814365,-0.7831891819723974,2,1969-12-31 23:59:59.999999999,-1.0757943428483352,-1.220885967743996,0.6583747159595755,-1.3148413111489938,0.8782409138511671,0,6,-0.7530059741675474,-1.4133788104413398,0.5784913970981286,0.993650261868721,-0.699142329015916,0,2,20,-0.5056205829602307,-1.0199012215196988,-0.8798826901281196,0.0,1.0395447808478233,1.6329931618554518,-1.500787035407947,-0.2076200200199446,0.6599535557222693,1.5861560747317036,-1.6179663367326098,-0.5195413280884568,1.0733891807582552,0.09149788042738796,-0.1319849269748023,0.9912517233535869,0.8034653310326239,0.5953515447436382,0
-1.3922018440756347,2,-1.1900813612765468,-0.8040328202707991,1,1969-12-31 23:59:59.999999999,-1.075551317496875,-0.3050914074814163,1.583885498778148,1.4674924792337911,0.0411499272857092,3,5,1.489776318940541,-0.008073408558795,1.4615380703575749,0.7238115856013319,0.165776016158413,1,1,-10,-0.36115755925730764,-1.0199012215196988,-0.8798826901281196,0.0,1.0395447808478233,1.6329931618554518,-1.1883842660999182,-1.5021877148308926,0.6599535557222693,0.6603129806234728,-1.6936740368307197,-0.6242118479359433,1.0733891807582552,-1.5604775497547658,-0.09441001235832401,0.9955333995233415,0.8034653310326239,0.5953515447436382,0
-1.389577523917151,1,1.2351315279769222,0.3423672861412991,2,1969-12-31 23:59:59.999999999,-1.0754236262105143,0.2443853286761315,1.583885498778148,-0.8755254495096068,0.7852308042327829,0,5,0.451451183242352,0.3432529419118411,-0.173291581487616,0.2515939021334009,-0.2666831564287514,2,1,21,-0.21669453555438456,-1.0199012215196988,-0.8798826901281196,0.0,1.0395447808478233,1.6329931618554518,-0.29580492521983576,-1.1897058574627326,1.5859947684857512,0.6603129806234728,-0.7094739355552899,-0.41487080824097017,1.0733891807582552,-1.5604775497547658,-0.056700071885147196,0.9983912568969238,0.8034653310326239,0.5953515447436382,0
-1.3869532037586672,2,1.2351315279769222,-0.894355252897207,1,1969-12-31 23:59:59.999999999,-1.075784045163951,-0.2593016794682873,0.6583747159595755,0.0763255840423986,-0.9819612785165168,0,3,0.7421822212378449,-1.1206068517158096,-1.008606002138443,0.6563519165344845,1.4631535339199069,2,2,-11,-0.07223151185146152,-1.0199012215196988,-0.8798826901281196,0.0,1.0395447808478233,1.6329931618554518,0.23974267930821366,-0.2969005506965617,1.5859947684857512,1.5861560747317036,-0.17952003486852006,-1.3569054868683492,2.5672930247280337,-1.5604775497547658,-0.01890903857456981,0.9998212081468293,0.8034653310326239,0.5953515447436382,0
-1.3843288836001837,0,-1.1900813612765468,-0.3037855011091563,1,1969-12-31 23:59:59.999999999,-1.0755760319393963,1.0228107048993242,-0.267136066858997,0.8817379970479415,0.7852308042327829,1,4,-0.2546099090324166,0.5189161171471592,-0.614814918117339,0.1841342330665536,1.0306943613327422,0,2,41,0.07223151185146152,-1.0199012215196988,-0.8798826901281196,0.0,1.0395447808478233,1.6329931618554518,-0.25117595817583166,0.2387826333631409,0.6599535557222693,1.5861560747317036,0.5775569661125798,-0.5195413280884568,1.0733891807582552,0.09149788042738796,0.01890903857456981,0.9998212081468293,0.8034653310326239,0.5953515447436382,0
-1.3817045634416998,2,0.5075676612008815,-1.596091075610067,1,1969-12-31 23:59:59.999999999,-1.0747975269999728,-0.3966708635076743,1.583885498778148,-0.5094288981434508,0.1341600369040935,3,1,-0.3792089253161994,-0.7107261095000674,1.3660735651403373,-1.2999784864040864,-0.2666831564287514,0,2,23,0.21669453555438456,-1.0199012215196988,-0.8798826901281196,0.0,1.0395447808478233,1.6329931618554518,0.9984351190562837,-0.2522602853582531,-0.2660876570412127,0.6603129806234728,0.19901846562202985,-0.20552976854599705,1.0733891807582552,0.09149788042738796,0.056700071885147196,0.9983912568969238,0.8034653310326239,0.5953515447436382,0
-1.379080243283216,1,-1.2870898768466854,0.1964618180524865,2,1969-12-31 23:59:59.999999999,-1.0750261355932955,0.1985956006630025,0.6583747159595755,-0.8023061392363756,2.180382448508546,2,6,-0.8776049904513302,-1.4133788104413398,1.4734711335097297,-0.5579221266687664,1.4631535339199069,0,2,23,0.36115755925730764,-1.0199012215196988,-0.8798826901281196,0.0,1.0395447808478233,1.6329931618554518,-0.385062859307844,0.9976671441143863,1.5859947684857512,-0.2655301134847581,0.5018492660144698,-0.41487080824097017,1.0733891807582552,0.09149788042738796,0.09441001235832401,0.9955333995233415,0.8034653310326239,0.5953515447436382,0
-1.3764559231247322,1,1.2351315279769222,-1.0680522387172218,0,1969-12-31 23:59:59.999999999,-1.0743258930551898,0.2443853286761315,-1.1926468496775695,-0.6558675186899132,-1.3540017169900538,2,2,-0.5453409470279097,0.9287968593629016,-0.5909487918130297,-0.96268014106985,1.4631535339199069,2,2,55,0.5056205829602307,-1.0199012215196988,-0.8798826901281196,0.0,1.0395447808478233,1.6329931618554518,0.19511371226420954,-0.3861810813731788,0.6599535557222693,1.5861560747317036,0.04760306542580989,-1.2522349670208626,-0.42051466321152303,1.7434733106095417,0.1319849269748023,0.9912517233535869,0.8034653310326239,0.5953515447436382,0
-1.3738316029662485,0,0.0225250833501877,-0.1926194301843467,2,1969-12-31 23:59:59.999999999,-1.0743258930551898,-1.266675695757125,-1.1926468496775695,-0.8755254495096068,-0.7959410592797486,1,0,1.4482433135126136,0.167589766676523,0.7932865338369128,0.3190535712002482,1.0306943613327422,2,1,-6,0.6500836066631537,-1.0199012215196988,-0.8798826901281196,0.0,1.0395447808478233,1.6329931618554518,0.23974267930821366,0.19414236802483237,-1.1921288698046946,0.6603129806234728,-0.40664313516285,-0.1008592486985105,-0.42051466321152303,1.7434733106095417,0.16937107583020397,0.9855523520707153,0.8034653310326239,0.5953515447436382,0
-1.3712072828077646,3,0.5075676612008815,1.3984449599269897,1,1969-12-31 23:59:59.999999999,-1.0744144531408917,-0.5798297755601902,-1.1926468496775695,0.7352993765014793,1.1572712427063196,3,0,-1.4590670664423162,1.1044600345982196,-0.3642205919220908,1.1960292690692629,-1.1316015016030805,0,2,80,0.7945466303660768,-1.0199012215196988,-0.8798826901281196,0.0,1.0395447808478233,1.6329931618554518,-1.2330132331439223,0.2387826333631409,-1.1921288698046946,-1.1913732075929888,-0.8608893357515099,-0.3102002883934836,-1.9144185071813014,-1.5604775497547658,0.2065149889942563,0.9784434369551989,0.8034653310326239,0.5953515447436382,0
-1.368582962649281,3,0.5075676612008815,0.2450969740820907,4,1969-12-31 23:59:59.999999999,-1.0741755468631848,1.4349182570174852,0.6583747159595755,0.4424221354085545,0.3201802561408619,1,5,-0.6699399633116924,0.6945792923824773,0.3159640077507257,-0.0857044432008354,0.165776016158413,1,2,54,0.9390096540689998,-1.0199012215196988,-0.8798826901281196,0.0,1.0395447808478233,1.6329931618554518,-0.5635787274838605,-1.2343461228010413,-1.1921288698046946,-1.1913732075929888,-0.17952003486852006,1.1551869894713283,-0.42051466321152303,0.09149788042738796,0.24336354298385784,0.9699351452269085,0.8034653310326239,0.5953515447436382,0
-1.365958642490797,2,-0.6080302678557142,1.419288598225391,3,1969-12-31 23:59:59.999999999,-1.074012843449919,1.0686004329124532,0.6583747159595755,1.7603697203267157,1.2502813523247038,1,1,1.0744462646612656,-1.1206068517158096,-1.2711333914858465,1.1285696000024157,-1.1316015016030805,2,1,-19,1.0834726777719228,-1.0199012215196988,-0.8798826901281196,0.0,1.0395447808478233,1.6329931618554518,1.4000958224523208,-0.564742142726413,0.6599535557222693,-1.1913732075929888,1.1075108667993496,0.31782283069143574,-0.42051466321152303,0.09149788042738796,0.27986403674065413,0.9600396455038853,0.8034653310326239,0.5953515447436382,0
-1.363334322332313,4,1.2351315279769222,1.6068813429110074,1,1969-12-31 23:59:59.999999999,-1.0738027706884874,0.1985956006630025,-1.1926468496775695,1.6139310997802534,0.5062004753776304,2,1,-1.0437370121630405,-0.4179541507745373,-0.0181617605096052,-0.4230027885350718,0.165776016158413,0,0,44,1.227935701474846,-1.0199012215196988,-0.8798826901281196,0.0,1.0395447808478233,1.6329931618554518,1.0430640861002878,1.3994295321591632,0.6599535557222693,0.6603129806234728,1.5617570673880097,-0.6242118479359433,-0.42051466321152303,0.09149788042738796,0.3159642670044579,0.9487710903986987,0.8034653310326239,0.5953515447436382,0
-1.3607100021738296,2,-0.6080302678557142,1.6555164989406117,4,1969-12-31 23:59:59.999999999,-1.0732920055430455,0.1528058726498735,0.6583747159595755,0.3692028251353233,0.1341600369040935,3,6,-0.5868739524558372,0.167589766676523,-0.5312834760522563,-0.7603011338693082,1.0306943613327422,2,1,43,1.372398725177769,-1.0199012215196988,-0.8798826901281196,0.0,1.0395447808478233,1.6329931618554518,0.19511371226420954,1.0423074094526947,-1.1921288698046946,0.6603129806234728,0.8046800664069097,-0.9382234074784029,-0.42051466321152303,0.09149788042738796,0.35161260297471486,0.9361455962772808,0.8034653310326239,0.5953515447436382,0
-1.3580856820153455,0,0.0225250833501877,-0.2759939833779539,0,1969-12-31 23:59:59.999999999,-1.0574232739074434,0.2443853286761315,-0.267136066858997,0.5888607559550169,0.6922206946143987,3,6,0.5345171940982071,1.0459056428531135,0.6620228391632114,-1.5698171626714756,1.0306943613327422,1,1,31,1.516861748880692,-1.0199012215196988,-0.8798826901281196,0.0,1.0395447808478233,1.6329931618554518,0.1504847452202054,0.19414236802483237,0.6599535557222693,-1.1913732075929888,0.3504338658182498,-1.9849286059532685,-0.42051466321152303,0.09149788042738796,0.3867580601532345,0.9221812202091881,0.8034653310326239,0.5953515447436382,0
-1.355461361856862,0,-1.1900813612765468,-1.1722704302092308,1,1969-12-31 23:59:59.999999999,-1.0570875693965278,1.66386689708313,0.6583747159595755,0.8085186867747104,-1.3540017169900538,1,5,-0.4622749361720545,0.4018073336569471,-1.6291252860504866,-0.1531641122676827,1.4631535339199069,1,2,44,1.661324772583615,-1.0199012215196988,-0.8798826901281196,0.0,1.0395447808478233,1.6329931618554518,0.23974267930821366,0.1495021026865238,-0.2660876570412127,0.6603129806234728,1.1832185668974597,-0.20552976854599705,1.0733891807582552,-1.5604775497547658,0.4213503732625737,0.906897934142255,0.8034653310326239,0.5953515447436382,0
-1.3528370416983784,0,0.8956017234814365,-1.5127165224164598,4,1969-12-31 23:59:59.999999999,-1.057274987252315,1.1601798889387114,-0.267136066858997,-0.7290868289631444,-0.3308905111878275,2,5,0.0776541343910038,-0.8278348929902795,-0.0658940131182239,1.3309486072029573,-1.564060674190245,2,0,10,-1.661324772583615,-0.8995266138296056,-0.8798826901281196,0.0,1.5455179042693301,1.6329931618554518,1.6232406576723413,0.2387826333631409,0.6599535557222693,-0.2655301134847581,1.7131724675842295,-0.5195413280884568,-0.42051466321152303,0.09149788042738796,-0.4213503732625737,0.906897934142255,0.9832032720901962,0.18251390563771203,0
-1.3502127215398945,0,0.5075676612008815,-0.9846776855236148,1,1969-12-31 23:59:59.999999999,-1.0566447689680198,-0.1219324954289003,1.583885498778148,0.5888607559550169,-0.5169107304245959,3,5,-0.1715438981765615,0.167589766676523,-1.4978615913767852,1.6007872834703465,1.0306943613327422,0,1,33,-1.516861748880692,-0.8995266138296056,-0.8798826901281196,0.0,1.5455179042693301,1.6329931618554518,1.132322020188296,1.622630858850706,-0.2660876570412127,0.6603129806234728,1.4860493672898996,0.0038112711489760626,1.0733891807582552,0.09149788042738796,-0.3867580601532345,0.9221812202091881,0.9832032720901962,0.18251390563771203,0
-1.3475884013814108,0,1.2351315279769222,-0.46358672806357,2,1969-12-31 23:59:59.999999999,-1.0565047204603988,1.4349182570174852,-1.1926468496775695,1.101395927867635,-0.8889511688981327,1,4,0.7006492158099173,0.4603617254020531,-1.4143301493117024,-0.692841464802461,1.4631535339199069,2,0,17,-1.372398725177769,-0.8995266138296056,-0.8798826901281196,0.0,1.5455179042693301,1.6329931618554518,-0.1172890570438193,1.1315879401293119,1.5859947684857512,-0.2655301134847581,1.4103416671917897,-0.20552976854599705,-0.42051466321152303,0.09149788042738796,-0.35161260297471486,0.9361455962772808,0.9832032720901962,0.18251390563771203,0
-1.344964081222927,1,0.5075676612008815,1.2803310095693794,4,1969-12-31 23:59:59.999999999,-1.0561978494657582,0.0154366886104866,1.583885498778148,0.9549573073211728,-0.2378804015694433,0,1,-1.2098690338747506,1.4557863850688555,1.1035461757929343,-0.5579221266687664,-1.1316015016030805,0,1,80,-1.227935701474846,-0.8995266138296056,-0.8798826901281196,0.0,1.5455179042693301,1.6329931618554518,1.4000958224523208,-0.1183394893433275,-1.1921288698046946,1.5861560747317036,0.04760306542580989,0.0038112711489760626,1.0733891807582552,1.7434733106095417,-0.3159642670044579,0.9487710903986987,0.9832032720901962,0.18251390563771203,0
-1.3423397610644432,3,-1.1900813612765468,-0.8735116145988051,2,1969-12-31 23:59:59.999999999,-1.0562246234451564,1.4807079850306142,-0.267136066858997,1.3210538586873286,0.8782409138511671,2,5,0.9498472483774828,-0.7692805012451734,-0.3045552761613174,-0.22062378133453,0.5982351887455776,2,2,-10,-1.0834726777719228,-0.8995266138296056,-0.8798826901281196,0.0,1.5455179042693301,1.6329931618554518,0.01659784408819306,1.3994295321591632,1.5859947684857512,-1.1913732075929888,0.04760306542580989,0.0038112711489760626,-0.42051466321152303,0.09149788042738796,-0.27986403674065413,0.9600396455038853,0.9832032720901962,0.18251390563771203,0
-1.3397154409059595,0,1.2351315279769222,-0.533065522391576,2,1969-12-31 23:59:59.999999999,-1.0563008263095974,0.4733339687417764,-1.1926468496775695,0.7352993765014793,-1.3540017169900538,3,3,-0.7530059741675474,0.0504809831863109,0.3994954498158085,0.2515939021334009,-1.564060674190245,1,1,45,-0.9390096540689998,-0.8995266138296056,-0.8798826901281196,0.0,1.5455179042693301,1.6329931618554518,1.4447247894963249,0.015581306671598155,-0.2660876570412127,1.5861560747317036,0.04760306542580989,0.0038112711489760626,-0.42051466321152303,0.09149788042738796,-0.24336354298385784,0.9699351452269085,0.9832032720901962,0.18251390563771203,0
-1.3370911207474758,4,-1.1900813612765468,-1.4015504514916504,4,1969-12-31 23:59:59.999999999,-1.0560454437368765,-0.3508811354945452,-0.267136066858997,-0.4362095878702197,-0.5169107304245959,3,1,-0.5038079415999821,-0.3593997590294313,1.1393453652493986,-0.3555431194682246,0.165776016158413,2,1,32,-0.7945466303660768,-0.8995266138296056,-0.8798826901281196,0.0,1.5455179042693301,1.6329931618554518,0.46288751452823423,1.4440697974974717,-1.1921288698046946,-0.2655301134847581,0.8803877665050197,0.0038112711489760626,-0.42051466321152303,0.09149788042738796,-0.2065149889942563,0.9784434369551989,0.9832032720901962,0.18251390563771203,0
-1.334466800588992,4,0.5075676612008815,1.2942267684349806,3,1969-12-31 23:59:59.999999999,-1.0560145506837246,0.6107031527811635,0.6583747159595755,-1.388060621422225,0.3201802561408619,3,2,-0.0884778873207064,-0.4179541507745373,0.304030944598571,-0.0182447741339881,1.0306943613327422,0,1,21,-0.6500836066631537,-0.8995266138296056,-0.8798826901281196,0.0,1.5455179042693301,1.6329931618554518,-0.3404338922638399,0.4619839600546837,-0.2660876570412127,-1.1913732075929888,0.4261415659163598,-0.9382234074784029,-0.42051466321152303,0.09149788042738796,-0.16937107583020397,0.9855523520707153,0.9832032720901962,0.18251390563771203,0
-1.3318424804305082,4,-0.6080302678557142,0.70365701664693,4,1969-12-31 23:59:59.999999999,-1.0551948550067656,1.572287441056872,0.6583747159595755,0.4424221354085545,-0.3308905111878275,2,0,0.8252482320937001,1.0459056428531135,1.6405340176398948,1.0611099309355685,-0.2666831564287514,0,0,24,-0.5056205829602307,-0.8995266138296056,-0.8798826901281196,0.0,1.5455179042693301,1.6329931618554518,0.5967744156602466,-0.34154081603487024,0.6599535557222693,-0.2655301134847581,1.0318031667012397,0.10848179099646262,1.0733891807582552,-1.5604775497547658,-0.1319849269748023,0.9912517233535869,0.9832032720901962,0.18251390563771203,0
-1.3292181602720246,4,1.2351315279769222,1.2594873712709778,3,1969-12-31 23:59:59.999999999,-1.055190735933012,-1.0377270556914802,-1.1926468496775695,-1.6809378625151497,0.8782409138511671,1,0,1.2821112918009034,0.7531336841275833,-1.4501293387681664,1.465867945336652,-1.564060674190245,1,0,8,-0.36115755925730764,-0.8995266138296056,-0.8798826901281196,0.0,1.5455179042693301,1.6329931618554518,1.533982723584333,0.5959047560696094,0.6599535557222693,0.6603129806234728,0.6532646662106898,0.945845949776355,-0.42051466321152303,0.09149788042738796,-0.09441001235832401,0.9955333995233415,0.9832032720901962,0.18251390563771203,0
-1.3265938401135406,1,-1.1900813612765468,0.8565103641685431,1,1969-12-31 23:59:59.999999999,-1.0553863919363062,0.6107031527811635,0.6583747159595755,0.1495448943156297,-1.3540017169900538,0,1,1.115979270089193,-1.1206068517158096,0.7813534706847581,-0.5579221266687664,0.165776016158413,0,2,-20,-0.21669453555438456,-0.8995266138296056,-0.8798826901281196,0.0,1.5455179042693301,1.6329931618554518,-1.0098683979239016,1.5333503281740888,-1.1921288698046946,0.6603129806234728,0.6532646662106898,0.945845949776355,1.0733891807582552,0.09149788042738796,-0.056700071885147196,0.9983912568969238,0.9832032720901962,0.18251390563771203,0
-1.323969519955057,4,-0.6080302678557142,-0.8526679763004034,1,1969-12-31 23:59:59.999999999,-1.0552051526911497,1.0228107048993242,0.6583747159595755,-0.2165516570505261,-0.1448702919510591,3,2,1.4482433135126136,0.284698550166735,0.4114285129679632,0.6563519165344845,-0.2666831564287514,0,0,-4,-0.07223151185146152,-0.8995266138296056,-0.8798826901281196,0.0,1.5455179042693301,1.6329931618554518,0.5967744156602466,-1.0111447961094986,0.6599535557222693,-1.1913732075929888,0.3504338658182498,0.4224933505389223,1.0733891807582552,0.09149788042738796,-0.01890903857456981,0.9998212081468293,0.9832032720901962,0.18251390563771203,0
-1.3213451997965733,0,0.5075676612008815,-1.012469203254817,4,1969-12-31 23:59:59.999999999,-1.0548344360533288,0.0154366886104866,0.6583747159595755,-1.1684026906025315,-0.9819612785165168,2,0,-1.2098690338747506,0.7531336841275833,-0.8654092443125873,1.5333276144034993,-0.2666831564287514,1,0,68,0.07223151185146152,-0.8995266138296056,-0.8798826901281196,0.0,1.5455179042693301,1.6329931618554518,0.9984351190562837,0.5959047560696094,0.6599535557222693,0.6603129806234728,0.04760306542580989,0.0038112711489760626,1.0733891807582552,-1.5604775497547658,0.01890903857456981,0.9998212081468293,0.9832032720901962,0.18251390563771203,0
-1.3187208796380894,2,-1.1415771034914777,-0.6789709904803884,1,1969-12-31 23:59:59.999999999,-1.0542248131378016,-0.8545681436389642,-1.1926468496775695,1.7603697203267157,-0.0518601823326749,3,0,0.0776541343910038,0.226144158421629,1.3541405019881827,-1.2325188173372392,-0.2666831564287514,0,0,28,0.21669453555438456,-0.8995266138296056,-0.8798826901281196,0.0,1.5455179042693301,1.6329931618554518,0.01659784408819306,0.9976671441143863,0.6599535557222693,0.6603129806234728,0.04760306542580989,0.0038112711489760626,-0.42051466321152303,0.09149788042738796,0.056700071885147196,0.9983912568969238,0.9832032720901962,0.18251390563771203,0
-1.3160965594796057,4,-0.6080302678557142,-0.1856715507515461,0,1969-12-31 23:59:59.999999999,-1.0539385375119288,0.0154366886104866,-0.267136066858997,-0.2897709673237573,-1.2609916073716696,1,0,-0.1715438981765615,-1.2962700269511278,-1.1518027599642997,1.6007872834703465,-0.2666831564287514,0,2,8,0.36115755925730764,-0.8995266138296056,-0.8798826901281196,0.0,1.5455179042693301,1.6329931618554518,-0.8313525297478852,0.015581306671598155,-1.1921288698046946,0.6603129806234728,0.04760306542580989,0.0038112711489760626,-0.42051466321152303,0.09149788042738796,0.09441001235832401,0.9955333995233415,0.9832032720901962,0.18251390563771203,0
-1.313472239321122,1,1.2351315279769222,-0.0953491181251384,2,1969-12-31 23:59:59.999999999,-1.0541671461052515,-0.0761427674157713,2.509396281596721,-1.3148413111489938,1.3432914619430882,0,6,-1.5836660827260989,-0.6521717177549614,-1.4143301493117024,-1.2325188173372392,1.4631535339199069,2,2,53,0.5056205829602307,-0.8995266138296056,-0.8798826901281196,0.0,1.5455179042693301,1.6329931618554518,0.01659784408819306,-0.8325837347562643,-0.2660876570412127,-1.1913732075929888,0.04760306542580989,0.0038112711489760626,1.0733891807582552,1.7434733106095417,0.1319849269748023,0.9912517233535869,0.9832032720901962,0.18251390563771203,0
-1.310847919162638,1,-0.8020472989959917,0.4882727542301115,2,1969-12-31 23:59:59.999999999,-1.053983847323218,0.2901750566892605,1.583885498778148,-1.6809378625151497,-0.6099208400429801,3,2,-1.376001055586461,1.3386776015786437,-0.8176769917039686,0.049214894932859,1.0306943613327422,2,2,82,0.6500836066631537,-0.8995266138296056,-0.8798826901281196,0.0,1.5455179042693301,1.6329931618554518,-0.07266008999981517,0.015581306671598155,2.512035981249233,-0.2655301134847581,0.04760306542580989,0.0038112711489760626,2.5672930247280337,1.7434733106095417,0.16937107583020397,0.9855523520707153,0.9832032720901962,0.18251390563771203,0
-1.3082235990041544,4,0.5075676612008815,-0.7831891819723974,3,1969-12-31 23:59:59.999999999,-1.0537634768774025,-1.49562433582277,-0.267136066858997,1.4674924792337911,-1.447011826608438,2,6,-0.8776049904513302,-1.3548244186962335,-1.3665978967030836,1.3309486072029573,-0.699142329015916,2,2,24,0.7945466303660768,-0.8995266138296056,-0.8798826901281196,0.0,1.5455179042693301,1.6329931618554518,0.2843716463522178,-0.07369922400501895,1.5859947684857512,2.5119991688399343,-0.7094739355552899,0.0038112711489760626,2.5672930247280337,0.09149788042738796,0.2065149889942563,0.9784434369551989,0.9832032720901962,0.18251390563771203,0
-1.3055992788456707,2,0.5075676612008815,0.7592400521093348,1,1969-12-31 23:59:59.999999999,-1.0531044250768322,0.1528058726498735,0.6583747159595755,-1.0951833803293003,1.0642611330879357,1,1,-0.1300108927486339,0.6945792923824773,0.7694204075326034,-1.6372768317383228,-1.1316015016030805,2,1,41,0.9390096540689998,-0.8995266138296056,-0.8798826901281196,0.0,1.5455179042693301,1.6329931618554518,-1.4561580683639428,0.28342289870144943,-0.2660876570412127,1.5861560747317036,-0.55805853535907,0.10848179099646262,1.0733891807582552,0.09149788042738796,0.24336354298385784,0.9699351452269085,0.9832032720901962,0.18251390563771203,0
-1.3029749586871868,4,-0.6080302678557142,0.9329370379293496,3,1969-12-31 23:59:59.999999999,-1.053532808747203,1.2059696169518404,0.6583747159595755,-0.2165516570505261,-1.2609916073716696,0,1,0.4099181778144244,-0.7107261095000674,-0.6267479812694937,-0.96268014106985,-1.1316015016030805,2,2,4,1.0834726777719228,-0.8995266138296056,-0.8798826901281196,0.0,1.5455179042693301,1.6329931618554518,0.1504847452202054,-1.457547449492584,0.6599535557222693,-0.2655301134847581,-0.028104634672300097,1.0505164696238416,1.0733891807582552,0.09149788042738796,0.27986403674065413,0.9600396455038853,0.9832032720901962,0.18251390563771203,0
-1.3003506385287031,1,1.3806443013321303,0.5230121513941145,2,1969-12-31 23:59:59.999999999,-1.0529684956429648,-0.2135119514551583,0.6583747159595755,0.5156414456817857,0.3201802561408619,2,4,1.0744462646612656,-0.5936173260098554,0.0295704920990134,-0.8952204720030028,1.0306943613327422,2,2,-10,1.227935701474846,-0.8995266138296056,-0.8798826901281196,0.0,1.5455179042693301,1.6329931618554518,1.1769509872323,0.1495021026865238,0.6599535557222693,0.6603129806234728,0.6532646662106898,-0.41487080824097017,1.0733891807582552,-1.5604775497547658,0.3159642670044579,0.9487710903986987,0.9832032720901962,0.18251390563771203,0
-1.2977263183702197,3,0.5075676612008815,1.5929855840454064,2,1969-12-31 23:59:59.999999999,-1.052748125197149,-1.312465423770254,0.6583747159595755,-0.3629902775969885,0.7852308042327829,3,6,-0.7530059741675474,-1.0620524599707035,-0.4119528445307095,-1.434897824537781,-1.1316015016030805,2,1,26,1.372398725177769,-0.8995266138296056,-0.8798826901281196,0.0,1.5455179042693301,1.6329931618554518,-0.20654699113182753,1.1762282054676205,0.6599535557222693,0.6603129806234728,-0.17952003486852006,0.736504910081382,1.0733891807582552,-1.5604775497547658,0.35161260297471486,0.9361455962772808,0.9832032720901962,0.18251390563771203,0
-1.2951019982117356,0,0.0225250833501877,-0.7345540259427932,1,1969-12-31 23:59:59.999999999,-1.0369391201309737,0.5649134247680344,0.6583747159595755,-0.4362095878702197,-0.3308905111878275,2,1,-0.9191379958792576,0.6360249006373713,-0.2687560867048534,-0.1531641122676827,0.5982351887455776,1,1,59,1.516861748880692,-0.8995266138296056,-0.8798826901281196,0.0,1.5455179042693301,1.6329931618554518,-1.2776422001879264,-0.2076200200199446,0.6599535557222693,0.6603129806234728,-0.48235083526096,0.0038112711489760626,1.0733891807582552,-1.5604775497547658,0.3867580601532345,0.9221812202091881,0.9832032720901962,0.18251390563771203,0
-1.292477678053252,1,0.0225250833501877,0.5646994279909181,0,1969-12-31 23:59:59.999999999,-1.0366384277469634,1.1601798889387114,0.6583747159595755,-1.1684026906025315,-1.0749713881349012,0,6,0.6175832049540623,0.167589766676523,-1.4381962756160118,0.049214894932859,1.0306943613327422,2,0,14,1.661324772583615,-0.8995266138296056,-0.8798826901281196,0.0,1.5455179042693301,1.6329931618554518,0.5521454486162425,-1.2789863881393497,0.6599535557222693,0.6603129806234728,0.27472616572013986,0.8411754299288685,1.0733891807582552,-1.5604775497547658,0.4213503732625737,0.906897934142255,0.9832032720901962,0.18251390563771203,0
-1.2898533578947682,4,1.2351315279769222,0.6550218606173258,0,1969-12-31 23:59:59.999999999,-1.036292425551664,-0.9003578716520931,-1.1926468496775695,0.2959835148620921,-1.3540017169900538,1,4,1.115979270089193,0.6360249006373713,1.521203386118348,-1.2325188173372392,0.165776016158413,0,0,10,-1.661324772583615,-0.7791520061395124,-0.8798826901281196,0.0,-1.490320836259711,-0.6123724356957944,1.132322020188296,0.5512644907313008,0.6599535557222693,0.6603129806234728,0.4261415659163598,0.31782283069143574,-0.42051466321152303,0.09149788042738796,-0.4213503732625737,0.906897934142255,-0.9729578811050594,0.23098260020086597,0
-1.2872290377362845,0,0.5075676612008815,0.2103575769180877,1,1969-12-31 23:59:59.999999999,-1.0364963197024657,0.6107031527811635,-1.1926468496775695,0.8817379970479415,-0.7029309496613644,1,1,-1.2929350447306058,-0.7692805012451734,-1.652991412354796,-0.2880834504013773,1.4631535339199069,1,2,44,-1.516861748880692,-0.7791520061395124,-0.8798826901281196,0.0,-1.490320836259711,-0.6123724356957944,-0.8759814967918893,1.1315879401293119,-1.1921288698046946,0.6603129806234728,0.5018492660144698,0.31782283069143574,-0.42051466321152303,0.09149788042738796,-0.3867580601532345,0.9221812202091881,-0.9729578811050594,0.23098260020086597,0
-1.2846047175778006,4,0.5075676612008815,-0.8735116145988051,1,1969-12-31 23:59:59.999999999,-1.0362697706460196,3.9075635697264506,-1.1926468496775695,-1.2416220008757626,-0.2378804015694433,3,1,-0.8776049904513302,0.8702424676177954,-0.5909487918130297,0.1841342330665536,-1.1316015016030805,2,0,62,-1.372398725177769,-0.7791520061395124,-0.8798826901281196,0.0,-1.490320836259711,-0.6123724356957944,0.5967744156602466,-0.8772240000945728,-1.1921288698046946,-1.1913732075929888,2.0160032679766693,3.5626089459635186,-1.9144185071813014,-1.5604775497547658,-0.35161260297471486,0.9361455962772808,-0.9729578811050594,0.23098260020086597,0
-1.281980397419317,4,1.2351315279769222,0.4396375982005074,3,1969-12-31 23:59:59.999999999,-1.036078233716479,-1.312465423770254,-1.1926468496775695,-1.1684026906025315,0.4131903657592461,3,1,-0.3376759198882718,-0.2422909755392192,-0.20909077094408,0.6563519165344845,0.5982351887455776,2,1,30,-1.227935701474846,-0.7791520061395124,-0.8798826901281196,0.0,-1.490320836259711,-0.6123724356957944,3.8100600428285434,0.5959047560696094,-1.1921288698046946,-1.1913732075929888,1.7888801676823396,3.981291025353465,-1.9144185071813014,-1.5604775497547658,-0.3159642670044579,0.9487710903986987,-0.9729578811050594,0.23098260020086597,0
-1.279356077260833,3,0.0225250833501877,0.8704061230341443,1,1969-12-31 23:59:59.999999999,-1.0358290297543882,0.0154366886104866,0.6583747159595755,0.5156414456817857,1.3432914619430882,3,1,0.8252482320937001,0.0504809831863109,-1.092137444203526,0.8587309237350265,1.4631535339199069,0,0,7,-1.0834726777719228,-0.7791520061395124,-0.8798826901281196,0.0,-1.490320836259711,-0.6123724356957944,-1.2776422001879264,3.810003860427825,-1.1921288698046946,-1.1913732075929888,0.04760306542580989,0.0038112711489760626,-0.42051466321152303,1.7434733106095417,-0.27986403674065413,0.9600396455038853,-0.9729578811050594,0.23098260020086597,0
-1.276731757102349,0,1.2351315279769222,-1.033312841553219,0,1969-12-31 23:59:59.999999999,-1.0353924079365109,0.2443853286761315,-0.267136066858997,-1.461279931695456,1.2502813523247038,3,5,0.5345171940982071,1.3386776015786437,-0.7580116759431952,-0.5579221266687664,-0.699142329015916,1,0,36,-0.9390096540689998,-0.7791520061395124,-0.8798826901281196,0.0,-1.490320836259711,-0.6123724356957944,0.01659784408819306,-1.2789863881393497,0.6599535557222693,-1.1913732075929888,0.04760306542580989,0.0038112711489760626,-0.42051466321152303,0.09149788042738796,-0.24336354298385784,0.9699351452269085,-0.9729578811050594,0.23098260020086597,0
-1.2741074369438654,0,-1.1900813612765468,-0.5191697635259748,1,1969-12-31 23:59:59.999999999,-1.035180275638202,1.2975490729780983,-0.267136066858997,-0.8023061392363756,1.3432914619430882,0,2,0.9913802538054104,0.0504809831863109,-0.0420278868139145,0.1166745639997063,0.5982351887455776,0,2,3,-0.7945466303660768,-0.7791520061395124,-0.8798826901281196,0.0,-1.490320836259711,-0.6123724356957944,0.23974267930821366,0.015581306671598155,-0.2660876570412127,0.6603129806234728,0.04760306542580989,0.0038112711489760626,-0.42051466321152303,0.09149788042738796,-0.2065149889942563,0.9784434369551989,-0.9729578811050594,0.23098260020086597,0
-1.2714831167853815,3,0.5075676612008815,1.3845492010613885,3,1969-12-31 23:59:59.999999999,-1.0351885137857093,-1.678783247875286,0.6583747159595755,-1.5344992419686874,-1.2609916073716696,3,2,-1.4590670664423162,-0.7692805012451734,-1.1756688862686089,-0.6253817957356137,-0.699142329015916,0,1,48,-0.6500836066631537,-0.7791520061395124,-0.8798826901281196,0.0,-1.490320836259711,-0.6123724356957944,1.2662089213203085,0.2387826333631409,-0.2660876570412127,-0.2655301134847581,-0.028104634672300097,1.3645280291663013,-0.42051466321152303,0.09149788042738796,-0.16937107583020397,0.9855523520707153,-0.9729578811050594,0.23098260020086597,0
-1.268858796626898,1,-1.1900813612765468,-0.2759939833779539,3,1969-12-31 23:59:59.999999999,-1.0348301543691492,-0.4424605915208032,-0.267136066858997,-0.6558675186899132,1.3432914619430882,2,6,1.2821112918009034,-1.2377156352060217,0.2443656288377977,-1.5698171626714756,1.895612706507071,1,1,-26,-0.5056205829602307,-0.7791520061395124,-0.8798826901281196,0.0,-1.490320836259711,-0.6123724356957944,-1.6346739365399594,1.2655087361442376,0.6599535557222693,-0.2655301134847581,-0.40664313516285,1.3645280291663013,-0.42051466321152303,0.09149788042738796,-0.1319849269748023,0.9912517233535869,-0.9729578811050594,0.23098260020086597,0
-1.266234476468414,4,1.0411144968366446,0.6828133783485283,3,1969-12-31 23:59:59.999999999,-1.0346468555871156,1.66386689708313,0.6583747159595755,-1.3148413111489938,0.0411499272857092,0,6,-1.5421330772981712,0.226144158421629,-0.4119528445307095,-0.692841464802461,-1.564060674190245,0,0,67,-0.36115755925730764,-0.7791520061395124,-0.8798826901281196,0.0,-1.490320836259711,-0.6123724356957944,-0.4296918263518481,-1.6361085108458182,-0.2660876570412127,0.6603129806234728,-0.25522773496663004,1.7832101085562475,1.0733891807582552,0.09149788042738796,-0.09441001235832401,0.9955333995233415,-0.9729578811050594,0.23098260020086597,0
-1.2636101563099305,2,1.2351315279769222,-0.6511794727491861,3,1969-12-31 23:59:59.999999999,-1.034558295501414,0.9312312488730664,-1.1926468496775695,-1.5344992419686874,1.6223217907982408,0,6,-0.7530059741675474,-1.4719332021864455,-0.244889960400544,1.0611099309355685,-0.699142329015916,1,0,19,-0.21669453555438456,-0.7791520061395124,-0.8798826901281196,0.0,-1.490320836259711,-0.6123724356957944,1.6232406576723413,-0.43082134671148736,0.6599535557222693,-0.2655301134847581,1.1832185668974597,0.31782283069143574,-0.42051466321152303,0.09149788042738796,-0.056700071885147196,0.9983912568969238,-0.9729578811050594,0.23098260020086597,0
-1.2609858361514468,4,-1.1900813612765468,1.1066340237493646,4,1969-12-31 23:59:59.999999999,-1.0346118434602103,0.3359647847023895,1.583885498778148,0.2227642045888609,-1.2609916073716696,3,4,0.5345171940982071,1.1630144263433255,-1.3307987072466196,0.1841342330665536,1.4631535339199069,0,0,33,-0.07223151185146152,-0.7791520061395124,-0.8798826901281196,0.0,-1.490320836259711,-0.6123724356957944,0.9091771849682755,1.622630858850706,-1.1921288698046946,0.6603129806234728,1.6374647674861196,-0.6242118479359433,1.0733891807582552,1.7434733106095417,-0.01890903857456981,0.9998212081468293,-0.9729578811050594,0.23098260020086597,0
-1.2583615159929629,4,-1.1900813612765468,-0.4149515720339658,1,1969-12-31 23:59:59.999999999,-1.034031054060958,-0.946147599665222,-1.1926468496775695,5.201677303168582,-0.8889511688981327,0,3,1.1990452809450485,0.1090353749314169,1.043880860032161,-0.3555431194682246,0.5982351887455776,1,2,-1,0.07223151185146152,-0.7791520061395124,-0.8798826901281196,0.0,-1.490320836259711,-0.6123724356957944,0.3290006133962219,0.9083866134377692,1.5859947684857512,-1.1913732075929888,0.19901846562202985,0.10848179099646262,-0.42051466321152303,1.7434733106095417,0.01890903857456981,0.9998212081468293,-0.9729578811050594,0.23098260020086597,0
-1.2557371958344792,1,-1.1900813612765468,1.1830606975101712,2,1969-12-31 23:59:59.999999999,-1.0339486725858866,0.8396517928468084,0.6583747159595755,-1.461279931695456,-0.2378804015694433,2,5,-0.1715438981765615,-0.5350629342647494,0.9364832916627688,0.8587309237350265,1.0306943613327422,2,0,21,0.21669453555438456,-0.7791520061395124,-0.8798826901281196,0.0,-1.490320836259711,-0.6123724356957944,-0.9206104638358934,0.328063164039758,-1.1921288698046946,1.5861560747317036,0.12331076552391987,0.0038112711489760626,1.0733891807582552,1.7434733106095417,0.056700071885147196,0.9983912568969238,-0.9729578811050594,0.23098260020086597,0
-1.2531128756759955,4,-0.6080302678557142,-0.6303358344507843,1,1969-12-31 23:59:59.999999999,-1.0338271599101565,0.1985956006630025,-1.1926468496775695,-1.1684026906025315,0.3201802561408619,0,3,-0.3792089253161994,1.3972319933237496,1.2825421230752545,0.5888922474676374,0.5982351887455776,1,0,59,0.36115755925730764,-0.7791520061395124,-0.8798826901281196,0.0,-1.490320836259711,-0.6123724356957944,0.8199192508802672,-0.9218642654328814,0.6599535557222693,-1.1913732075929888,0.04760306542580989,0.0038112711489760626,-0.42051466321152303,0.09149788042738796,0.09441001235832401,0.9955333995233415,-0.9729578811050594,0.23098260020086597,0
-1.2504885555175116,3,-0.6080302678557142,-1.1722704302092308,4,1969-12-31 23:59:59.999999999,-1.0332278346790131,-0.3966708635076743,-1.1926468496775695,1.6871504100534849,0.0411499272857092,0,6,1.5313093243684688,-0.8863892847353856,-1.12793663365999,2.882520995740445,0.5982351887455776,0,2,-26,0.5056205829602307,-0.7791520061395124,-0.8798826901281196,0.0,-1.490320836259711,-0.6123724356957944,0.19511371226420954,0.819106082761152,-1.1921288698046946,0.6603129806234728,0.3504338658182498,-0.6242118479359433,-0.42051466321152303,0.09149788042738796,0.1319849269748023,0.9912517233535869,-0.9729578811050594,0.23098260020086597,0
-1.247864235359028,3,-0.6080302678557142,0.8495624847357426,3,1969-12-31 23:59:59.999999999,-1.0333575855022503,0.2443853286761315,-0.267136066858997,0.7352993765014793,-1.0749713881349012,2,6,0.5345171940982071,-1.1206068517158096,1.258675996770945,1.0611099309355685,1.0306943613327422,0,1,-6,0.6500836066631537,-0.7791520061395124,-0.8798826901281196,0.0,-1.490320836259711,-0.6123724356957944,-0.385062859307844,0.19414236802483237,-1.1921288698046946,-1.1913732075929888,0.04760306542580989,-1.2522349670208626,-1.9144185071813014,-1.5604775497547658,0.16937107583020397,0.9855523520707153,-0.9729578811050594,0.23098260020086597,0
-1.2452399152005442,0,-1.1900813612765468,1.099686144316564,4,1969-12-31 23:59:59.999999999,-1.0327912128611354,-1.449834607809641,0.6583747159595755,-0.5094288981434508,-1.5400219362268222,2,1,0.7421822212378449,-0.3593997590294313,-0.8654092443125873,0.3865132402670955,1.0306943613327422,2,2,2,0.7945466303660768,-0.7791520061395124,-0.8798826901281196,0.0,-1.490320836259711,-0.6123724356957944,0.23974267930821366,-0.3861810813731788,-0.2660876570412127,-1.1913732075929888,-0.8608893357515099,-0.1008592486985105,-0.42051466321152303,0.09149788042738796,0.2065149889942563,0.9784434369551989,-0.9729578811050594,0.23098260020086597,0
-1.2426155950420603,2,1.3806443013321303,0.2173054563508883,0,1969-12-31 23:59:59.999999999,-1.0328159273036568,1.3433388009912273,0.6583747159595755,-0.8755254495096068,0.1341600369040935,0,3,1.406710308084686,0.4603617254020531,-0.2687560867048534,-0.7603011338693082,-0.699142329015916,2,0,0,0.9390096540689998,-0.7791520061395124,-0.8798826901281196,0.0,-1.490320836259711,-0.6123724356957944,-1.4115291013199387,0.2387826333631409,0.6599535557222693,-0.2655301134847581,0.12331076552391987,1.1551869894713283,1.0733891807582552,0.09149788042738796,0.24336354298385784,0.9699351452269085,-0.9729578811050594,0.23098260020086597,0
-1.2399912748835766,4,0.5075676612008815,-1.3946025720588495,0,1969-12-31 23:59:59.999999999,-1.0327994510086425,-0.3050914074814163,0.6583747159595755,1.4674924792337911,1.3432914619430882,1,1,-1.5006000718702437,0.6945792923824773,-0.7938108653996592,0.9261905928018735,-0.699142329015916,2,0,74,1.0834726777719228,-0.7791520061395124,-0.8798826901281196,0.0,-1.490320836259711,-0.6123724356957944,1.3108378883643126,-1.4129071841542755,0.6599535557222693,0.6603129806234728,-0.17952003486852006,1.1551869894713283,1.0733891807582552,-1.5604775497547658,0.27986403674065413,0.9600396455038853,-0.9729578811050594,0.23098260020086597,0
-1.237366954725093,4,-1.1900813612765468,1.7597346904326203,1,1969-12-31 23:59:59.999999999,-1.032323697990106,0.9770209768861954,-0.267136066858997,-1.1684026906025315,1.1572712427063196,0,3,-0.3376759198882718,-0.2422909755392192,-0.0181617605096052,-0.692841464802461,-1.1316015016030805,1,1,30,1.227935701474846,-0.7791520061395124,-0.8798826901281196,0.0,-1.490320836259711,-0.6123724356957944,-0.29580492521983576,1.310149001482546,0.6599535557222693,0.6603129806234728,1.1075108667993496,-0.1008592486985105,1.0733891807582552,0.09149788042738796,0.3159642670044579,0.9487710903986987,-0.9729578811050594,0.23098260020086597,0
-1.234742634566609,1,-1.1900813612765468,-0.2134630684827485,1,1969-12-31 23:59:59.999999999,-1.0321053870811672,-1.5872037918490278,-0.267136066858997,1.540711789507022,-0.2378804015694433,2,3,-0.2546099090324166,-0.7107261095000674,1.8911283438351432,-0.8277608029361555,0.5982351887455776,1,2,20,1.372398725177769,-0.7791520061395124,-0.8798826901281196,0.0,-1.490320836259711,-0.6123724356957944,0.9538061520122796,-0.2969005506965617,-0.2660876570412127,0.6603129806234728,-0.48235083526096,0.8411754299288685,-0.42051466321152303,0.09149788042738796,0.35161260297471486,0.9361455962772808,-0.9729578811050594,0.23098260020086597,0
-1.2321183144081254,3,1.2351315279769222,-0.9846776855236148,2,1969-12-31 23:59:59.999999999,-1.0321342205974422,1.0686004329124532,1.583885498778148,-1.388060621422225,-1.447011826608438,2,1,1.3651773026567584,-1.0034980682255976,-1.056338254747062,-1.5023574936046282,-1.564060674190245,1,0,-24,1.516861748880692,-0.7791520061395124,-0.8798826901281196,0.0,-1.490320836259711,-0.6123724356957944,-1.5454160024519512,0.9530268787760777,-0.2660876570412127,-0.2655301134847581,0.27472616572013986,1.3645280291663013,1.0733891807582552,0.09149788042738796,0.3867580601532345,0.9221812202091881,-0.9729578811050594,0.23098260020086597,0
-1.2294939942496417,2,1.2351315279769222,-1.373758933760448,2,1969-12-31 23:59:59.999999999,-1.016339632289404,0.5649134247680344,-1.1926468496775695,0.0031062737691674,0.1341600369040935,2,6,4.272487682611689,-0.4179541507745373,1.1393453652493986,1.0611099309355685,-1.564060674190245,1,1,-84,1.661324772583615,-0.7791520061395124,-0.8798826901281196,0.0,-1.490320836259711,-0.6123724356957944,1.0430640861002878,-1.546827980169201,1.5859947684857512,-0.2655301134847581,0.04760306542580989,1.1551869894713283,-0.42051466321152303,0.09149788042738796,0.4213503732625737,0.906897934142255,-0.9729578811050594,0.23098260020086597,0
-1.2268696740911578,0,0.5075676612008815,-1.116687394746826,0,1969-12-31 23:59:59.999999999,-1.0158741769552515,0.6107031527811635,-1.1926468496775695,-0.8755254495096068,0.8782409138511671,1,1,-1.957463131577447,-0.2422909755392192,-1.020539065290598,-0.2880834504013773,0.5982351887455776,1,0,69,-1.661324772583615,-0.6587773984494192,-0.8798826901281196,0.0,-0.9843477128382041,-0.6123724356957944,0.5521454486162425,1.0423074094526947,-1.1921288698046946,1.5861560747317036,1.2589262669955696,-1.4615760067158357,-0.42051466321152303,0.09149788042738796,-0.4213503732625737,0.906897934142255,-0.7729949150001408,0.6344122172404351,0
-1.224245353932674,3,-0.6080302678557142,-1.5682995578788648,3,1969-12-31 23:59:59.999999999,-1.0160780711060529,-0.1677222234420293,-1.1926468496775695,-0.7290868289631444,1.4363015715614724,2,6,-0.4622749361720545,-1.0034980682255976,1.1870776178580171,0.3865132402670955,-0.2666831564287514,0,1,20,-1.516861748880692,-0.6587773984494192,-0.8798826901281196,0.0,-0.9843477128382041,-0.6123724356957944,0.5967744156602466,0.5512644907313008,-1.1921288698046946,-1.1913732075929888,0.5775569661125798,-1.0428939273258895,-1.9144185071813014,-1.5604775497547658,-0.3867580601532345,0.9221812202091881,-0.7729949150001408,0.6344122172404351,0
-1.2216210337741904,0,0.5075676612008815,-1.1792183096420314,4,1969-12-31 23:59:59.999999999,-1.0154416742111272,-1.358255151783383,-1.1926468496775695,-0.8023061392363756,0.5992105849960145,3,3,-1.5421330772981712,0.9287968593629016,0.5784913970981286,-0.8952204720030028,1.4631535339199069,0,0,79,-1.372398725177769,-0.6587773984494192,-0.8798826901281196,0.0,-0.9843477128382041,-0.6123724356957944,-0.1619180240878234,0.5959047560696094,-1.1921288698046946,-1.1913732075929888,-0.48235083526096,0.21315231084394917,-1.9144185071813014,-1.5604775497547658,-0.35161260297471486,0.9361455962772808,-0.7729949150001408,0.6344122172404351,0
-1.2189967136157065,1,0.0225250833501877,-1.5891431961772664,2,1969-12-31 23:59:59.999999999,-1.0151986488596672,-1.5872037918490278,0.6583747159595755,-1.5344992419686874,0.8782409138511671,3,4,0.9083142429495552,-1.4719332021864455,-1.2353342020293825,0.993650261868721,1.0306943613327422,0,0,-21,-1.227935701474846,-0.6587773984494192,-0.8798826901281196,0.0,-0.9843477128382041,-0.6123724356957944,-1.3222711672319305,-0.16297975468163606,-1.1921288698046946,-1.1913732075929888,-1.6936740368307197,-0.41487080824097017,-0.42051466321152303,1.7434733106095417,-0.3159642670044579,0.9487710903986987,-0.7729949150001408,0.6344122172404351,0
-1.2163723934572228,1,-1.1900813612765468,1.322018286166183,2,1969-12-31 23:59:59.999999999,-1.0152542563553402,0.4733339687417764,0.6583747159595755,-0.6558675186899132,1.9013521196533931,1,4,-0.794538979595475,0.9287968593629016,-0.0181617605096052,-1.5023574936046282,-1.564060674190245,1,1,61,-1.0834726777719228,-0.6587773984494192,-0.8798826901281196,0.0,-0.9843477128382041,-0.6123724356957944,-1.5454160024519512,-1.3236266534776584,0.6599535557222693,-1.1913732075929888,-1.39084323643828,0.4224933505389223,-0.42051466321152303,1.7434733106095417,-0.27986403674065413,0.9600396455038853,-0.7729949150001408,0.6344122172404351,0
-1.2137480732987391,4,0.5075676612008815,-0.5955964372867814,3,1969-12-31 23:59:59.999999999,-1.014784681947434,-1.404044879796512,-1.1926468496775695,0.4424221354085545,0.7852308042327829,2,0,-0.0469448818927788,-0.7692805012451734,0.70975509177183,-1.0975994792035446,-0.2666831564287514,2,1,14,-0.9390096540689998,-0.6587773984494192,-0.8798826901281196,0.0,-0.9843477128382041,-0.6123724356957944,0.46288751452823423,-1.546827980169201,0.6599535557222693,0.6603129806234728,-1.39084323643828,0.5271638703864089,-0.42051466321152303,0.09149788042738796,-0.24336354298385784,0.9699351452269085,-0.7729949150001408,0.6344122172404351,0
-1.2111237531402552,2,0.0225250833501877,-0.137036394721942,3,1969-12-31 23:59:59.999999999,-1.0147867414843108,-0.6256195035733192,0.6583747159595755,0.0031062737691674,-1.2609916073716696,2,5,-0.3792089253161994,-0.8278348929902795,0.5068930181852006,-0.5579221266687664,-0.2666831564287514,0,0,21,-0.7945466303660768,-0.6587773984494192,-0.8798826901281196,0.0,-0.9843477128382041,-0.6123724356957944,-1.3669001342759346,0.4619839600546837,-1.1921288698046946,0.6603129806234728,-0.8608893357515099,0.0038112711489760626,-0.42051466321152303,0.09149788042738796,-0.2065149889942563,0.9784434369551989,-0.7729949150001408,0.6344122172404351,0
-1.2084994329817715,0,-0.6080302678557142,-0.7692934231067962,1,1969-12-31 23:59:59.999999999,-1.014621978534168,-1.358255151783383,0.6583747159595755,0.2959835148620921,0.4131903657592461,3,1,1.406710308084686,-1.2962700269511278,-0.0181617605096052,-1.434897824537781,-1.1316015016030805,0,1,-30,-0.6500836066631537,-0.6587773984494192,-0.8798826901281196,0.0,-0.9843477128382041,-0.6123724356957944,-0.6082076945278646,-1.3682669188159668,0.6599535557222693,-1.1913732075929888,-1.8450894370269397,-1.1475644471733761,-0.42051466321152303,0.09149788042738796,-0.16937107583020397,0.9855523520707153,-0.7729949150001408,0.6344122172404351,0
-1.205875112823288,3,-0.6080302678557142,0.6619697400501264,4,1969-12-31 23:59:59.999999999,-1.0142121306956886,1.755446353109388,0.6583747159595755,0.8085186867747104,-0.8889511688981327,3,2,0.9083142429495552,1.0459056428531135,0.6978220286196753,-0.692841464802461,0.165776016158413,1,0,22,-0.5056205829602307,-0.6587773984494192,-0.8798826901281196,0.0,-0.9843477128382041,-0.6123724356957944,-1.3222711672319305,-0.6093824080647215,0.6599535557222693,0.6603129806234728,-0.10381233477041008,1.5738690688612744,1.0733891807582552,-1.5604775497547658,-0.1319849269748023,0.9912517233535869,-0.7729949150001408,0.6344122172404351,0
-1.203250792664804,1,0.5075676612008815,1.1205297826149658,3,1969-12-31 23:59:59.999999999,-1.0139794030286124,0.5191236967549054,0.6583747159595755,-1.388060621422225,-1.447011826608438,0,1,0.3683851723864969,0.9873512511080076,-0.614814918117339,-0.5579221266687664,1.0306943613327422,1,0,34,-0.36115755925730764,-0.6587773984494192,-0.8798826901281196,0.0,-0.9843477128382041,-0.6123724356957944,1.7124985917603497,-1.3236266534776584,0.6599535557222693,0.6603129806234728,0.5018492660144698,1.469198549013788,1.0733891807582552,-1.5604775497547658,-0.09441001235832401,0.9955333995233415,-0.7729949150001408,0.6344122172404351,0
-1.2006264725063205,4,-0.6080302678557142,0.9259891584965492,2,1969-12-31 23:59:59.999999999,-1.014181237642537,1.3891285290043562,-1.1926468496775695,1.6139310997802534,1.2502813523247038,1,5,1.3651773026567584,-0.5350629342647494,0.3994954498158085,-1.6372768317383228,-0.699142329015916,1,2,-16,-0.21669453555438456,-0.6587773984494192,-0.8798826901281196,0.0,-0.9843477128382041,-0.6123724356957944,0.5075164815722384,1.711911389527323,0.6599535557222693,0.6603129806234728,2.0160032679766693,-0.6242118479359433,-0.42051466321152303,1.7434733106095417,-0.056700071885147196,0.9983912568969238,-0.7729949150001408,0.6344122172404351,0
-1.1980021523478366,4,0.5075676612008815,0.9259891584965492,2,1969-12-31 23:59:59.999999999,-1.0135510193582418,0.9770209768861954,0.6583747159595755,0.2959835148620921,-1.5400219362268222,0,3,0.8252482320937001,-0.6521717177549614,1.378006628292492,-0.7603011338693082,-1.564060674190245,0,0,-5,-0.07223151185146152,-0.6587773984494192,-0.8798826901281196,0.0,-0.9843477128382041,-0.6123724356957944,1.3554668554083167,0.5066242253929922,-1.1921288698046946,0.6603129806234728,1.6374647674861196,-1.0428939273258895,-0.42051466321152303,0.09149788042738796,-0.01890903857456981,0.9998212081468293,-0.7729949150001408,0.6344122172404351,0
-1.195377832189353,0,1.2351315279769222,-1.3598631748948469,0,1969-12-31 23:59:59.999999999,-1.0135633765795025,-1.129306511717738,0.6583747159595755,1.6139310997802534,1.4363015715614724,1,5,-0.2130769036044891,-1.0034980682255976,1.378006628292492,0.2515939021334009,-0.699142329015916,2,0,14,0.07223151185146152,-0.6587773984494192,-0.8798826901281196,0.0,-0.9843477128382041,-0.6123724356957944,0.9538061520122796,1.3547892668208548,0.6599535557222693,-1.1913732075929888,0.7289723663087997,1.0505164696238416,-0.42051466321152303,0.09149788042738796,0.01890903857456981,0.9998212081468293,-0.7729949150001408,0.6344122172404351,0
-1.192753512030869,1,-0.6080302678557142,-0.9429904089268112,3,1969-12-31 23:59:59.999999999,-1.0131782431835443,0.9770209768861954,1.583885498778148,0.8085186867747104,-1.3540017169900538,2,3,-1.2929350447306058,-0.0666278003039011,-0.3045552761613174,0.8587309237350265,-0.2666831564287514,1,1,56,0.21669453555438456,-0.6587773984494192,-0.8798826901281196,0.0,-0.9843477128382041,-0.6123724356957944,-1.09912633201191,0.9530268787760777,0.6599535557222693,0.6603129806234728,0.5018492660144698,0.736504910081382,1.0733891807582552,0.09149788042738796,0.056700071885147196,0.9983912568969238,-0.7729949150001408,0.6344122172404351,0
-1.190129191872385,2,0.5075676612008815,-0.9360425294940103,1,1969-12-31 23:59:59.999999999,-1.01334094659681,1.2975490729780983,-1.1926468496775695,-0.948744759782838,-0.8889511688981327,2,0,0.9913802538054104,-0.4179541507745373,0.4233615761201178,-0.692841464802461,1.4631535339199069,1,2,-5,0.36115755925730764,-0.6587773984494192,-0.8798826901281196,0.0,-0.9843477128382041,-0.6123724356957944,0.9538061520122796,-1.1004253267861157,1.5859947684857512,0.6603129806234728,0.6532646662106898,0.945845949776355,-0.42051466321152303,1.7434733106095417,0.09441001235832401,0.9955333995233415,-0.7729949150001408,0.6344122172404351,0
-1.1875048717139014,1,0.5075676612008815,0.1547745414556829,4,1969-12-31 23:59:59.999999999,-1.0127725144188184,0.8854415208599373,0.6583747159595755,-0.5094288981434508,-0.6099208400429801,1,5,1.2405782863729755,1.4557863850688555,-0.6028818549651844,0.3865132402670955,1.0306943613327422,2,1,21,0.5056205829602307,-0.6587773984494192,-0.8798826901281196,0.0,-0.9843477128382041,-0.6123724356957944,1.2662089213203085,0.9530268787760777,-1.1921288698046946,1.5861560747317036,1.7888801676823396,-1.5662465265633223,1.0733891807582552,1.7434733106095417,0.1319849269748023,0.9912517233535869,-0.7729949150001408,0.6344122172404351,0
-1.1848805515554175,0,0.701584692341159,-0.2620982245123527,1,1969-12-31 23:59:59.999999999,-1.012626287300567,1.66386689708313,-1.1926468496775695,0.662080066228248,0.7852308042327829,0,6,1.032913259233338,-1.4133788104413398,-0.0181617605096052,0.4539729093339427,1.0306943613327422,2,1,-23,0.6500836066631537,-0.6587773984494192,-0.8798826901281196,0.0,-0.9843477128382041,-0.6123724356957944,0.8645482179242713,1.2655087361442376,0.6599535557222693,-1.1913732075929888,2.1674186681728895,-1.2522349670208626,-0.42051466321152303,1.7434733106095417,0.16937107583020397,0.9855523520707153,-0.7729949150001408,0.6344122172404351,0
-1.1822562313969338,0,0.5075676612008815,-1.1375310330452275,2,1969-12-31 23:59:59.999999999,-1.0127354427550364,-1.6329935198621568,-0.267136066858997,-0.2165516570505261,0.3201802561408619,3,1,-1.376001055586461,0.226144158421629,-0.7938108653996592,0.993650261868721,-1.1316015016030805,2,0,63,0.7945466303660768,-0.6587773984494192,-0.8798826901281196,0.0,-0.9843477128382041,-0.6123724356957944,1.6232406576723413,0.8637463480994606,-1.1921288698046946,0.6603129806234728,0.5018492660144698,1.8878806284037342,-0.42051466321152303,0.09149788042738796,0.2065149889942563,0.9784434369551989,-0.7729949150001408,0.6344122172404351,0
-1.17963191123845,1,0.5075676612008815,-0.6094921961523825,1,1969-12-31 23:59:59.999999999,-1.012550084436126,1.4807079850306142,1.583885498778148,1.9800276511464088,-0.7029309496613644,1,5,-1.3344680501585335,-0.6521717177549614,-0.0420278868139145,0.6563519165344845,0.5982351887455776,1,0,47,0.9390096540689998,-0.6587773984494192,-0.8798826901281196,0.0,-0.9843477128382041,-0.6123724356957944,-1.5900449694959553,1.622630858850706,-0.2660876570412127,-1.1913732075929888,0.8803877665050197,2.0972216680987072,-0.42051466321152303,1.7434733106095417,0.24336354298385784,0.9699351452269085,-0.7729949150001408,0.6344122172404351,0
-1.1770075910799664,0,-1.1900813612765468,0.1964618180524865,2,1969-12-31 23:59:59.999999999,-1.0122164394620874,-1.8619421599278017,-1.1926468496775695,-1.3148413111489938,0.0411499272857092,1,6,-0.9191379958792576,0.226144158421629,-1.0444051915949075,0.7238115856013319,-0.699142329015916,1,0,52,1.0834726777719228,-0.6587773984494192,-0.8798826901281196,0.0,-0.9843477128382041,-0.6123724356957944,1.4447247894963249,-1.5914682455075098,1.5859947684857512,-0.2655301134847581,-1.0880124360458399,2.2018921879461937,-0.42051466321152303,0.09149788042738796,0.27986403674065413,0.9600396455038853,-0.7729949150001408,0.6344122172404351,0
-1.1743832709214823,1,0.3620548878456733,1.6207771017766086,2,1969-12-31 23:59:59.999999999,-1.0115141373871048,1.4349182570174852,1.583885498778148,-1.6077185522419186,-0.7959410592797486,1,5,-0.0884778873207064,0.6945792923824773,0.1011688710119415,1.26348893813611,1.4631535339199069,0,1,40,1.227935701474846,-0.6587773984494192,-0.8798826901281196,0.0,-0.9843477128382041,-0.6123724356957944,-1.8131898047159758,1.4440697974974717,-1.1921288698046946,1.5861560747317036,0.5775569661125798,2.3065627077936806,1.0733891807582552,1.7434733106095417,0.3159642670044579,0.9487710903986987,-0.7729949150001408,0.6344122172404351,0
-1.1717589507629989,3,-0.6080302678557142,1.683308016671814,2,1969-12-31 23:59:59.999999999,-0.9956433462146258,-1.678783247875286,-1.1926468496775695,0.5888607559550169,0.5062004753776304,2,2,-0.1300108927486339,1.3972319933237496,0.1847003130770243,-1.2325188173372392,-0.699142329015916,0,1,53,1.372398725177769,-0.6587773984494192,-0.8798826901281196,0.0,-0.9843477128382041,-0.6123724356957944,1.4000958224523208,-1.8146695721990524,1.5859947684857512,-1.1913732075929888,-1.1637201361439498,2.0972216680987072,-0.42051466321152303,1.7434733106095417,0.35161260297471486,0.9361455962772808,-0.7729949150001408,0.6344122172404351,0
-1.1691346306045152,1,-0.6080302678557142,0.0297127116652722,2,1969-12-31 23:59:59.999999999,-1.0117056743166457,0.3817545127155185,-1.1926468496775695,-0.8023061392363756,1.6223217907982408,1,6,-0.2130769036044891,0.9287968593629016,-1.4143301493117024,1.1285696000024157,-0.699142329015916,0,0,47,1.516861748880692,-0.6587773984494192,-0.8798826901281196,0.0,-0.9843477128382041,-0.6123724356957944,-1.6346739365399594,1.3994295321591632,-1.1921288698046946,1.5861560747317036,0.12331076552391987,1.469198549013788,-0.42051466321152303,0.09149788042738796,0.3867580601532345,0.9221812202091881,-0.7729949150001408,0.6344122172404351,0
-1.1665103104460313,1,0.0225250833501877,-1.5544037990132635,2,1969-12-31 23:59:59.999999999,-0.9952623318924212,-0.6714092315864482,-1.1926468496775695,-0.2165516570505261,1.2502813523247038,2,4,0.5345171940982071,-0.5936173260098554,-0.7460786127910405,0.5888922474676374,1.4631535339199069,0,1,3,1.661324772583615,-0.6587773984494192,-0.8798826901281196,0.0,-0.9843477128382041,-0.6123724356957944,0.37362958044022604,-1.6361085108458182,-1.1921288698046946,-1.1913732075929888,-1.01230473594773,0.21315231084394917,-1.9144185071813014,-1.5604775497547658,0.4213503732625737,0.906897934142255,-0.7729949150001408,0.6344122172404351,0
-1.1638859902875476,0,-0.6080302678557142,0.7175527755125313,0,1970-01-01 00:00:00.000000000,-0.995330296609355,1.1601798889387114,1.583885498778148,1.1746152381408663,0.8782409138511671,3,6,0.6175832049540623,0.8702424676177954,0.0415035552511681,-0.0857044432008354,0.5982351887455776,0,2,26,-1.661324772583615,-0.538402790759326,-0.8798826901281196,0.0,-0.4783745894166973,-0.6123724356957944,-0.6528366615718687,0.37270342937806655,-1.1921288698046946,-1.1913732075929888,0.5018492660144698,0.0038112711489760626,-0.42051466321152303,0.09149788042738796,-0.4213503732625737,0.906897934142255,-0.4163144622372215,0.9092206929740068,0
-1.161261670129064,0,0.0225250833501877,1.3428619244645847,1,1970-01-01 00:00:00.000000000,-0.9952891058718194,-1.266675695757125,0.6583747159595755,-1.5344992419686874,-1.3540017169900538,3,0,1.5728423297963965,0.5774705088922653,-0.4716181602914829,-0.5579221266687664,1.0306943613327422,0,2,-2,-1.516861748880692,-0.538402790759326,-0.8798826901281196,0.0,-0.4783745894166973,-0.6123724356957944,1.132322020188296,-0.6540226734030301,1.5859947684857512,-1.1913732075929888,-0.40664313516285,0.736504910081382,1.0733891807582552,0.09149788042738796,-0.3867580601532345,0.9221812202091881,-0.4163144622372215,0.9092206929740068,0
-1.15863734997058,4,0.5075676612008815,-1.5057686429836594,0,1970-01-01 00:00:00.000000000,-0.9946094587024814,0.3817545127155185,-0.267136066858997,0.2959835148620921,1.4363015715614724,0,3,-0.71147296873962,-0.2422909755392192,0.4949599550330459,-0.6253817957356137,-0.2666831564287514,1,2,39,-1.372398725177769,-0.538402790759326,-0.8798826901281196,0.0,-0.4783745894166973,-0.6123724356957944,-1.2330132331439223,1.1315879401293119,0.6599535557222693,1.5861560747317036,0.19901846562202985,0.736504910081382,1.0733891807582552,0.09149788042738796,-0.35161260297471486,0.9361455962772808,-0.4163144622372215,0.9092206929740068,0
-1.1560130298120963,4,-1.1900813612765468,-0.1787236713187455,0,1970-01-01 00:00:00.000000000,-0.994397326404173,0.4275442407286475,0.6583747159595755,-1.5344992419686874,0.2271701465224777,2,6,1.0744462646612656,-0.6521717177549614,0.0057043657947041,-0.692841464802461,0.165776016158413,0,1,-11,-1.227935701474846,-0.538402790759326,-0.8798826901281196,0.0,-0.4783745894166973,-0.6123724356957944,0.37362958044022604,-1.2343461228010413,-0.2660876570412127,0.6603129806234728,-0.25522773496663004,0.10848179099646262,1.0733891807582552,-1.5604775497547658,-0.3159642670044579,0.9487710903986987,-0.4163144622372215,0.9092206929740068,0
-1.1533887096536126,3,0.0225250833501877,-0.6164400755851831,3,1970-01-01 00:00:00.000000000,-0.9948174719270364,0.7022826088074214,-1.1926468496775695,-0.8023061392363756,0.5062004753776304,3,5,0.4099181778144244,0.1090353749314169,1.3541405019881827,0.049214894932859,1.4631535339199069,1,2,18,-1.0834726777719228,-0.538402790759326,-0.8798826901281196,0.0,-0.4783745894166973,-0.6123724356957944,0.41825854748423014,0.37270342937806655,0.6599535557222693,-0.2655301134847581,0.8803877665050197,-1.670917046410809,-0.42051466321152303,0.09149788042738796,-0.27986403674065413,0.9600396455038853,-0.4163144622372215,0.9092206929740068,0
-1.1507643894951287,4,0.0225250833501877,-0.6164400755851831,3,1970-01-01 00:00:00.000000000,-0.993991597639447,-0.5340400475470612,-1.1926468496775695,1.101395927867635,-0.7959410592797486,3,4,-1.0022040067351128,-0.8278348929902795,-1.6768575386591054,1.26348893813611,0.165776016158413,1,0,36,-0.9390096540689998,-0.538402790759326,-0.8798826901281196,0.0,-0.4783745894166973,-0.6123724356957944,0.6860323497482549,0.4173436947163751,-1.1921288698046946,0.6603129806234728,0.3504338658182498,-0.6242118479359433,-1.9144185071813014,0.09149788042738796,-0.24336354298385784,0.9699351452269085,-0.4163144622372215,0.9092206929740068,0
-1.148140069336645,1,-1.3355941346317548,-0.4774824869291711,3,1970-01-01 00:00:00.000000000,-0.9938947994062384,-0.3508811354945452,0.6583747159595755,-1.5344992419686874,-0.8889511688981327,0,4,-0.3376759198882718,1.3972319933237496,0.7813534706847581,-1.6372768317383228,0.165776016158413,2,0,58,-0.7945466303660768,-0.538402790759326,-0.8798826901281196,0.0,-0.4783745894166973,-0.6123724356957944,-0.5189497604398564,0.6851852867462264,-1.1921288698046946,-1.1913732075929888,-0.10381233477041008,-0.6242118479359433,-1.9144185071813014,0.09149788042738796,-0.2065149889942563,0.9784434369551989,-0.4163144622372215,0.9092206929740068,0
-1.1455157491781611,0,0.0225250833501877,-1.04720860041882,4,1970-01-01 00:00:00.000000000,-0.9936270596122566,-1.404044879796512,0.6583747159595755,1.6871504100534849,0.3201802561408619,0,6,-0.8360719850234026,0.7531336841275833,0.4591607655765818,-1.2325188173372392,-1.564060674190245,1,0,59,-0.6500836066631537,-0.538402790759326,-0.8798826901281196,0.0,-0.4783745894166973,-0.6123724356957944,-0.3404338922638399,-0.5201018773881044,0.6599535557222693,-1.1913732075929888,-1.2394278362420599,-0.8335528876309164,-0.42051466321152303,0.09149788042738796,-0.16937107583020397,0.9855523520707153,-0.4163144622372215,0.9092206929740068,0
-1.1428914290196774,4,-0.6080302678557142,1.322018286166183,3,1970-01-01 00:00:00.000000000,-0.9939895381025702,0.5649134247680344,-1.1926468496775695,-0.3629902775969885,-0.5169107304245959,0,5,1.2405782863729755,-1.1791612434609158,-0.7580116759431952,0.049214894932859,-0.2666831564287514,1,2,-24,-0.5056205829602307,-0.538402790759326,-0.8798826901281196,0.0,-0.4783745894166973,-0.6123724356957944,-1.3669001342759346,-0.34154081603487024,0.6599535557222693,0.6603129806234728,-0.6337662354571799,0.21315231084394917,-0.42051466321152303,0.09149788042738796,-0.1319849269748023,0.9912517233535869,-0.4163144622372215,0.9092206929740068,0
-1.1402671088611938,4,-1.1900813612765468,0.6619697400501264,1,1970-01-01 00:00:00.000000000,-0.993190437794379,0.0612264166236156,1.583885498778148,-0.1433323467772949,-1.5400219362268222,2,4,1.323644297228831,0.8116880758726893,-1.426263212463857,-1.3674381554709338,1.4631535339199069,1,2,8,-0.36115755925730764,-0.538402790759326,-0.8798826901281196,0.0,-0.4783745894166973,-0.6123724356957944,0.5521454486162425,-1.3682669188159668,-1.1921288698046946,0.6603129806234728,-0.40664313516285,0.31782283069143574,-0.42051466321152303,1.7434733106095417,-0.09441001235832401,0.9955333995233415,-0.4163144622372215,0.9092206929740068,0
-1.13764278870271,3,1.2351315279769222,1.648568619507811,0,1970-01-01 00:00:00.000000000,-0.9933840342607964,1.0228107048993242,-1.1926468496775695,1.540711789507022,0.2271701465224777,1,2,-0.9191379958792576,-1.1206068517158096,-0.6864132970302671,0.3190535712002482,0.165776016158413,2,1,29,-0.21669453555438456,-0.538402790759326,-0.8798826901281196,0.0,-0.4783745894166973,-0.6123724356957944,0.06122681113219718,0.5512644907313008,1.5859947684857512,-1.1913732075929888,0.9560954666031297,-0.9382234074784029,-0.42051466321152303,1.7434733106095417,-0.056700071885147196,0.9983912568969238,-0.4163144622372215,0.9092206929740068,0
-1.1350184685442262,3,-1.1900813612765468,-0.428847330899567,1,1970-01-01 00:00:00.000000000,-0.9928361974515724,-1.0377270556914802,1.583885498778148,-0.5094288981434508,-1.3540017169900538,2,6,-1.2929350447306058,-1.1206068517158096,-1.0802043810513715,0.6563519165344845,1.4631535339199069,1,0,38,-0.07223151185146152,-0.538402790759326,-0.8798826901281196,0.0,-0.4783745894166973,-0.6123724356957944,0.9984351190562837,0.0602215720099067,-1.1921288698046946,1.5861560747317036,0.04760306542580989,0.21315231084394917,1.0733891807582552,1.7434733106095417,-0.01890903857456981,0.9998212081468293,-0.4163144622372215,0.9092206929740068,0
-1.1323941483857425,1,-2.3056792903331425,-0.7762413025395968,3,1970-01-01 00:00:00.000000000,-0.993003019938592,0.2901750566892605,-0.267136066858997,0.4424221354085545,-1.2609916073716696,0,6,0.6175832049540623,1.4557863850688555,-0.4000197813785549,-0.8277608029361555,0.5982351887455776,2,1,36,0.07223151185146152,-0.538402790759326,-0.8798826901281196,0.0,-0.4783745894166973,-0.6123724356957944,-1.0098683979239016,0.9976671441143863,1.5859947684857512,-1.1913732075929888,0.19901846562202985,0.31782283069143574,-0.42051466321152303,0.09149788042738796,0.01890903857456981,0.9998212081468293,-0.4163144622372215,0.9092206929740068,0
-1.1297698282272588,0,0.5075676612008815,1.4401322365237932,4,1970-01-01 00:00:00.000000000,-0.9927764708821458,-0.4424605915208032,-1.1926468496775695,0.2227642045888609,-1.5400219362268222,1,3,0.1191871398189314,-0.0666278003039011,0.3636962603593444,0.993650261868721,-1.564060674190245,0,2,22,0.21669453555438456,-0.538402790759326,-0.8798826901281196,0.0,-0.4783745894166973,-0.6123724356957944,0.2843716463522178,-1.0111447961094986,-0.2660876570412127,1.5861560747317036,-0.6337662354571799,-0.6242118479359433,-0.42051466321152303,1.7434733106095417,0.056700071885147196,0.9983912568969238,-0.4163144622372215,0.9092206929740068,0
-1.127145508068775,3,0.5075676612008815,1.6555164989406117,4,1970-01-01 00:00:00.000000000,-0.99219156240914,1.1143901609255822,-1.1926468496775695,1.4674924792337911,-0.0518601823326749,3,6,0.5345171940982071,0.226144158421629,1.5808687018791214,-1.0975994792035446,-1.564060674190245,1,1,17,0.36115755925730764,-0.538402790759326,-0.8798826901281196,0.0,-0.4783745894166973,-0.6123724356957944,-0.4296918263518481,0.28342289870144943,-1.1921288698046946,-0.2655301134847581,0.5018492660144698,-0.3102002883934836,-1.9144185071813014,0.09149788042738796,0.09441001235832401,0.9955333995233415,-0.4163144622372215,0.9092206929740068,0
-1.1245211879102912,4,-0.6080302678557142,0.3840545627381026,0,1970-01-01 00:00:00.000000000,-0.9920185613114902,-0.4424605915208032,-1.1926468496775695,-1.1684026906025315,1.2502813523247038,2,4,-0.9191379958792576,1.4557863850688555,1.0796800494886252,0.7912712546681792,-1.564060674190245,0,0,73,0.5056205829602307,-0.538402790759326,-0.8798826901281196,0.0,-0.4783745894166973,-0.6123724356957944,1.0876930531442919,-0.43082134671148736,-1.1921288698046946,-1.1913732075929888,0.12331076552391987,-0.1008592486985105,-1.9144185071813014,-1.5604775497547658,0.1319849269748023,0.9912517233535869,-0.4163144622372215,0.9092206929740068,0
-1.1218968677518075,0,2.253720941463379,0.2242533357836889,1,1970-01-01 00:00:00.000000000,-0.9922245149991684,1.2059696169518404,-0.267136066858997,-0.6558675186899132,1.0642611330879357,0,1,0.9083142429495552,-1.1791612434609158,-0.173291581487616,-1.1650591482703918,-1.564060674190245,1,1,-16,0.6500836066631537,-0.538402790759326,-0.8798826901281196,0.0,-0.4783745894166973,-0.6123724356957944,-0.4296918263518481,1.0869476747910034,-1.1921288698046946,-1.1913732075929888,1.0318031667012397,0.0038112711489760626,-1.9144185071813014,0.09149788042738796,0.16937107583020397,0.9855523520707153,-0.4163144622372215,0.9092206929740068,0
-1.1192725475933236,0,0.0225250833501877,0.2103575769180877,2,1970-01-01 00:00:00.000000000,-0.9921297763028364,1.0686004329124532,-1.1926468496775695,0.7352993765014793,-1.2609916073716696,0,5,-1.2514020393026783,-0.5936173260098554,-0.913141496921206,-0.22062378133453,0.5982351887455776,2,1,46,0.7945466303660768,-0.538402790759326,-0.8798826901281196,0.0,-0.4783745894166973,-0.6123724356957944,1.1769509872323,-0.43082134671148736,-0.2660876570412127,-1.1913732075929888,1.0318031667012397,0.0038112711489760626,-1.9144185071813014,0.09149788042738796,0.2065149889942563,0.9784434369551989,-0.4163144622372215,0.9092206929740068,0
-1.11664822743484,4,-0.6080302678557142,1.731943172701418,1,1970-01-01 00:00:00.000000000,-0.9913965811747022,0.0154366886104866,-0.267136066858997,1.1746152381408663,-1.2609916073716696,1,0,-1.2514020393026783,1.3386776015786437,-0.173291581487616,-0.8952204720030028,-0.2666831564287514,0,2,79,0.9390096540689998,-0.538402790759326,-0.8798826901281196,0.0,-0.4783745894166973,-0.6123724356957944,1.0430640861002878,1.1762282054676205,-1.1921288698046946,-0.2655301134847581,0.04760306542580989,0.0038112711489760626,-0.42051466321152303,0.09149788042738796,0.24336354298385784,0.9699351452269085,-0.4163144622372215,0.9092206929740068,0
-1.1140239072763565,3,0.0225250833501877,1.2108522152413734,3,1970-01-01 00:00:00.000000000,-0.9915283915348162,-1.358255151783383,0.6583747159595755,-0.5094288981434508,0.8782409138511671,2,0,-0.5453409470279097,-0.4765085425196433,1.7001993334006682,0.9261905928018735,-0.2666831564287514,1,2,31,1.0834726777719228,-0.538402790759326,-0.8798826901281196,0.0,-0.4783745894166973,-0.6123724356957944,0.01659784408819306,1.0423074094526947,-0.2660876570412127,-1.1913732075929888,0.04760306542580989,0.0038112711489760626,-0.42051466321152303,0.09149788042738796,0.27986403674065413,0.9600396455038853,-0.4163144622372215,0.9092206929740068,0
-1.1113995871178723,4,-1.1900813612765468,-1.1583746713436296,2,1970-01-01 00:00:00.000000000,-0.9909414235249334,-0.8087784156258352,-1.1926468496775695,-0.6558675186899132,-0.3308905111878275,3,5,0.9498472483774828,-0.4765085425196433,-0.9608737495298248,-0.8277608029361555,-1.564060674190245,1,2,-5,1.227935701474846,-0.538402790759326,-0.8798826901281196,0.0,-0.4783745894166973,-0.6123724356957944,-1.3222711672319305,0.015581306671598155,0.6599535557222693,-0.2655301134847581,0.04760306542580989,0.0038112711489760626,-0.42051466321152303,0.09149788042738796,0.3159642670044579,0.9487710903986987,-0.4163144622372215,0.9092206929740068,0
-1.1087752669593889,0,1.2351315279769222,-0.4566388486307694,4,1970-01-01 00:00:00.000000000,-0.991172091655133,-0.2135119514551583,-0.267136066858997,0.0031062737691674,1.2502813523247038,3,1,-0.5453409470279097,0.7531336841275833,-0.9966729389862888,-1.0975994792035446,-0.699142329015916,2,2,52,1.372398725177769,-0.538402790759326,-0.8798826901281196,0.0,-0.4783745894166973,-0.6123724356957944,-0.7867235627038811,-1.3236266534776584,-1.1921288698046946,0.6603129806234728,-1.3151355363401698,-0.7288823677834299,-0.42051466321152303,0.09149788042738796,0.35161260297471486,0.9361455962772808,-0.4163144622372215,0.9092206929740068,0
-1.106150946800905,2,0.0225250833501877,-0.4080036926011652,0,1970-01-01 00:00:00.000000000,-0.9909970310206064,0.0154366886104866,-1.1926468496775695,0.2959835148620921,0.0411499272857092,1,3,-0.6699399633116924,-0.8863892847353856,-0.5074173497479469,-1.6372768317383228,1.0306943613327422,1,0,27,1.516861748880692,-0.538402790759326,-0.8798826901281196,0.0,-0.4783745894166973,-0.6123724356957944,-0.20654699113182753,-0.7879434694179558,-0.2660876570412127,-1.1913732075929888,0.04760306542580989,0.0038112711489760626,-1.9144185071813014,0.09149788042738796,0.3867580601532345,0.9221812202091881,-0.4163144622372215,0.9092206929740068,0
-1.103526626642421,2,-1.1900813612765468,0.5299600308269151,0,1970-01-01 00:00:00.000000000,-0.975132418458758,-0.4882503195339322,-1.1926468496775695,-0.2165516570505261,1.4363015715614724,1,3,0.8252482320937001,1.0459056428531135,1.1512784284015531,1.5333276144034993,1.0306943613327422,0,0,24,1.661324772583615,-0.538402790759326,-0.8798826901281196,0.0,-0.4783745894166973,-0.6123724356957944,0.01659784408819306,-0.2076200200199446,-1.1921288698046946,-0.2655301134847581,0.04760306542580989,0.0038112711489760626,-1.9144185071813014,0.09149788042738796,0.4213503732625737,0.906897934142255,-0.4163144622372215,0.9092206929740068,0
-1.1009023064839374,1,-1.1900813612765468,-0.7762413025395968,4,1970-01-01 00:00:00.000000000,-0.9745269146169842,-0.5798297755601902,0.6583747159595755,0.8085186867747104,-0.5169107304245959,3,3,-1.0022040067351128,0.3432529419118411,1.1393453652493986,-0.6253817957356137,0.5982351887455776,2,1,56,-1.661324772583615,-0.4180281830692328,-0.8798826901281196,0.0,0.02759853400480953,-0.6123724356957944,-0.47432079339585226,0.015581306671598155,-1.1921288698046946,-1.1913732075929888,0.04760306542580989,0.0038112711489760626,-0.42051466321152303,0.09149788042738796,-0.4213503732625737,0.906897934142255,0.02476985258885596,0.9996931801321475,0
-1.0982779863254537,4,1.2351315279769222,0.8356667258701413,3,1970-01-01 00:00:00.000000000,-0.9748296665378712,-0.2135119514551583,1.583885498778148,-1.461279931695456,0.0411499272857092,1,3,-0.7530059741675474,0.0504809831863109,0.602357523402438,0.993650261868721,-1.1316015016030805,0,0,45,-1.516861748880692,-0.4180281830692328,-0.8798826901281196,0.0,0.02759853400480953,-0.6123724356957944,-0.5635787274838605,-0.4754616120497959,0.6599535557222693,-1.1913732075929888,-0.7094739355552899,-1.670917046410809,1.0733891807582552,0.09149788042738796,-0.3867580601532345,0.9221812202091881,0.02476985258885596,0.9996931801321475,0
-1.0956536661669698,4,-0.6080302678557142,-1.3459674160292456,4,1970-01-01 00:00:00.000000000,-0.974084114188476,-1.5872037918490278,0.6583747159595755,0.0031062737691674,0.3201802561408619,1,5,1.697441346080179,0.5774705088922653,-1.5217277176810946,1.6682469525371937,-0.2666831564287514,0,1,-5,-1.372398725177769,-0.4180281830692328,-0.8798826901281196,0.0,0.02759853400480953,-0.6123724356957944,-0.20654699113182753,-0.564742142726413,1.5859947684857512,0.6603129806234728,-1.3151355363401698,-0.5195413280884568,1.0733891807582552,-1.5604775497547658,-0.35161260297471486,0.9361455962772808,0.02476985258885596,0.9996931801321475,0
-1.093029346008486,1,1.2351315279769222,-1.304280139432442,3,1970-01-01 00:00:00.000000000,-0.9740429234509403,1.1143901609255822,-2.118157632496142,-0.8023061392363756,1.1572712427063196,2,6,-1.2098690338747506,-0.7107261095000674,-0.3522875287699362,-1.5023574936046282,0.165776016158413,1,2,43,-1.227935701474846,-0.4180281830692328,-0.8798826901281196,0.0,0.02759853400480953,-0.6123724356957944,-1.5454160024519512,-0.2076200200199446,0.6599535557222693,1.5861560747317036,-0.40664313516285,0.945845949776355,-0.42051466321152303,1.7434733106095417,-0.3159642670044579,0.9487710903986987,0.02476985258885596,0.9996931801321475,0
-1.0904050258500022,1,1.2351315279769222,-0.6164400755851831,2,1970-01-01 00:00:00.000000000,-0.9738225530051248,0.0154366886104866,-0.267136066858997,3.590852477157496,-1.3540017169900538,1,2,1.3651773026567584,0.1090353749314169,0.638156712858902,0.7912712546681792,-0.699142329015916,1,1,-5,-1.0834726777719228,-0.4180281830692328,-0.8798826901281196,0.0,0.02759853400480953,-0.6123724356957944,1.0876930531442919,-1.546827980169201,-2.1181700825681764,0.6603129806234728,0.04760306542580989,0.0038112711489760626,-0.42051466321152303,0.09149788042738796,-0.27986403674065413,0.9600396455038853,0.02476985258885596,0.9996931801321475,0
-1.0877807056915183,1,-0.6080302678557142,0.7800836904077366,4,1970-01-01 00:00:00.000000000,-0.9734333005354132,-0.5798297755601902,0.6583747159595755,-0.8755254495096068,-1.2609916073716696,0,5,-1.3344680501585335,-1.2377156352060217,0.4949599550330459,0.2515939021334009,1.4631535339199069,2,1,37,-0.9390096540689998,-0.4180281830692328,-0.8798826901281196,0.0,0.02759853400480953,-0.6123724356957944,0.01659784408819306,1.0869476747910034,-0.2660876570412127,-2.1172163017012195,0.04760306542580989,0.0038112711489760626,-0.42051466321152303,1.7434733106095417,-0.24336354298385784,0.9699351452269085,0.02476985258885596,0.9996931801321475,0
-1.0851563855330348,0,1.2351315279769222,-0.2968376216763557,3,1970-01-01 00:00:00.000000000,-0.9734024074822614,0.7938620648336794,1.583885498778148,0.1495448943156297,-0.7959410592797486,0,5,0.9913802538054104,-0.3593997590294313,-0.2329568972483894,0.1841342330665536,1.0306943613327422,2,0,-4,-0.7945466303660768,-0.4180281830692328,-0.8798826901281196,0.0,0.02759853400480953,-0.6123724356957944,-0.5635787274838605,0.015581306671598155,0.6599535557222693,-0.2655301134847581,0.04760306542580989,0.0038112711489760626,1.0733891807582552,0.09149788042738796,-0.2065149889942563,0.9784434369551989,0.02476985258885596,0.9996931801321475,0
-1.082532065374551,4,0.9926102390515752,0.4535333570661086,2,1970-01-01 00:00:00.000000000,-0.9729863810331516,1.5264977130437432,0.6583747159595755,-1.0951833803293003,4.319614969731382,0,2,1.323644297228831,-0.6521717177549614,0.70975509177183,1.398408276269805,0.5982351887455776,2,1,-17,-0.6500836066631537,-0.4180281830692328,-0.8798826901281196,0.0,0.02759853400480953,-0.6123724356957944,0.7752902838362631,-0.564742142726413,1.5859947684857512,0.6603129806234728,0.9560954666031297,0.4224933505389223,1.0733891807582552,-1.5604775497547658,-0.16937107583020397,0.9855523520707153,0.02476985258885596,0.9996931801321475,0
-1.0799077452160672,0,1.2351315279769222,0.7870315698405371,4,1970-01-01 00:00:00.000000000,-0.9728401539149,0.7938620648336794,-0.267136066858997,1.6871504100534849,-0.4239006208062117,1,4,1.1575122755171203,0.4603617254020531,-0.6386810444216484,-0.1531641122676827,-0.699142329015916,0,0,6,-0.5056205829602307,-0.4180281830692328,-0.8798826901281196,0.0,0.02759853400480953,-0.6123724356957944,1.489353756540329,0.7744658174228435,0.6599535557222693,1.5861560747317036,1.7888801676823396,-1.1475644471733761,1.0733891807582552,0.09149788042738796,-0.1319849269748023,0.9912517233535869,0.02476985258885596,0.9996931801321475,0
-1.0772834250575836,1,0.5075676612008815,0.9051455201981472,0,1970-01-01 00:00:00.000000000,-0.9730728815819764,0.1070161446367446,0.6583747159595755,0.662080066228248,1.3432914619430882,3,0,-1.2098690338747506,0.0504809831863109,1.557002575574812,-0.2880834504013773,1.0306943613327422,0,1,56,-0.36115755925730764,-0.4180281830692328,-0.8798826901281196,0.0,0.02759853400480953,-0.6123724356957944,0.7752902838362631,1.4887100628357803,-0.2660876570412127,0.6603129806234728,1.4103416671917897,-0.41487080824097017,1.0733891807582552,0.09149788042738796,-0.09441001235832401,0.9955333995233415,0.02476985258885596,0.9996931801321475,0
-1.0746591048990997,4,0.0225250833501877,-0.8665637351660045,4,1970-01-01 00:00:00.000000000,-0.9726774505016342,-0.946147599665222,0.6583747159595755,0.0031062737691674,0.5062004753776304,0,0,-0.7530059741675474,-1.0034980682255976,0.8887510390541502,-0.96268014106985,-1.1316015016030805,0,0,27,-0.21669453555438456,-0.4180281830692328,-0.8798826901281196,0.0,0.02759853400480953,-0.6123724356957944,0.1058557781762013,0.7744658174228435,0.6599535557222693,-0.2655301134847581,-0.028104634672300097,-0.1008592486985105,1.0733891807582552,0.09149788042738796,-0.056700071885147196,0.9983912568969238,0.02476985258885596,0.9996931801321475,0
-1.072034784740616,0,1.2351315279769222,0.1408787825900818,1,1970-01-01 00:00:00.000000000,-0.9722531859050172,-0.946147599665222,-0.267136066858997,-0.582648208416682,0.1341600369040935,2,6,1.4482433135126136,-0.9449436764804916,-0.4596850971393282,0.4539729093339427,-0.2666831564287514,0,2,-25,-0.07223151185146152,-0.4180281830692328,-0.8798826901281196,0.0,0.02759853400480953,-0.6123724356957944,-0.9206104638358934,0.10486183734821526,0.6599535557222693,0.6603129806234728,-0.93659703584962,-0.7288823677834299,1.0733891807582552,0.09149788042738796,-0.01890903857456981,0.9998212081468293,0.02476985258885596,0.9996931801321475,0
-1.0694104645821323,0,0.5075676612008815,-1.3668110543276475,4,1970-01-01 00:00:00.000000000,-0.9724756158877096,-0.6256195035733192,0.6583747159595755,1.2478345484140976,-0.9819612785165168,1,2,0.8667812375216276,0.9873512511080076,0.5546252707938193,-0.96268014106985,-0.2666831564287514,1,0,22,0.07223151185146152,-0.4180281830692328,-0.8798826901281196,0.0,0.02759853400480953,-0.6123724356957944,-0.9206104638358934,-0.9218642654328814,-0.2660876570412127,0.6603129806234728,-1.3151355363401698,-1.670917046410809,1.0733891807582552,0.09149788042738796,0.01890903857456981,0.9998212081468293,0.02476985258885596,0.9996931801321475,0
-1.0667861444236484,1,0.0225250833501877,0.411846080469305,1,1970-01-01 00:00:00.000000000,-0.9718206831608932,0.8396517928468084,0.6583747159595755,0.1495448943156297,-0.2378804015694433,3,3,-0.8360719850234026,-1.2962700269511278,0.232432565685643,-1.2325188173372392,-1.1316015016030805,2,2,24,0.21669453555438456,-0.4180281830692328,-0.8798826901281196,0.0,0.02759853400480953,-0.6123724356957944,-0.6082076945278646,-0.9218642654328814,0.6599535557222693,-0.2655301134847581,-0.40664313516285,0.10848179099646262,1.0733891807582552,-1.5604775497547658,0.056700071885147196,0.9983912568969238,0.02476985258885596,0.9996931801321475,0
-1.0641618242651647,4,-0.6080302678557142,0.7870315698405371,2,1970-01-01 00:00:00.000000000,-0.9716353248419828,1.0686004329124532,1.583885498778148,-1.021964070056069,0.1341600369040935,3,3,-0.0469448818927788,1.2801232098335376,-0.0062286973574505,0.9261905928018735,-0.2666831564287514,1,0,49,0.36115755925730764,-0.4180281830692328,-0.8798826901281196,0.0,0.02759853400480953,-0.6123724356957944,0.8199192508802672,-0.6093824080647215,0.6599535557222693,0.6603129806234728,0.7289723663087997,0.0038112711489760626,1.0733891807582552,0.09149788042738796,0.09441001235832401,0.9955333995233415,0.02476985258885596,0.9996931801321475,0
-1.061537504106681,1,-1.1900813612765468,1.0927382648837634,4,1970-01-01 00:00:00.000000000,-0.9719524935210072,1.572287441056872,-1.1926468496775695,-1.0951833803293003,1.3432914619430882,1,6,-0.0884778873207064,-0.1837365837941131,-1.426263212463857,0.049214894932859,-1.564060674190245,1,2,25,0.5056205829602307,-0.4180281830692328,-0.8798826901281196,0.0,0.02759853400480953,-0.6123724356957944,1.0430640861002878,0.819106082761152,1.5859947684857512,0.6603129806234728,1.9402955678785594,-1.2522349670208626,-0.42051466321152303,1.7434733106095417,0.1319849269748023,0.9912517233535869,0.02476985258885596,0.9996931801321475,0
-1.0589131839481971,4,-1.1900813612765468,1.148321300346168,2,1970-01-01 00:00:00.000000000,-0.9713984781011528,-0.2593016794682873,-1.1926468496775695,-0.1433323467772949,-0.2378804015694433,1,4,0.2022531506747865,-1.2962700269511278,0.3159640077507257,-0.0182447741339881,1.4631535339199069,0,2,-1,0.6500836066631537,-0.4180281830692328,-0.8798826901281196,0.0,0.02759853400480953,-0.6123724356957944,1.533982723584333,1.0423074094526947,-1.1921288698046946,1.5861560747317036,1.3346339670936795,0.0038112711489760626,-0.42051466321152303,1.7434733106095417,0.16937107583020397,0.9855523520707153,0.02476985258885596,0.9996931801321475,0
-1.0562888637897134,2,1.2351315279769222,-0.3732642954371623,2,1970-01-01 00:00:00.000000000,-0.9711636908971998,0.6107031527811635,0.6583747159595755,0.0031062737691674,1.1572712427063196,2,6,-1.0022040067351128,-0.3593997590294313,0.9603494179670784,-0.6253817957356137,-1.564060674190245,2,0,44,0.7945466303660768,-0.4180281830692328,-0.8798826901281196,0.0,0.02759853400480953,-0.6123724356957944,-0.25117595817583166,1.5333503281740888,-1.1921288698046946,-1.1913732075929888,1.1075108667993496,0.0038112711489760626,-0.42051466321152303,0.09149788042738796,0.2065149889942563,0.9784434369551989,0.02476985258885596,0.9996931801321475,0
-1.0536645436312295,3,0.5075676612008815,0.4674291159317097,3,1970-01-01 00:00:00.000000000,-0.971190464876598,-1.678783247875286,-1.1926468496775695,-1.6077185522419186,-1.1679814977532854,1,2,-0.0884778873207064,0.5774705088922653,-1.3427317703987744,-1.0301398101366974,0.5982351887455776,0,2,38,0.9390096540689998,-0.4180281830692328,-0.8798826901281196,0.0,0.02759853400480953,-0.6123724356957944,0.5967744156602466,-0.2522602853582531,0.6599535557222693,-1.1913732075929888,-0.7094739355552899,0.5271638703864089,-0.42051466321152303,0.09149788042738796,0.24336354298385784,0.9699351452269085,0.02476985258885596,0.9996931801321475,0
-1.0510402234727458,3,-0.6080302678557142,0.5230121513941145,2,1970-01-01 00:00:00.000000000,-0.970766200279981,0.8396517928468084,0.6583747159595755,-0.8755254495096068,0.0411499272857092,1,2,-0.9606710013071852,-0.6521717177549614,0.7813534706847581,-1.6372768317383228,0.165776016158413,0,1,38,1.0834726777719228,-0.4180281830692328,-0.8798826901281196,0.0,0.02759853400480953,-0.6123724356957944,-1.6346739365399594,0.5959047560696094,-1.1921288698046946,0.6603129806234728,-0.10381233477041008,1.0505164696238416,-0.42051466321152303,0.09149788042738796,0.27986403674065413,0.9600396455038853,0.02476985258885596,0.9996931801321475,0
-1.0484159033142622,3,-1.1900813612765468,-0.790137061405198,2,1970-01-01 00:00:00.000000000,-0.9705931991823312,0.3359647847023895,1.583885498778148,0.2227642045888609,-0.8889511688981327,3,1,-0.2130769036044891,1.3386776015786437,1.2825421230752545,-0.2880834504013773,1.0306943613327422,2,1,54,1.227935701474846,-0.4180281830692328,-0.8798826901281196,0.0,0.02759853400480953,-0.6123724356957944,0.8199192508802672,-1.6361085108458182,0.6599535557222693,-1.1913732075929888,-0.25522773496663004,0.945845949776355,1.0733891807582552,0.09149788042738796,0.3159642670044579,0.9487710903986987,0.02476985258885596,0.9996931801321475,0
-1.0457915831557785,1,1.2351315279769222,-1.3459674160292456,4,1970-01-01 00:00:00.000000000,-0.9703378166096104,0.5191236967549054,-1.1926468496775695,-0.8755254495096068,0.8782409138511671,0,4,0.8667812375216276,0.8116880758726893,0.2562986919899523,-1.70473650080517,1.4631535339199069,2,2,19,1.372398725177769,-0.4180281830692328,-0.8798826901281196,0.0,0.02759853400480953,-0.6123724356957944,0.3290006133962219,0.819106082761152,1.5859947684857512,0.6603129806234728,0.9560954666031297,-1.5662465265633223,1.0733891807582552,0.09149788042738796,0.35161260297471486,0.9361455962772808,0.02476985258885596,0.9996931801321475,0
-1.0431672629972946,2,-1.4326026502018936,-1.5127165224164598,4,1970-01-01 00:00:00.000000000,-0.9703151617039658,-1.358255151783383,0.6583747159595755,0.7352993765014793,1.3432914619430882,0,2,-1.3344680501585335,0.9873512511080076,0.9603494179670784,-1.0975994792035446,-0.2666831564287514,1,2,75,1.516861748880692,-0.4180281830692328,-0.8798826901281196,0.0,0.02759853400480953,-0.6123724356957944,0.5075164815722384,0.328063164039758,-1.1921288698046946,1.5861560747317036,-0.25522773496663004,0.31782283069143574,1.0733891807582552,0.09149788042738796,0.3867580601532345,0.9221812202091881,0.02476985258885596,0.9996931801321475,0
-1.0405429428388109,4,0.0225250833501877,0.1617224208884836,0,1970-01-01 00:00:00.000000000,-0.9541333804630928,-1.6329935198621568,-0.267136066858997,-0.8023061392363756,1.3432914619430882,3,2,0.4929841886702795,-0.8863892847353856,-0.0181617605096052,0.4539729093339427,0.5982351887455776,0,2,-1,1.661324772583615,-0.4180281830692328,-0.8798826901281196,0.0,0.02759853400480953,-0.6123724356957944,-1.3222711672319305,0.5066242253929922,0.6599535557222693,-1.1913732075929888,-1.3151355363401698,0.5271638703864089,-0.42051466321152303,0.09149788042738796,0.4213503732625737,0.906897934142255,0.02476985258885596,0.9996931801321475,0
-1.0379186226803272,0,3.3208146127349054,-0.8665637351660045,3,1970-01-01 00:00:00.000000000,-0.9540880706518036,0.1985956006630025,0.6583747159595755,-1.5344992419686874,0.7852308042327829,1,4,1.489776318940541,0.0504809831863109,-1.4143301493117024,-0.1531641122676827,1.4631535339199069,0,0,-9,-1.661324772583615,-0.29765357537913956,-0.8798826901281196,0.0,0.5335716574263164,-0.6123724356957944,-1.5900449694959553,-1.3236266534776584,-0.2660876570412127,0.6603129806234728,-1.4665509365363898,0.10848179099646262,1.0733891807582552,0.09149788042738796,-0.4213503732625737,0.906897934142255,0.46083231155626464,0.887487228429632,0
-1.0352943025218433,4,1.2351315279769222,1.5374025485830014,2,1970-01-01 00:00:00.000000000,-0.9536370320757884,0.0154366886104866,-1.1926468496775695,0.0031062737691674,0.1341600369040935,2,3,-0.0054118764648512,0.167589766676523,1.378006628292492,-1.434897824537781,1.0306943613327422,0,1,29,-1.516861748880692,-0.29765357537913956,-0.8798826901281196,0.0,0.5335716574263164,-0.6123724356957944,0.19511371226420954,-1.5914682455075098,0.6599535557222693,-0.2655301134847581,0.04760306542580989,0.0038112711489760626,-0.42051466321152303,0.09149788042738796,-0.3867580601532345,0.9221812202091881,0.46083231155626464,0.887487228429632,0
-1.0326699823633596,0,0.5075676612008815,-0.6859188699131891,3,1970-01-01 00:00:00.000000000,-0.9538985932591396,0.6564928807942925,-1.1926468496775695,-0.3629902775969885,-0.6099208400429801,0,5,-1.3344680501585335,-1.2377156352060217,1.3183413125317187,1.6682469525371937,-0.699142329015916,2,2,37,-1.372398725177769,-0.29765357537913956,-0.8798826901281196,0.0,0.5335716574263164,-0.6123724356957944,0.01659784408819306,0.19414236802483237,-1.1921288698046946,0.6603129806234728,0.04760306542580989,0.0038112711489760626,-0.42051466321152303,1.7434733106095417,-0.35161260297471486,0.9361455962772808,0.46083231155626464,0.887487228429632,0
-1.030045662204876,4,0.0225250833501877,1.3845492010613885,1,1970-01-01 00:00:00.000000000,-0.9535299361581958,-0.2593016794682873,0.6583747159595755,-1.5344992419686874,0.8782409138511671,1,3,1.2821112918009034,0.0504809831863109,-0.6625471707259578,-0.2880834504013773,1.4631535339199069,0,2,-4,-1.227935701474846,-0.29765357537913956,-0.8798826901281196,0.0,0.5335716574263164,-0.6123724356957944,0.6414033827042507,0.015581306671598155,-1.1921288698046946,-1.1913732075929888,0.04760306542580989,0.0038112711489760626,-1.9144185071813014,0.09149788042738796,-0.3159642670044579,0.9487710903986987,0.46083231155626464,0.887487228429632,0
-1.027421342046392,2,1.2351315279769222,-0.2968376216763557,2,1970-01-01 00:00:00.000000000,-0.9532292437741856,0.7022826088074214,-0.267136066858997,0.662080066228248,0.2271701465224777,0,5,-1.3344680501585335,0.4018073336569471,0.9961486074235424,1.398408276269805,1.4631535339199069,0,0,65,-1.0834726777719228,-0.29765357537913956,-0.8798826901281196,0.0,0.5335716574263164,-0.6123724356957944,-0.25117595817583166,0.6405450214079178,0.6599535557222693,-1.1913732075929888,0.6532646662106898,-0.8335528876309164,-0.42051466321152303,0.09149788042738796,-0.27986403674065413,0.9600396455038853,0.46083231155626464,0.887487228429632,0
-1.0247970218879083,0,-3.130251672679322,-0.5955964372867814,3,1970-01-01 00:00:00.000000000,-0.95342489977748,0.9770209768861954,0.6583747159595755,0.2227642045888609,-1.6330320458452063,3,1,-1.2929350447306058,-0.7107261095000674,-0.0420278868139145,-0.8277608029361555,0.165776016158413,0,1,45,-0.9390096540689998,-0.29765357537913956,-0.8798826901281196,0.0,0.5335716574263164,-0.6123724356957944,0.6860323497482549,-0.2522602853582531,-0.2660876570412127,0.6603129806234728,0.8046800664069097,-0.6242118479359433,1.0733891807582552,0.09149788042738796,-0.24336354298385784,0.9699351452269085,0.46083231155626464,0.887487228429632,0
-1.0221727017294246,1,0.5075676612008815,1.6972037755374152,0,1970-01-01 00:00:00.000000000,-0.9531118501722092,0.5649134247680344,-0.267136066858997,0.3692028251353233,1.2502813523247038,0,3,1.614375335224324,-0.5936173260098554,0.2801648182942617,-1.5698171626714756,0.5982351887455776,0,2,-23,-0.7945466303660768,-0.29765357537913956,-0.8798826901281196,0.0,0.5335716574263164,-0.6123724356957944,0.9538061520122796,0.6851852867462264,0.6599535557222693,-0.2655301134847581,1.2589262669955696,-1.670917046410809,1.0733891807582552,0.09149788042738796,-0.2065149889942563,0.9784434369551989,0.46083231155626464,0.887487228429632,0
-1.0195483815709407,4,-1.1900813612765468,0.7314485343781324,0,1970-01-01 00:00:00.000000000,-0.9526669902068244,-1.358255151783383,0.6583747159595755,-1.2416220008757626,-1.0749713881349012,3,2,-0.0469448818927788,-0.2422909755392192,0.4233615761201178,-1.1650591482703918,0.165776016158413,1,1,23,-0.6500836066631537,-0.29765357537913956,-0.8798826901281196,0.0,0.5335716574263164,-0.6123724356957944,0.5521454486162425,0.9530268787760777,-0.2660876570412127,0.6603129806234728,0.12331076552391987,0.736504910081382,1.0733891807582552,0.09149788042738796,-0.16937107583020397,0.9855523520707153,0.46083231155626464,0.887487228429632,0
-1.016924061412457,4,0.0225250833501877,-0.755397664241195,2,1970-01-01 00:00:00.000000000,-0.952669049743701,1.251759344964969,0.6583747159595755,0.4424221354085545,-0.3308905111878275,3,4,0.9913802538054104,0.9873512511080076,-1.4143301493117024,-0.5579221266687664,0.165776016158413,2,0,19,-0.5056205829602307,-0.29765357537913956,-0.8798826901281196,0.0,0.5335716574263164,-0.6123724356957944,-1.3222711672319305,0.5512644907313008,0.6599535557222693,-0.2655301134847581,0.27472616572013986,1.0505164696238416,1.0733891807582552,0.09149788042738796,-0.1319849269748023,0.9912517233535869,0.46083231155626464,0.887487228429632,0
-1.0142997412539734,0,-1.1900813612765468,1.0927382648837634,1,1970-01-01 00:00:00.000000000,-0.9522159516308092,0.2443853286761315,-1.1926468496775695,-0.2897709673237573,1.1572712427063196,3,4,-0.0054118764648512,-0.008073408558795,-1.4501293387681664,-1.2325188173372392,0.5982351887455776,1,1,26,-0.36115755925730764,-0.29765357537913956,-0.8798826901281196,0.0,0.5335716574263164,-0.6123724356957944,1.2215799542763042,-1.3236266534776584,0.6599535557222693,0.6603129806234728,0.12331076552391987,0.945845949776355,1.0733891807582552,0.09149788042738796,-0.09441001235832401,0.9955333995233415,0.46083231155626464,0.887487228429632,0
-1.0116754210954897,1,-0.6080302678557142,-0.6581273521819867,0,1970-01-01 00:00:00.000000000,-0.952207713483302,0.7480723368205504,1.583885498778148,-0.8023061392363756,0.8782409138511671,2,5,-0.3792089253161994,-1.0620524599707035,-0.0181617605096052,-1.1650591482703918,-0.2666831564287514,2,2,17,-0.21669453555438456,-0.29765357537913956,-0.8798826901281196,0.0,0.5335716574263164,-0.6123724356957944,0.23974267930821366,1.220868470805929,-1.1921288698046946,0.6603129806234728,1.2589262669955696,-0.9382234074784029,1.0733891807582552,0.09149788042738796,-0.056700071885147196,0.9983912568969238,0.46083231155626464,0.887487228429632,0
-1.0090511009370058,1,0.0225250833501877,0.6480739811845253,0,1970-01-01 00:00:00.000000000,-0.9519791048899792,-1.678783247875286,0.6583747159595755,-1.5344992419686874,1.3432914619430882,1,3,1.614375335224324,0.9873512511080076,-0.0181617605096052,1.5333276144034993,0.165776016158413,0,2,4,-0.07223151185146152,-0.29765357537913956,-0.8798826901281196,0.0,0.5335716574263164,-0.6123724356957944,0.730661316792259,0.2387826333631409,1.5859947684857512,-1.1913732075929888,-0.33093543506474005,0.8411754299288685,1.0733891807582552,0.09149788042738796,-0.01890903857456981,0.9998212081468293,0.46083231155626464,0.887487228429632,0
-1.006426780778522,2,1.2351315279769222,-1.1931140685076325,1,1970-01-01 00:00:00.000000000,-0.9518369968454812,1.66386689708313,1.583885498778148,0.0763255840423986,-1.0749713881349012,3,0,-1.085270017590968,1.0459056428531135,-1.354664833550929,-0.4904624576019191,-0.2666831564287514,2,1,70,0.07223151185146152,-0.29765357537913956,-0.8798826901281196,0.0,0.5335716574263164,-0.6123724356957944,-1.6346739365399594,0.7298255520845349,0.6599535557222693,1.5861560747317036,0.4261415659163598,1.7832101085562475,2.5672930247280337,-1.5604775497547658,0.01890903857456981,0.9998212081468293,0.46083231155626464,0.887487228429632,0
-1.0038024606200382,1,0.1680378567053958,-0.067557600393936,3,1970-01-01 00:00:00.000000000,-0.9514518634495231,-1.0377270556914802,0.6583747159595755,0.4424221354085545,-1.1679814977532854,3,0,-0.2130769036044891,0.284698550166735,0.6262236497067474,-0.3555431194682246,1.4631535339199069,1,0,36,0.21669453555438456,-0.29765357537913956,-0.8798826901281196,0.0,0.5335716574263164,-0.6123724356957944,1.6232406576723413,-1.6361085108458182,1.5859947684857512,0.6603129806234728,-0.55805853535907,1.9925511482512206,1.0733891807582552,0.09149788042738796,0.056700071885147196,0.9983912568969238,0.46083231155626464,0.887487228429632,0
-1.0011781404615545,1,-0.6080302678557142,0.6341782223189241,0,1970-01-01 00:00:00.000000000,-0.9511964808768022,1.3891285290043562,1.583885498778148,-0.1433323467772949,-0.5169107304245959,0,2,-1.4590670664423162,-0.8278348929902795,-0.0181617605096052,1.398408276269805,0.5982351887455776,0,0,47,0.36115755925730764,-0.29765357537913956,-0.8798826901281196,0.0,0.5335716574263164,-0.6123724356957944,-1.0098683979239016,1.622630858850706,0.6599535557222693,1.5861560747317036,1.1075108667993496,1.3645280291663013,1.0733891807582552,0.09149788042738796,0.09441001235832401,0.9955333995233415,0.46083231155626464,0.887487228429632,0
-0.9985538203030708,1,0.0225250833501877,0.3910024421709032,4,1970-01-01 00:00:00.000000000,-0.9508175260914744,-1.266675695757125,0.6583747159595755,-0.8023061392363756,-0.6099208400429801,1,5,0.0361211289630763,0.4018073336569471,-1.008606002138443,0.8587309237350265,-1.1316015016030805,1,0,32,0.5056205829602307,-0.29765357537913956,-0.8798826901281196,0.0,0.5335716574263164,-0.6123724356957944,1.3554668554083167,-1.0111447961094986,1.5859947684857512,0.6603129806234728,-0.48235083526096,1.2598575093188147,1.0733891807582552,-1.5604775497547658,0.1319849269748023,0.9912517233535869,0.46083231155626464,0.887487228429632,0
-0.9959295001445868,3,-0.6080302678557142,-0.6164400755851831,0,1970-01-01 00:00:00.000000000,-0.9510296583897828,-1.404044879796512,0.6583747159595755,1.028176617594404,1.1572712427063196,2,2,-0.71147296873962,0.1090353749314169,-0.7341455496388858,0.6563519165344845,1.4631535339199069,1,0,45,0.6500836066631537,-0.29765357537913956,-0.8798826901281196,0.0,0.5335716574263164,-0.6123724356957944,-1.2330132331439223,1.3547892668208548,0.6599535557222693,1.5861560747317036,-0.7094739355552899,1.469198549013788,1.0733891807582552,-1.5604775497547658,0.16937107583020397,0.9855523520707153,0.46083231155626464,0.887487228429632,0
-0.9933051799861032,2,1.2351315279769222,-1.0611043592844212,3,1970-01-01 00:00:00.000000000,-0.9503479516835682,-0.5340400475470612,-0.267136066858997,-0.5094288981434508,1.1572712427063196,2,6,0.160720145246859,-0.4765085425196433,-0.244889960400544,-0.8952204720030028,1.0306943613327422,1,2,14,0.7945466303660768,-0.29765357537913956,-0.8798826901281196,0.0,0.5335716574263164,-0.6123724356957944,-1.3669001342759346,-1.2343461228010413,0.6599535557222693,0.6603129806234728,-1.7693817369288298,-1.0428939273258895,1.0733891807582552,-1.5604775497547658,0.2065149889942563,0.9784434369551989,0.46083231155626464,0.887487228429632,0
-0.9906808598276194,4,-1.1900813612765468,0.6341782223189241,3,1970-01-01 00:00:00.000000000,-0.9503458921466914,-1.0377270556914802,-0.267136066858997,-1.0951833803293003,0.3201802561408619,0,4,2.486568449210803,0.4018073336569471,-0.4477520339871735,-0.8277608029361555,-1.1316015016030805,2,1,-27,0.9390096540689998,-0.29765357537913956,-0.8798826901281196,0.0,0.5335716574263164,-0.6123724356957944,-0.5189497604398564,-1.3682669188159668,-0.2660876570412127,0.6603129806234728,-1.6179663367326098,-1.1475644471733761,-0.42051466321152303,-1.5604775497547658,0.24336354298385784,0.9699351452269085,0.46083231155626464,0.887487228429632,0
-0.9880565396691356,0,-1.1900813612765468,-0.3037855011091563,2,1970-01-01 00:00:00.000000000,-0.9502058436390702,-1.678783247875286,-0.267136066858997,0.0031062737691674,1.3432914619430882,2,3,0.160720145246859,0.4603617254020531,-0.9012084337690514,0.7912712546681792,-1.564060674190245,1,2,30,1.0834726777719228,-0.29765357537913956,-0.8798826901281196,0.0,0.5335716574263164,-0.6123724356957944,-1.0098683979239016,-0.5201018773881044,-0.2660876570412127,-0.2655301134847581,-1.7693817369288298,-0.8335528876309164,-0.42051466321152303,-1.5604775497547658,0.27986403674065413,0.9600396455038853,0.46083231155626464,0.887487228429632,0
-0.985432219510652,4,1.2351315279769222,-0.567804919555579,4,1970-01-01 00:00:00.000000000,-0.949907210791937,-1.312465423770254,-0.267136066858997,-1.461279931695456,0.3201802561408619,0,3,0.4099181778144244,0.9287968593629016,-1.5575269071375586,1.1960292690692629,1.895612706507071,2,1,32,1.227935701474846,-0.29765357537913956,-0.8798826901281196,0.0,0.5335716574263164,-0.6123724356957944,-1.6346739365399594,-1.0111447961094986,-0.2660876570412127,-0.2655301134847581,-2.1479202374193798,-1.3569054868683492,-0.42051466321152303,-1.5604775497547658,0.3159642670044579,0.9487710903986987,0.46083231155626464,0.887487228429632,0
-0.9828078993521682,2,0.5075676612008815,-1.5057686429836594,3,1970-01-01 00:00:00.000000000,-0.949709495251766,0.8854415208599373,-1.1926468496775695,1.6871504100534849,-1.3540017169900538,1,2,-0.5038079415999821,1.0459056428531135,-0.8654092443125873,-1.1650591482703918,-1.564060674190245,1,1,56,1.372398725177769,-0.29765357537913956,-0.8798826901281196,0.0,0.5335716574263164,-0.6123724356957944,-1.2776422001879264,-1.6361085108458182,-0.2660876570412127,-0.2655301134847581,-1.1637201361439498,1.0505164696238416,-0.42051466321152303,-1.5604775497547658,0.35161260297471486,0.9361455962772808,0.46083231155626464,0.887487228429632,0
-0.9801835791936844,0,0.0225250833501877,-0.8457200968676027,1,1970-01-01 00:00:00.000000000,-0.9336492266866232,0.4275442407286475,-1.1926468496775695,1.2478345484140976,0.5062004753776304,0,1,-1.085270017590968,-0.9449436764804916,0.3875623866636538,-0.4904624576019191,1.4631535339199069,1,0,36,1.516861748880692,-0.29765357537913956,-0.8798826901281196,0.0,0.5335716574263164,-0.6123724356957944,0.8645482179242713,-1.2789863881393497,-1.1921288698046946,-0.2655301134847581,-0.028104634672300097,0.5271638703864089,-0.42051466321152303,-1.5604775497547658,0.3867580601532345,0.9221812202091881,0.46083231155626464,0.887487228429632,0
-0.9775592590352006,2,1.2351315279769222,0.4048982010365044,4,1970-01-01 00:00:00.000000000,-0.9337274890879408,-1.358255151783383,-1.1926468496775695,-0.2897709673237573,-1.1679814977532854,0,3,1.3651773026567584,6.023028941187127,-0.7938108653996592,1.6007872834703465,1.4631535339199069,2,0,96,1.661324772583615,-0.29765357537913956,-0.8798826901281196,0.0,0.5335716574263164,-0.6123724356957944,0.41825854748423014,0.8637463480994606,-1.1921288698046946,-1.1913732075929888,-0.028104634672300097,0.6318343902338954,-1.9144185071813014,-1.5604775497547658,0.4213503732625737,0.906897934142255,0.46083231155626464,0.887487228429632,0
-0.9749349388767168,1,0.5075676612008815,-0.2134630684827485,4,1970-01-01 00:00:00.000000000,-0.9337336676985712,-0.2135119514551583,0.6583747159595755,-0.4362095878702197,0.5062004753776304,3,0,-0.5868739524558372,0.226144158421629,-0.0181617605096052,-1.70473650080517,-1.564060674190245,2,1,44,-1.661324772583615,-0.17727896768904636,-0.8798826901281196,0.0,1.0395447808478233,1.6329931618554518,-1.3222711672319305,0.4173436947163751,-1.1921288698046946,-1.1913732075929888,-0.6337662354571799,-0.1008592486985105,-0.42051466321152303,0.09149788042738796,-0.4213503732625737,0.906897934142255,0.8034653310326239,0.5953515447436382,0
-0.9723106187182332,0,0.0225250833501877,-1.2486971039700372,1,1970-01-01 00:00:00.000000000,-0.9331075684880294,1.2975490729780983,-1.1926468496775695,-0.582648208416682,-0.7029309496613644,2,2,-0.9606710013071852,1.4557863850688555,0.4114285129679632,-1.3674381554709338,-0.699142329015916,1,1,74,-1.516861748880692,-0.17727896768904636,-0.8798826901281196,0.0,1.0395447808478233,1.6329931618554518,-0.20654699113182753,-1.3236266534776584,0.6599535557222693,-1.1913732075929888,-0.10381233477041008,0.945845949776355,-1.9144185071813014,0.09149788042738796,-0.3867580601532345,0.9221812202091881,0.8034653310326239,0.5953515447436382,0
-0.9696862985597492,1,0.0225250833501877,1.4470801159565938,0,1970-01-01 00:00:00.000000000,-0.9328315905465407,1.4349182570174852,0.6583747159595755,0.5156414456817857,0.8782409138511671,1,6,0.2853191615306417,-1.2962700269511278,0.0892358078597868,0.7238115856013319,0.5982351887455776,1,1,-3,-1.372398725177769,-0.17727896768904636,-0.8798826901281196,0.0,1.0395447808478233,1.6329931618554518,1.2662089213203085,-0.2076200200199446,-1.1921288698046946,0.6603129806234728,1.4103416671917897,0.0038112711489760626,-0.42051466321152303,0.09149788042738796,-0.35161260297471486,0.9361455962772808,0.8034653310326239,0.5953515447436382,0
-0.9670619784012656,4,0.0225250833501877,1.3428619244645847,1,1970-01-01 00:00:00.000000000,-0.9328460073046784,-0.4424605915208032,-0.267136066858997,0.4424221354085545,-1.1679814977532854,1,4,-1.085270017590968,0.5189161171471592,1.6763332070963588,0.7238115856013319,-0.699142329015916,0,2,61,-1.227935701474846,-0.17727896768904636,-0.8798826901281196,0.0,1.0395447808478233,1.6329931618554518,1.4000958224523208,1.2655087361442376,0.6599535557222693,-1.1913732075929888,1.2589262669955696,0.31782283069143574,-0.42051466321152303,0.09149788042738796,-0.3159642670044579,0.9487710903986987,0.8034653310326239,0.5953515447436382,0
-0.9644376582427818,4,1.2351315279769222,-1.2139577068060343,1,1970-01-01 00:00:00.000000000,-0.9328995552634746,1.618077169070001,-1.1926468496775695,0.2959835148620921,1.0642611330879357,3,3,0.0361211289630763,0.4603617254020531,-0.4000197813785549,-1.6372768317383228,-1.1316015016030805,1,1,33,-1.0834726777719228,-0.17727896768904636,-0.8798826901281196,0.0,1.0395447808478233,1.6329931618554518,-0.4296918263518481,1.3994295321591632,-0.2660876570412127,0.6603129806234728,1.4860493672898996,0.5271638703864089,-0.42051466321152303,0.09149788042738796,-0.27986403674065413,0.9600396455038853,0.8034653310326239,0.5953515447436382,0
-0.961813338084298,0,-1.1900813612765468,0.0713999882620758,0,1970-01-01 00:00:00.000000000,-0.932450576224336,1.0228107048993242,-1.1926468496775695,1.1746152381408663,-0.4239006208062117,0,6,0.2022531506747865,0.7531336841275833,-1.4501293387681664,-1.6372768317383228,-0.2666831564287514,1,2,34,-0.9390096540689998,-0.17727896768904636,-0.8798826901281196,0.0,1.0395447808478233,1.6329931618554518,1.5786116906283372,-0.43082134671148736,-1.1921288698046946,-0.2655301134847581,1.2589262669955696,0.4224933505389223,-1.9144185071813014,0.09149788042738796,-0.24336354298385784,0.9699351452269085,0.8034653310326239,0.5953515447436382,0
-0.9591890179258143,0,-0.6080302678557142,1.162217059211769,0,1970-01-01 00:00:00.000000000,-0.9326544703751376,-0.5340400475470612,-0.267136066858997,1.540711789507022,1.3432914619430882,1,2,0.5345171940982071,-1.2377156352060217,-0.0181617605096052,0.3865132402670955,-0.2666831564287514,0,1,-8,-0.7945466303660768,-0.17727896768904636,-0.8798826901281196,0.0,1.0395447808478233,1.6329931618554518,0.9984351190562837,1.5779905935123975,-1.1921288698046946,-1.1913732075929888,1.1832185668974597,0.5271638703864089,-1.9144185071813014,0.09149788042738796,-0.2065149889942563,0.9784434369551989,0.8034653310326239,0.5953515447436382,0
-0.9565646977673306,2,0.5075676612008815,1.5026631514189983,0,1970-01-01 00:00:00.000000000,-0.9317874053500124,1.618077169070001,-0.267136066858997,-1.388060621422225,-0.7029309496613644,1,4,1.1990452809450485,0.3432529419118411,-0.4596850971393282,0.3865132402670955,0.165776016158413,1,0,3,-0.6500836066631537,-0.17727896768904636,-0.8798826901281196,0.0,1.0395447808478233,1.6329931618554518,-0.5189497604398564,0.9976671441143863,-0.2660876570412127,-1.1913732075929888,1.1832185668974597,0.5271638703864089,-1.9144185071813014,-1.5604775497547658,-0.16937107583020397,0.9855523520707153,0.8034653310326239,0.5953515447436382,0
-0.9539403776088468,2,0.0225250833501877,-1.6725177493708736,0,1970-01-01 00:00:00.000000000,-0.931604106567979,-1.724572975888415,-1.1926468496775695,0.2227642045888609,1.6223217907982408,0,4,-1.376001055586461,0.7531336841275833,-1.020539065290598,0.9261905928018735,-1.564060674190245,1,1,72,-0.5056205829602307,-0.17727896768904636,-0.8798826901281196,0.0,1.0395447808478233,1.6329931618554518,1.5786116906283372,-0.5201018773881044,-0.2660876570412127,-0.2655301134847581,-0.33093543506474005,1.7832101085562475,-0.42051466321152303,-1.5604775497547658,-0.1319849269748023,0.9912517233535869,0.8034653310326239,0.5953515447436382,0
-0.9513160574503632,1,0.0225250833501877,1.078842506018162,0,1970-01-01 00:00:00.000000000,-0.932018073480212,-0.6256195035733192,-0.267136066858997,0.8085186867747104,0.4131903657592461,0,5,0.2437861561027141,0.3432529419118411,0.566558333945974,-0.6253817957356137,-1.564060674190245,2,1,26,-0.36115755925730764,-0.17727896768904636,-0.8798826901281196,0.0,1.0395447808478233,1.6329931618554518,-1.6793029035839635,1.5779905935123975,-1.1921288698046946,-0.2655301134847581,-0.33093543506474005,1.7832101085562475,-0.42051466321152303,-1.5604775497547658,-0.09441001235832401,0.9955333995233415,0.8034653310326239,0.5953515447436382,0
-0.9486917372918792,0,0.0225250833501877,-0.9360425294940103,1,1970-01-01 00:00:00.000000000,-0.931414629175315,-0.8545681436389642,0.6583747159595755,0.5156414456817857,-0.1448702919510591,1,5,1.614375335224324,-0.008073408558795,0.6142905865545927,-0.6253817957356137,0.5982351887455776,2,2,-13,-0.21669453555438456,-0.17727896768904636,-0.8798826901281196,0.0,1.0395447808478233,1.6329931618554518,-0.6082076945278646,-1.6807487761841267,-0.2660876570412127,-1.1913732075929888,-1.6936740368307197,-0.7288823677834299,-0.42051466321152303,0.09149788042738796,-0.056700071885147196,0.9983912568969238,0.8034653310326239,0.5953515447436382,0
-0.9460674171333956,4,1.2351315279769222,0.3006800095444955,2,1970-01-01 00:00:00.000000000,-0.9312375090039118,-1.678783247875286,-1.1926468496775695,1.028176617594404,-0.5169107304245959,0,1,0.2437861561027141,0.3432529419118411,0.8171526601412221,1.1960292690692629,-0.2666831564287514,2,1,26,-0.07223151185146152,-0.17727896768904636,-0.8798826901281196,0.0,1.0395447808478233,1.6329931618554518,-0.8313525297478852,-0.6093824080647215,0.6599535557222693,-0.2655301134847581,-1.6936740368307197,-0.8335528876309164,-0.42051466321152303,0.09149788042738796,-0.01890903857456981,0.9998212081468293,0.8034653310326239,0.5953515447436382,0
-0.9434430969749118,2,-0.462517494500506,-1.3459674160292456,2,1970-01-01 00:00:00.000000000,-0.931274580667694,0.5649134247680344,-1.1926468496775695,1.101395927867635,-1.1679814977532854,2,1,0.9913802538054104,-0.1251821920490071,1.1512784284015531,1.0611099309355685,-1.564060674190245,1,2,0,0.07223151185146152,-0.17727896768904636,-0.8798826901281196,0.0,1.0395447808478233,1.6329931618554518,-1.6346739365399594,-0.8325837347562643,-1.1921288698046946,0.6603129806234728,-1.0880124360458399,0.5271638703864089,-0.42051466321152303,0.09149788042738796,0.01890903857456981,0.9998212081468293,0.8034653310326239,0.5953515447436382,0
-0.940818776816428,2,-1.1900813612765468,-0.7137103876443914,3,1970-01-01 00:00:00.000000000,-0.9306402433096452,0.6107031527811635,0.6583747159595755,-0.8755254495096068,0.7852308042327829,1,3,0.6175832049540623,0.7531336841275833,0.2443656288377977,-1.434897824537781,1.4631535339199069,2,2,24,0.21669453555438456,-0.17727896768904636,-0.8798826901281196,0.0,1.0395447808478233,1.6329931618554518,0.5521454486162425,-1.6361085108458182,-1.1921288698046946,-1.1913732075929888,-0.25522773496663004,0.945845949776355,-0.42051466321152303,0.09149788042738796,0.056700071885147196,0.9983912568969238,0.8034653310326239,0.5953515447436382,0
-0.9381944566579442,4,0.0225250833501877,-0.171775791885945,2,1970-01-01 00:00:00.000000000,-0.9305990525721096,0.0154366886104866,0.6583747159595755,-0.8023061392363756,0.4131903657592461,0,6,1.0744462646612656,0.8702424676177954,0.5307591444895099,0.3865132402670955,1.0306943613327422,1,0,15,0.36115755925730764,-0.17727896768904636,-0.8798826901281196,0.0,1.0395447808478233,1.6329931618554518,0.5967744156602466,0.5512644907313008,0.6599535557222693,-1.1913732075929888,0.04760306542580989,0.0038112711489760626,-0.42051466321152303,0.09149788042738796,0.09441001235832401,0.9955333995233415,0.8034653310326239,0.5953515447436382,0
-0.9355701364994604,2,0.0225250833501877,-1.3807068131932485,2,1970-01-01 00:00:00.000000000,-0.930566099982081,1.0228107048993242,0.6583747159595755,-0.582648208416682,0.5992105849960145,1,5,-0.1300108927486339,0.4603617254020531,0.638156712858902,-0.7603011338693082,-1.564060674190245,0,0,37,0.5056205829602307,-0.17727896768904636,-0.8798826901281196,0.0,1.0395447808478233,1.6329931618554518,0.01659784408819306,0.5959047560696094,0.6599535557222693,0.6603129806234728,0.04760306542580989,0.0038112711489760626,1.0733891807582552,-1.5604775497547658,0.1319849269748023,0.9912517233535869,0.8034653310326239,0.5953515447436382,0
-0.9329458163409768,1,1.2351315279769222,1.2108522152413734,1,1970-01-01 00:00:00.000000000,-0.9299667747509376,-0.8545681436389642,0.6583747159595755,-1.6077185522419186,0.0411499272857092,1,4,-1.3344680501585335,-2.1160315113826123,0.4710938287287365,-0.0182447741339881,0.165776016158413,2,0,22,0.6500836066631537,-0.17727896768904636,-0.8798826901281196,0.0,1.0395447808478233,1.6329931618554518,0.9984351190562837,0.015581306671598155,0.6599535557222693,0.6603129806234728,0.04760306542580989,0.0038112711489760626,1.0733891807582552,-1.5604775497547658,0.16937107583020397,0.9855523520707153,0.8034653310326239,0.5953515447436382,0
-0.9303214961824928,0,0.0225250833501877,0.1825660591868853,0,1970-01-01 00:00:00.000000000,-0.9301933238073836,-1.0835167837046091,-0.267136066858997,-0.8755254495096068,-0.6099208400429801,3,5,-0.4622749361720545,-0.5350629342647494,-1.283066454638001,0.7912712546681792,1.4631535339199069,0,0,28,0.7945466303660768,-0.17727896768904636,-0.8798826901281196,0.0,1.0395447808478233,1.6329931618554518,-0.8313525297478852,0.9976671441143863,0.6599535557222693,0.6603129806234728,-0.48235083526096,0.6318343902338954,-0.42051466321152303,-1.5604775497547658,0.2065149889942563,0.9784434369551989,0.8034653310326239,0.5953515447436382,0
-0.9276971760240093,4,-2.014653743622726,-1.1444789124780284,0,1970-01-01 00:00:00.000000000,-0.9299667747509376,-0.9919373276783512,0.6583747159595755,-0.1433323467772949,0.7852308042327829,2,4,-0.9191379958792576,-1.1791612434609158,0.0176374289468588,-0.4904624576019191,-0.699142329015916,1,2,28,0.9390096540689998,-0.17727896768904636,-0.8798826901281196,0.0,1.0395447808478233,1.6329931618554518,-1.0544973649679057,-0.8325837347562643,-0.2660876570412127,0.6603129806234728,-1.6179663367326098,-1.7755875662582954,-0.42051466321152303,-1.5604775497547658,0.24336354298385784,0.9699351452269085,0.8034653310326239,0.5953515447436382,0
-0.9250728558655256,0,0.5075676612008815,-0.1856715507515461,1,1970-01-01 00:00:00.000000000,-0.9293550922985334,0.1528058726498735,1.583885498778148,1.2478345484140976,-1.6330320458452063,2,5,-1.5006000718702437,-0.2422909755392192,-1.784255107028497,0.7912712546681792,-0.699142329015916,1,1,58,1.0834726777719228,-0.17727896768904636,-0.8798826901281196,0.0,1.0395447808478233,1.6329931618554518,-0.9652394308798976,-1.055785061447807,0.6599535557222693,-0.2655301134847581,-1.01230473594773,-0.41487080824097017,1.0733891807582552,0.09149788042738796,0.27986403674065413,0.9600396455038853,0.8034653310326239,0.5953515447436382,0
-0.9224485357070416,2,0.5075676612008815,0.9676764350933528,2,1970-01-01 00:00:00.000000000,-0.9293633304460406,0.3359647847023895,-0.267136066858997,0.5888607559550169,-0.3308905111878275,3,4,0.5760501995261347,0.6945792923824773,0.2801648182942617,1.0611099309355685,-1.564060674190245,0,2,24,1.227935701474846,-0.17727896768904636,-0.8798826901281196,0.0,1.0395447808478233,1.6329931618554518,0.1504847452202054,-0.9665045307711899,1.5859947684857512,0.6603129806234728,-0.25522773496663004,-0.41487080824097017,1.0733891807582552,0.09149788042738796,0.3159642670044579,0.9487710903986987,0.8034653310326239,0.5953515447436382,0
-0.919824215548558,2,1.2351315279769222,-1.0055213238220164,1,1970-01-01 00:00:00.000000000,-0.9133483716921867,1.0686004329124532,-0.267136066858997,-1.6077185522419186,1.3432914619430882,3,6,0.3683851723864969,-0.9449436764804916,-1.5933260965940226,-0.1531641122676827,-0.699142329015916,0,0,1,1.372398725177769,-0.17727896768904636,-0.8798826901281196,0.0,1.0395447808478233,1.6329931618554518,0.3290006133962219,0.1495021026865238,-0.2660876570412127,1.5861560747317036,0.8803877665050197,-0.9382234074784029,1.0733891807582552,0.09149788042738796,0.35161260297471486,0.9361455962772808,0.8034653310326239,0.5953515447436382,0
-0.9171998953900742,4,0.5075676612008815,-0.0467139620955342,3,1970-01-01 00:00:00.000000000,-0.9291553172214856,0.0154366886104866,-0.267136066858997,-1.021964070056069,0.6922206946143987,1,5,-1.5836660827260989,-0.7692805012451734,-1.2353342020293825,0.52143257840079,-1.1316015016030805,0,1,51,1.516861748880692,-0.17727896768904636,-0.8798826901281196,0.0,1.0395447808478233,1.6329931618554518,1.0430640861002878,0.328063164039758,-0.2660876570412127,-0.2655301134847581,0.04760306542580989,0.0038112711489760626,-0.42051466321152303,-1.5604775497547658,0.3867580601532345,0.9221812202091881,0.8034653310326239,0.5953515447436382,0
-0.9145755752315904,1,-0.7050387834258529,0.2728884918132931,0,1970-01-01 00:00:00.000000000,-0.9291058883364428,0.3359647847023895,-0.267136066858997,-0.3629902775969885,-0.9819612785165168,2,0,-0.3376759198882718,-0.7692805012451734,-1.3427317703987744,-1.3674381554709338,1.0306943613327422,0,2,21,1.661324772583615,-0.17727896768904636,-0.8798826901281196,0.0,1.0395447808478233,1.6329931618554518,0.01659784408819306,1.0423074094526947,-0.2660876570412127,-0.2655301134847581,0.04760306542580989,0.0038112711489760626,-0.42051466321152303,-1.5604775497547658,0.4213503732625737,0.906897934142255,0.8034653310326239,0.5953515447436382,0
-0.9119512550731066,3,0.0225250833501877,-0.6511794727491861,4,1970-01-01 00:00:00.000000000,-0.9132680497539925,0.3817545127155185,-1.1926468496775695,1.1746152381408663,1.0642611330879357,3,0,1.2405782863729755,0.0504809831863109,0.638156712858902,-0.0857044432008354,-0.699142329015916,2,1,-3,-1.661324772583615,-0.05690435999895315,-0.8798826901281196,0.0,1.5455179042693301,1.6329931618554518,0.3290006133962219,0.015581306671598155,-0.2660876570412127,-0.2655301134847581,0.04760306542580989,0.0038112711489760626,-1.9144185071813014,0.09149788042738796,-0.4213503732625737,0.906897934142255,0.9832032720901962,0.18251390563771203,0
-0.9093269349146228,4,-0.6080302678557142,1.1761128180773706,3,1970-01-01 00:00:00.000000000,-0.9124689494458011,-1.6329935198621568,1.583885498778148,0.2227642045888609,-0.8889511688981327,0,4,0.5760501995261347,-0.2422909755392192,1.389939691444647,-0.7603011338693082,1.4631535339199069,0,2,8,-1.516861748880692,-0.05690435999895315,-0.8798826901281196,0.0,1.5455179042693301,1.6329931618554518,0.37362958044022604,0.328063164039758,-1.1921288698046946,-0.2655301134847581,-0.48235083526096,0.5271638703864089,-0.42051466321152303,0.09149788042738796,-0.3867580601532345,0.9221812202091881,0.9832032720901962,0.18251390563771203,0
-0.9067026147561392,3,0.0225250833501877,0.4257418393349062,3,1970-01-01 00:00:00.000000000,-0.9126460696172044,1.0228107048993242,-1.1926468496775695,0.3692028251353233,-1.2609916073716696,1,6,0.8252482320937001,-0.7107261095000674,0.7216881549239847,-1.3674381554709338,-1.1316015016030805,2,1,-6,-1.372398725177769,-0.05690435999895315,-0.8798826901281196,0.0,1.5455179042693301,1.6329931618554518,-1.5900449694959553,0.37270342937806655,1.5859947684857512,-1.1913732075929888,-0.10381233477041008,1.0505164696238416,-0.42051466321152303,1.7434733106095417,-0.35161260297471486,0.9361455962772808,0.9832032720901962,0.18251390563771203,0
-0.9040782945976552,3,-1.1900813612765468,1.6763601372390131,1,1970-01-01 00:00:00.000000000,-0.9123062460325354,0.5649134247680344,1.583885498778148,0.9549573073211728,-0.9819612785165168,2,4,1.0744462646612656,-0.7692805012451734,0.6142905865545927,-1.6372768317383228,-1.1316015016030805,0,1,-13,-1.227935701474846,-0.05690435999895315,-0.8798826901281196,0.0,1.5455179042693301,1.6329931618554518,0.9984351190562837,-1.5914682455075098,-1.1921288698046946,1.5861560747317036,-0.028104634672300097,1.1551869894713283,1.0733891807582552,1.7434733106095417,-0.3159642670044579,0.9487710903986987,0.9832032720901962,0.18251390563771203,0
-0.9014539744391716,1,0.5075676612008815,1.2594873712709778,2,1970-01-01 00:00:00.000000000,-0.9118222548664916,-0.2135119514551583,2.509396281596721,-1.6077185522419186,0.8782409138511671,1,6,0.1191871398189314,1.0459056428531135,-0.6744802338781124,-0.8952204720030028,1.4631535339199069,0,0,41,-1.0834726777719228,-0.05690435999895315,-0.8798826901281196,0.0,1.5455179042693301,1.6329931618554518,0.5521454486162425,0.9976671441143863,1.5859947684857512,-1.1913732075929888,0.8046800664069097,-0.6242118479359433,1.0733891807582552,1.7434733106095417,-0.27986403674065413,0.9600396455038853,0.9832032720901962,0.18251390563771203,0
-0.8988296542806878,3,0.0225250833501877,-1.2278534656716356,0,1970-01-01 00:00:00.000000000,-0.9117192780226526,0.0612264166236156,-1.1926468496775695,-0.582648208416682,1.4363015715614724,1,1,-0.2546099090324166,-0.1251821920490071,1.294475186227409,0.3865132402670955,1.0306943613327422,2,0,30,-0.9390096540689998,-0.05690435999895315,-0.8798826901281196,0.0,1.5455179042693301,1.6329931618554518,-0.20654699113182753,0.5512644907313008,2.512035981249233,1.5861560747317036,0.27472616572013986,-1.1475644471733761,1.0733891807582552,1.7434733106095417,-0.24336354298385784,0.9699351452269085,0.9832032720901962,0.18251390563771203,0
-0.896205334122204,3,-1.1900813612765468,-0.0606097209611354,4,1970-01-01 00:00:00.000000000,-0.9116368965475814,1.572287441056872,0.6583747159595755,0.8817379970479415,-1.2609916073716696,0,5,0.3268521669585693,-1.2377156352060217,0.4352946392722725,0.3865132402670955,-0.699142329015916,1,1,-3,-0.7945466303660768,-0.05690435999895315,-0.8798826901281196,0.0,1.5455179042693301,1.6329931618554518,0.06122681113219718,-0.2076200200199446,-1.1921288698046946,2.5119991688399343,0.8046800664069097,0.10848179099646262,1.0733891807582552,1.7434733106095417,-0.2065149889942563,0.9784434369551989,0.9832032720901962,0.18251390563771203,0
-0.8935810139637202,1,0.0225250833501877,1.4887673925533973,3,1970-01-01 00:00:00.000000000,-0.9117089803382687,-1.6329935198621568,-1.1926468496775695,0.5888607559550169,-1.1679814977532854,0,6,1.2821112918009034,-1.2962700269511278,-0.8057439285518139,-0.96268014106985,1.4631535339199069,1,1,-27,-0.6500836066631537,-0.05690435999895315,-0.8798826901281196,0.0,1.5455179042693301,1.6329931618554518,1.533982723584333,0.0602215720099067,0.6599535557222693,-1.1913732075929888,-0.028104634672300097,1.5738690688612744,-1.9144185071813014,0.09149788042738796,-0.16937107583020397,0.9855523520707153,0.9832032720901962,0.18251390563771203,0
-0.8909566938052366,3,0.5075676612008815,-1.081947997582823,4,1970-01-01 00:00:00.000000000,-0.911224989172225,-0.9003578716520931,0.6583747159595755,-0.1433323467772949,-0.1448702919510591,3,4,1.1990452809450485,-0.4179541507745373,-0.7699447390953499,-0.22062378133453,-0.2666831564287514,1,0,-10,-0.5056205829602307,-0.05690435999895315,-0.8798826901281196,0.0,1.5455179042693301,1.6329931618554518,-1.5900449694959553,1.5333503281740888,-1.1921288698046946,0.6603129806234728,-0.55805853535907,1.7832101085562475,-0.42051466321152303,0.09149788042738796,-0.1319849269748023,0.9912517233535869,0.9832032720901962,0.18251390563771203,0
-0.8883323736467528,3,1.2351315279769222,-1.1375310330452275,2,1970-01-01 00:00:00.000000000,-0.9112146914878412,0.8854415208599373,0.6583747159595755,-0.2897709673237573,-1.447011826608438,0,3,-1.1268030230188957,-0.8278348929902795,-1.5575269071375586,-0.2880834504013773,1.0306943613327422,1,2,39,-0.36115755925730764,-0.05690435999895315,-0.8798826901281196,0.0,1.5455179042693301,1.6329931618554518,-0.8759814967918893,-1.5914682455075098,0.6599535557222693,-1.1913732075929888,-0.8608893357515099,0.945845949776355,-0.42051466321152303,0.09149788042738796,-0.09441001235832401,0.9955333995233415,0.9832032720901962,0.18251390563771203,0
-0.885708053488269,3,-0.6080302678557142,-0.2620982245123527,2,1970-01-01 00:00:00.000000000,-0.9109840233576416,1.0228107048993242,-0.267136066858997,0.9549573073211728,1.4363015715614724,2,3,-0.7530059741675474,-0.5350629342647494,-0.9250745600733606,-1.0301398101366974,1.0306943613327422,2,1,35,-0.21669453555438456,-0.05690435999895315,-0.8798826901281196,0.0,1.5455179042693301,1.6329931618554518,0.8645482179242713,-0.8772240000945728,0.6599535557222693,0.6603129806234728,0.5775569661125798,0.31782283069143574,1.0733891807582552,0.09149788042738796,-0.056700071885147196,0.9983912568969238,0.9832032720901962,0.18251390563771203,0
-0.8830837333297853,4,1.2351315279769222,0.2520448535148913,4,1970-01-01 00:00:00.000000000,-0.9103744004421144,0.4733339687417764,1.583885498778148,0.8817379970479415,-1.5400219362268222,3,1,-1.5836660827260989,-0.3593997590294313,-1.4978615913767852,-0.0857044432008354,1.0306943613327422,1,2,58,-0.07223151185146152,-0.05690435999895315,-0.8798826901281196,0.0,1.5455179042693301,1.6329931618554518,0.9984351190562837,0.8637463480994606,-0.2660876570412127,0.6603129806234728,1.3346339670936795,-1.4615760067158357,1.0733891807582552,0.09149788042738796,-0.01890903857456981,0.9998212081468293,0.9832032720901962,0.18251390563771203,0
-0.8804594131713015,4,0.0225250833501877,0.6550218606173258,0,1970-01-01 00:00:00.000000000,-0.9103723409052374,1.4807079850306142,-2.118157632496142,1.3210538586873286,0.5062004753776304,2,3,-0.8776049904513302,-0.8278348929902795,-1.1637358231164543,-0.3555431194682246,-0.2666831564287514,2,0,33,0.07223151185146152,-0.05690435999895315,-0.8798826901281196,0.0,1.5455179042693301,1.6329931618554518,0.46288751452823423,0.9976671441143863,1.5859947684857512,-0.2655301134847581,1.6374647674861196,-0.9382234074784029,-0.42051466321152303,1.7434733106095417,0.01890903857456981,0.9998212081468293,0.9832032720901962,0.18251390563771203,0
-0.8778350930128177,4,-0.6080302678557142,0.0783478676948764,2,1970-01-01 00:00:00.000000000,-0.910368221831484,-1.129306511717738,1.583885498778148,-1.6077185522419186,0.2271701465224777,2,4,-0.71147296873962,2.216993477755234,-0.0181617605096052,-1.2999784864040864,0.5982351887455776,2,1,81,0.21669453555438456,-0.05690435999895315,-0.8798826901281196,0.0,1.5455179042693301,1.6329931618554518,1.4447247894963249,0.4619839600546837,-2.1181700825681764,1.5861560747317036,0.5018492660144698,0.945845949776355,-0.42051466321152303,1.7434733106095417,0.056700071885147196,0.9983912568969238,0.9832032720901962,0.18251390563771203,0
-0.875210772854334,1,1.2351315279769222,0.4257418393349062,4,1970-01-01 00:00:00.000000000,-0.9097791942847244,-1.0835167837046091,-0.267136066858997,1.540711789507022,-1.447011826608438,3,0,1.4482433135126136,-0.7107261095000674,0.9961486074235424,-1.2325188173372392,-1.1316015016030805,2,2,-21,0.36115755925730764,-0.05690435999895315,-0.8798826901281196,0.0,1.5455179042693301,1.6329931618554518,-1.09912633201191,1.4440697974974717,1.5859947684857512,-2.1172163017012195,-0.40664313516285,1.3645280291663013,-0.42051466321152303,1.7434733106095417,0.09441001235832401,0.9955333995233415,0.9832032720901962,0.18251390563771203,0
-0.8725864526958502,2,1.2351315279769222,0.9537806762277514,3,1970-01-01 00:00:00.000000000,-0.9096103122608284,0.7022826088074214,-0.267136066858997,-1.5344992419686874,1.0642611330879357,0,0,-1.4175340610143885,-1.0620524599707035,-0.6744802338781124,0.1166745639997063,-0.2666831564287514,2,0,42,0.5056205829602307,-0.05690435999895315,-0.8798826901281196,0.0,1.5455179042693301,1.6329931618554518,-1.0544973649679057,-1.1004253267861157,-0.2660876570412127,1.5861560747317036,-0.7851816356533999,0.31782283069143574,1.0733891807582552,0.09149788042738796,0.1319849269748023,0.9912517233535869,0.9832032720901962,0.18251390563771203,0
-0.8699621325373664,3,-0.6080302678557142,-0.7831891819723974,4,1970-01-01 00:00:00.000000000,-0.9098636352966724,0.7022826088074214,-0.267136066858997,0.0031062737691674,0.8782409138511671,1,5,0.7421822212378449,0.167589766676523,0.8290857232933768,1.26348893813611,-1.1316015016030805,2,1,11,0.6500836066631537,-0.05690435999895315,-0.8798826901281196,0.0,1.5455179042693301,1.6329931618554518,0.6860323497482549,-1.055785061447807,-0.2660876570412127,-0.2655301134847581,0.19901846562202985,0.31782283069143574,-0.42051466321152303,-1.5604775497547658,0.16937107583020397,0.9855523520707153,0.9832032720901962,0.18251390563771203,0
-0.8673378123788827,3,0.5075676612008815,-1.1027916358812249,4,1970-01-01 00:00:00.000000000,-0.9096061931870748,-1.358255151783383,-1.1926468496775695,-0.0701130365040637,-0.9819612785165168,0,2,0.160720145246859,1.0459056428531135,1.557002575574812,1.398408276269805,0.165776016158413,0,2,40,0.7945466303660768,-0.05690435999895315,-0.8798826901281196,0.0,1.5455179042693301,1.6329931618554518,0.6860323497482549,0.6851852867462264,-0.2660876570412127,-0.2655301134847581,0.04760306542580989,0.6318343902338954,-0.42051466321152303,-1.5604775497547658,0.2065149889942563,0.9784434369551989,0.9832032720901962,0.18251390563771203,0
-0.864713492220399,1,0.5075676612008815,0.2312012152164895,1,1970-01-01 00:00:00.000000000,-0.9089409627758742,-1.266675695757125,-0.267136066858997,0.8817379970479415,-0.9819612785165168,2,5,0.0776541343910038,1.4557863850688555,0.1727672499248696,-0.22062378133453,-0.2666831564287514,2,1,49,0.9390096540689998,-0.05690435999895315,-0.8798826901281196,0.0,1.5455179042693301,1.6329931618554518,-1.3222711672319305,0.6851852867462264,-1.1921288698046946,-0.2655301134847581,-1.01230473594773,0.5271638703864089,-0.42051466321152303,-1.5604775497547658,0.24336354298385784,0.9699351452269085,0.9832032720901962,0.18251390563771203,0
-0.8620891720619152,3,0.5075676612008815,-0.3871600543027634,2,1970-01-01 00:00:00.000000000,-0.9093384533930932,-0.7629886876127061,-0.267136066858997,-0.4362095878702197,-0.4239006208062117,2,3,-1.5421330772981712,-1.0620524599707035,0.7455542812282941,-1.1650591482703918,-0.2666831564287514,1,2,45,1.0834726777719228,-0.05690435999895315,-0.8798826901281196,0.0,1.5455179042693301,1.6329931618554518,-1.2330132331439223,-1.3236266534776584,-0.2660876570412127,-1.1913732075929888,-1.8450894370269397,-1.3569054868683492,-0.42051466321152303,-1.5604775497547658,0.27986403674065413,0.9600396455038853,0.9832032720901962,0.18251390563771203,0
-0.8594648519034315,4,-3.3242687038195995,-1.3668110543276475,0,1970-01-01 00:00:00.000000000,-0.9090357014722062,0.3817545127155185,0.6583747159595755,-1.1684026906025315,0.5062004753776304,3,1,-0.794538979595475,-0.0666278003039011,0.6978220286196753,1.1960292690692629,-0.699142329015916,2,2,44,1.227935701474846,-0.05690435999895315,-0.8798826901281196,0.0,1.5455179042693301,1.6329931618554518,-0.742094595659877,-1.2343461228010413,-0.2660876570412127,-0.2655301134847581,-0.93659703584962,-0.20552976854599705,1.0733891807582552,0.09149788042738796,0.3159642670044579,0.9487710903986987,0.9832032720901962,0.18251390563771203,0
-0.8568405317449477,2,0.0225250833501877,1.0024158322573555,0,1970-01-01 00:00:00.000000000,-0.9085620079905464,0.0154366886104866,-1.1926468496775695,-1.0951833803293003,-0.4239006208062117,2,3,0.9083142429495552,1.1630144263433255,-1.1518027599642997,0.2515939021334009,1.4631535339199069,1,1,24,1.372398725177769,-0.05690435999895315,-0.8798826901281196,0.0,1.5455179042693301,1.6329931618554518,0.37362958044022604,-0.7433032040796472,0.6599535557222693,-0.2655301134847581,0.04760306542580989,0.0038112711489760626,-0.42051466321152303,0.09149788042738796,0.35161260297471486,0.9361455962772808,0.9832032720901962,0.18251390563771203,0
-0.8542162115864639,0,-0.6080302678557142,-0.4149515720339658,1,1970-01-01 00:00:00.000000000,-0.89267680005993,2.808610097411355,1.583885498778148,-0.6558675186899132,-0.4239006208062117,3,0,0.160720145246859,0.8116880758726893,-0.6386810444216484,-0.4904624576019191,-0.2666831564287514,2,0,36,1.516861748880692,-0.05690435999895315,-0.8798826901281196,0.0,1.5455179042693301,1.6329931618554518,0.01659784408819306,0.37270342937806655,-1.1921288698046946,0.6603129806234728,0.04760306542580989,0.0038112711489760626,1.0733891807582552,0.09149788042738796,0.3867580601532345,0.9221812202091881,0.9832032720901962,0.18251390563771203,0
-0.8515918914279802,3,-0.6080302678557142,0.1756181797540847,0,1970-01-01 00:00:00.000000000,-0.8927035740393282,1.251759344964969,-1.1926468496775695,-0.3629902775969885,-0.2378804015694433,3,6,1.4482433135126136,-0.7692805012451734,1.0319477968800064,-1.5698171626714756,1.4631535339199069,1,1,-22,1.661324772583615,-0.05690435999895315,-0.8798826901281196,0.0,1.5455179042693301,1.6329931618554518,2.738964833772444,0.015581306671598155,1.5859947684857512,-1.1913732075929888,0.04760306542580989,0.0038112711489760626,-0.42051466321152303,1.7434733106095417,0.4213503732625737,0.906897934142255,0.9832032720901962,0.18251390563771203,0
-0.8489675712694964,4,-1.3840983924168242,0.3701588038725014,4,1970-01-01 00:00:00.000000000,-0.892544989699816,1.572287441056872,-1.1926468496775695,-0.582648208416682,-0.9819612785165168,0,0,-1.2098690338747506,1.1630144263433255,-0.0181617605096052,-0.8277608029361555,0.165776016158413,2,0,75,-1.661324772583615,0.06347024769114007,-0.8798826901281196,0.0,-1.490320836259711,-0.6123724356957944,1.2215799542763042,2.7386374923084196,-1.1921288698046946,1.5861560747317036,3.1516187694483193,-0.20552976854599705,-0.42051466321152303,1.7434733106095417,-0.4213503732625737,0.906897934142255,-0.9729578811050594,0.23098260020086597,0
-0.8463432511110126,0,-0.6080302678557142,0.550803669125317,1,1970-01-01 00:00:00.000000000,-0.8922504759264362,0.8854415208599373,-1.1926468496775695,-0.4362095878702197,-0.3308905111878275,2,2,-1.0437370121630405,0.8116880758726893,1.485404196661884,-0.0857044432008354,0.165776016158413,0,2,65,-1.516861748880692,0.06347024769114007,-0.8798826901281196,0.0,-1.490320836259711,-0.6123724356957944,1.533982723584333,1.220868470805929,-1.1921288698046946,-1.1913732075929888,2.0917109680747794,-1.2522349670208626,-1.9144185071813014,-1.5604775497547658,-0.3867580601532345,0.9221812202091881,-0.9729578811050594,0.23098260020086597,0
-0.8437189309525288,2,-0.6080302678557142,-0.9916255649564152,3,1970-01-01 00:00:00.000000000,-0.8918550448460941,1.3433388009912273,0.6583747159595755,-1.0951833803293003,-0.1448702919510591,0,5,1.5313093243684688,-0.2422909755392192,-0.1613585183354613,-1.3674381554709338,1.4631535339199069,1,2,-15,-1.372398725177769,0.06347024769114007,-0.8798826901281196,0.0,-1.490320836259711,-0.6123724356957944,0.8645482179242713,1.5333503281740888,-1.1921288698046946,-1.1913732075929888,2.0917109680747794,-1.2522349670208626,-0.42051466321152303,0.09149788042738796,-0.35161260297471486,0.9361455962772808,-0.9729578811050594,0.23098260020086597,0
-0.8410946107940451,0,-0.6080302678557142,-1.1444789124780284,2,1970-01-01 00:00:00.000000000,-0.8914616733026289,1.709656625096259,-1.1926468496775695,0.0031062737691674,0.5062004753776304,1,4,1.614375335224324,-0.7692805012451734,1.7001993334006682,-0.6253817957356137,1.895612706507071,1,2,-26,-1.227935701474846,0.06347024769114007,-0.8798826901281196,0.0,-1.490320836259711,-0.6123724356957944,1.3108378883643126,0.8637463480994606,0.6599535557222693,-1.1913732075929888,2.1674186681728895,-1.1475644471733761,-1.9144185071813014,0.09149788042738796,-0.3159642670044579,0.9487710903986987,-0.9729578811050594,0.23098260020086597,0
-0.8384702906355613,4,1.2351315279769222,0.2034096974852871,2,1970-01-01 00:00:00.000000000,-0.8914966854295342,-1.678783247875286,-0.267136066858997,0.5888607559550169,0.2271701465224777,0,3,-1.0022040067351128,-0.9449436764804916,-0.6864132970302671,1.465867945336652,-1.1316015016030805,2,0,34,-1.0834726777719228,0.06347024769114007,-0.8798826901281196,0.0,-1.490320836259711,-0.6123724356957944,1.6678696247163454,1.310149001482546,-1.1921288698046946,0.6603129806234728,0.8046800664069097,2.2018921879461937,-0.42051466321152303,0.09149788042738796,-0.27986403674065413,0.9600396455038853,-0.9729578811050594,0.23098260020086597,0
-0.8358459704770775,0,-1.1900813612765468,0.668917619482927,2,1970-01-01 00:00:00.000000000,-0.8916532102321696,0.5191236967549054,-1.1926468496775695,-0.2897709673237573,-0.6099208400429801,2,1,0.1191871398189314,0.4018073336569471,-0.4358189708350189,-1.0301398101366974,-0.699142329015916,1,2,30,-0.9390096540689998,0.06347024769114007,-0.8798826901281196,0.0,-1.490320836259711,-0.6123724356957944,-1.6346739365399594,1.6672711241890146,-0.2660876570412127,-1.1913732075929888,0.3504338658182498,1.8878806284037342,-1.9144185071813014,0.09149788042738796,-0.24336354298385784,0.9699351452269085,-0.9729578811050594,0.23098260020086597,0
-0.8332216503185939,1,1.2351315279769222,-0.5608570401227784,4,1970-01-01 00:00:00.000000000,-0.8908499908502248,-0.1677222234420293,-0.267136066858997,0.0763255840423986,-0.6099208400429801,1,2,0.7837152266657725,-1.1206068517158096,1.2467429336187903,0.9261905928018735,1.0306943613327422,2,1,-12,-0.7945466303660768,0.06347024769114007,-0.8798826901281196,0.0,-1.490320836259711,-0.6123724356957944,0.5075164815722384,-1.6361085108458182,-1.1921288698046946,-0.2655301134847581,-0.7094739355552899,0.5271638703864089,-0.42051466321152303,0.09149788042738796,-0.2065149889942563,0.9784434369551989,-0.9729578811050594,0.23098260020086597,0
-0.8305973301601101,0,-1.1900813612765468,-1.3807068131932485,3,1970-01-01 00:00:00.000000000,-0.8910477063903958,0.6564928807942925,-0.267136066858997,1.39427316896056,0.9712510234695512,2,0,-0.0884778873207064,0.0504809831863109,-0.1613585183354613,0.6563519165344845,-1.564060674190245,0,2,29,-0.6500836066631537,0.06347024769114007,-0.8798826901281196,0.0,-1.490320836259711,-0.6123724356957944,-0.1619180240878234,0.5066242253929922,-0.2660876570412127,-1.1913732075929888,0.5775569661125798,-1.0428939273258895,-0.42051466321152303,0.09149788042738796,-0.16937107583020397,0.9855523520707153,-0.9729578811050594,0.23098260020086597,0
-0.8279730100016263,3,0.5075676612008815,-0.032818203229933,1,1970-01-01 00:00:00.000000000,-0.8906852279000822,-0.1219324954289003,0.6583747159595755,0.1495448943156297,-0.8889511688981327,1,6,-0.5868739524558372,1.1630144263433255,-0.7102794233345765,-0.1531641122676827,-0.699142329015916,0,0,60,-0.5056205829602307,0.06347024769114007,-0.8798826901281196,0.0,-1.490320836259711,-0.6123724356957944,0.6414033827042507,-0.16297975468163606,-0.2660876570412127,-0.2655301134847581,0.19901846562202985,-1.0428939273258895,-0.42051466321152303,-1.5604775497547658,-0.1319849269748023,0.9912517233535869,-0.9729578811050594,0.23098260020086597,0
-0.8253486898431426,3,-0.6080302678557142,-0.755397664241195,1,1970-01-01 00:00:00.000000000,-0.8903865950529489,0.0154366886104866,-1.1926468496775695,1.028176617594404,-1.447011826608438,2,2,1.6559083406522517,-0.6521717177549614,0.4472277024244271,-0.3555431194682246,0.165776016158413,2,0,-25,-0.36115755925730764,0.06347024769114007,-0.8798826901281196,0.0,-1.490320836259711,-0.6123724356957944,-0.1172890570438193,0.6405450214079178,0.6599535557222693,-0.2655301134847581,0.27472616572013986,-1.1475644471733761,-0.42051466321152303,0.09149788042738796,-0.09441001235832401,0.9955333995233415,-0.9729578811050594,0.23098260020086597,0
-0.8227243696846588,1,-1.1900813612765468,1.5165589102845998,2,1970-01-01 00:00:00.000000000,-0.8904401430117452,-0.6256195035733192,-0.267136066858997,0.3692028251353233,1.3432914619430882,0,6,3.1510965360576444,1.2801232098335376,1.7001993334006682,-0.4904624576019191,1.4631535339199069,2,1,-28,-0.21669453555438456,0.06347024769114007,-0.8798826901281196,0.0,-1.490320836259711,-0.6123724356957944,0.01659784408819306,-0.1183394893433275,-1.1921288698046946,0.6603129806234728,-0.40664313516285,-1.3569054868683492,-0.42051466321152303,0.09149788042738796,-0.056700071885147196,0.9983912568969238,-0.9729578811050594,0.23098260020086597,0
-0.820100049526175,4,-1.1900813612765468,-0.3524206571387605,3,1970-01-01 00:00:00.000000000,-0.890281558672233,1.1143901609255822,-1.1926468496775695,0.8085186867747104,-0.1448702919510591,2,6,-0.4622749361720545,1.1044600345982196,-1.139869696812145,-0.22062378133453,1.0306943613327422,0,1,56,-0.07223151185146152,0.06347024769114007,-0.8798826901281196,0.0,-1.490320836259711,-0.6123724356957944,-0.6082076945278646,0.015581306671598155,-0.2660876570412127,-1.1913732075929888,0.27472616572013986,-0.1008592486985105,-1.9144185071813014,0.09149788042738796,-0.01890903857456981,0.9998212081468293,-0.9729578811050594,0.23098260020086597,0
-0.8174757293676913,3,0.5075676612008815,0.7870315698405371,3,1970-01-01 00:00:00.000000000,-0.8900138188782514,0.0154366886104866,0.6583747159595755,-0.582648208416682,0.5062004753776304,3,1,-0.5453409470279097,1.2215688180884317,-0.9608737495298248,-1.2999784864040864,0.5982351887455776,1,0,60,0.07223151185146152,0.06347024769114007,-0.8798826901281196,0.0,-1.490320836259711,-0.6123724356957944,1.0876930531442919,-0.6093824080647215,-1.1921288698046946,-0.2655301134847581,0.04760306542580989,0.0038112711489760626,-0.42051466321152303,0.09149788042738796,0.01890903857456981,0.9998212081468293,-0.9729578811050594,0.23098260020086597,0
-0.8148514092092075,2,-1.1900813612765468,0.2450969740820907,3,1970-01-01 00:00:00.000000000,-0.8898387582437249,1.572287441056872,1.583885498778148,1.3210538586873286,1.2502813523247038,3,6,-1.5836660827260989,-0.3008453672843252,1.1154792389450892,0.8587309237350265,-1.564060674190245,1,0,59,0.21669453555438456,0.06347024769114007,-0.8798826901281196,0.0,-1.490320836259711,-0.6123724356957944,0.01659784408819306,1.0869476747910034,0.6599535557222693,-1.1913732075929888,0.04760306542580989,0.0038112711489760626,-0.42051466321152303,1.7434733106095417,0.056700071885147196,0.9983912568969238,-0.9729578811050594,0.23098260020086597,0
-0.8122270890507237,3,-0.6080302678557142,-1.5613516784460642,0,1970-01-01 00:00:00.000000000,-0.88927238560261,0.8396517928468084,-0.267136066858997,-1.388060621422225,1.3432914619430882,0,6,1.115979270089193,0.9873512511080076,1.3541405019881827,0.3190535712002482,1.0306943613327422,1,1,16,0.36115755925730764,0.06347024769114007,-0.8798826901281196,0.0,-1.490320836259711,-0.6123724356957944,1.533982723584333,0.015581306671598155,1.5859947684857512,0.6603129806234728,0.04760306542580989,0.0038112711489760626,1.0733891807582552,0.09149788042738796,0.09441001235832401,0.9955333995233415,-0.9729578811050594,0.23098260020086597,0
-0.80960276889224,3,-0.6080302678557142,-1.6030389550428676,0,1970-01-01 00:00:00.000000000,-0.8895730779866201,0.2443853286761315,-0.267136066858997,-0.4362095878702197,2.4594127773636987,0,0,-0.9191379958792576,-1.1206068517158096,0.0892358078597868,-0.8277608029361555,-0.699142329015916,0,1,29,0.5056205829602307,0.06347024769114007,-0.8798826901281196,0.0,-1.490320836259711,-0.6123724356957944,0.8199192508802672,1.5333503281740888,-0.2660876570412127,1.5861560747317036,1.4860493672898996,-0.6242118479359433,1.0733891807582552,0.09149788042738796,0.1319849269748023,0.9912517233535869,-0.9729578811050594,0.23098260020086597,0
-0.8069784487337562,4,-0.6080302678557142,-0.4357952103323676,2,1970-01-01 00:00:00.000000000,-0.8890375983986569,1.0686004329124532,-1.1926468496775695,0.4424221354085545,1.3432914619430882,1,1,-1.0022040067351128,1.2801232098335376,-0.8892753706168967,-0.96268014106985,1.0306943613327422,2,1,72,0.6500836066631537,0.06347024769114007,-0.8798826901281196,0.0,-1.490320836259711,-0.6123724356957944,0.23974267930821366,0.819106082761152,-0.2660876570412127,-0.2655301134847581,1.1832185668974597,-1.1475644471733761,-0.42051466321152303,0.09149788042738796,0.16937107583020397,0.9855523520707153,-0.9729578811050594,0.23098260020086597,0
-0.8043541285752724,0,1.2351315279769222,-0.8318243380020016,3,1970-01-01 00:00:00.000000000,-0.8887719181415521,1.2059696169518404,-1.1926468496775695,-1.0951833803293003,0.5062004753776304,0,4,1.323644297228831,-0.5350629342647494,1.5689356387269668,-0.0857044432008354,-0.2666831564287514,0,1,-15,0.7945466303660768,0.06347024769114007,-0.8798826901281196,0.0,-1.490320836259711,-0.6123724356957944,1.0430640861002878,0.2387826333631409,-1.1921288698046946,-0.2655301134847581,1.4103416671917897,-0.9382234074784029,-1.9144185071813014,0.09149788042738796,0.2065149889942563,0.9784434369551989,-0.9729578811050594,0.23098260020086597,0
-0.8017298084167886,3,0.5075676612008815,0.0227648322324716,3,1970-01-01 00:00:00.000000000,-0.8885968575070257,1.1143901609255822,-0.267136066858997,-0.7290868289631444,-0.7029309496613644,3,4,1.697441346080179,1.1044600345982196,-1.4023970861595478,1.26348893813611,-0.2666831564287514,1,0,4,0.9390096540689998,0.06347024769114007,-0.8798826901281196,0.0,-1.490320836259711,-0.6123724356957944,1.1769509872323,1.0423074094526947,-1.1921288698046946,-1.1913732075929888,1.8645878677804495,-1.880258086105782,-1.9144185071813014,0.09149788042738796,0.24336354298385784,0.9699351452269085,-0.9729578811050594,0.23098260020086597,0
-0.799105488258305,1,0.0225250833501877,-0.1439842741547426,1,1970-01-01 00:00:00.000000000,-0.8882199622585747,-1.49562433582277,-1.1926468496775695,1.028176617594404,0.9712510234695512,0,6,1.406710308084686,-0.8278348929902795,-0.8057439285518139,0.3865132402670955,-1.564060674190245,2,2,-22,1.0834726777719228,0.06347024769114007,-0.8798826901281196,0.0,-1.490320836259711,-0.6123724356957944,1.0876930531442919,1.1762282054676205,-0.2660876570412127,-1.1913732075929888,0.5018492660144698,1.3645280291663013,-1.9144185071813014,0.09149788042738796,0.27986403674065413,0.9600396455038853,-0.9729578811050594,0.23098260020086597,0
-0.7964811680998212,0,1.2351315279769222,0.9051455201981472,1,1970-01-01 00:00:00.000000000,-0.8879542820014699,-0.5340400475470612,-1.1926468496775695,-0.5094288981434508,-0.4239006208062117,3,2,0.4929841886702795,-0.8278348929902795,0.0295704920990134,0.9261905928018735,0.5982351887455776,2,0,0,1.227935701474846,0.06347024769114007,-0.8798826901281196,0.0,-1.490320836259711,-0.6123724356957944,-1.4561580683639428,1.0869476747910034,-1.1921288698046946,-0.2655301134847581,-0.48235083526096,0.945845949776355,-1.9144185071813014,-1.5604775497547658,0.3159642670044579,0.9487710903986987,-0.9729578811050594,0.23098260020086597,0
-0.7938568479413374,2,0.5075676612008815,-1.3320716571636444,2,1970-01-01 00:00:00.000000000,-0.8883703084505797,0.8854415208599373,-0.267136066858997,0.3692028251353233,-1.2609916073716696,0,5,-0.2130769036044891,0.3432529419118411,1.5808687018791214,-1.6372768317383228,-1.1316015016030805,1,1,37,1.372398725177769,0.06347024769114007,-0.8798826901281196,0.0,-1.490320836259711,-0.6123724356957944,-0.5189497604398564,-1.457547449492584,-1.1921288698046946,-1.1913732075929888,-0.6337662354571799,0.6318343902338954,-0.42051466321152303,0.09149788042738796,0.35161260297471486,0.9361455962772808,-0.9729578811050594,0.23098260020086597,0
-0.7912325277828537,4,1.2351315279769222,1.7041516549702158,3,1970-01-01 00:00:00.000000000,-0.8879769369071144,-0.6256195035733192,-0.267136066858997,0.8817379970479415,1.3432914619430882,3,1,-0.8776049904513302,1.0459056428531135,-0.5551496023565656,-0.1531641122676827,-0.699142329015916,2,0,65,1.516861748880692,0.06347024769114007,-0.8798826901281196,0.0,-1.490320836259711,-0.6123724356957944,0.8645482179242713,-0.5201018773881044,-0.2660876570412127,-1.1913732075929888,-0.10381233477041008,-0.1008592486985105,-0.42051466321152303,0.09149788042738796,0.3867580601532345,0.9221812202091881,-0.9729578811050594,0.23098260020086597,0
-0.7886082076243699,2,0.0225250833501877,-1.1931140685076325,2,1970-01-01 00:00:00.000000000,-0.871902251583834,-0.4424605915208032,-0.267136066858997,1.1746152381408663,-1.447011826608438,1,3,0.4099181778144244,-0.2422909755392192,1.5092703229661937,-0.0182447741339881,1.895612706507071,1,1,12,1.661324772583615,0.06347024769114007,-0.8798826901281196,0.0,-1.490320836259711,-0.6123724356957944,-0.6082076945278646,0.8637463480994606,-0.2660876570412127,-0.2655301134847581,-0.10381233477041008,-0.20552976854599705,-0.42051466321152303,-1.5604775497547658,0.4213503732625737,0.906897934142255,-0.9729578811050594,0.23098260020086597,0
-0.7859838874658861,0,0.1680378567053958,1.648568619507811,1,1970-01-01 00:00:00.000000000,-0.8719352041738626,1.3891285290043562,-0.267136066858997,0.2959835148620921,-1.1679814977532854,2,5,-0.794538979595475,1.4557863850688555,0.8887510390541502,-0.8277608029361555,1.4631535339199069,0,0,70,-1.661324772583615,0.18384485538123327,-0.8798826901281196,0.0,-0.9843477128382041,-0.6123724356957944,-0.4296918263518481,-0.6093824080647215,-0.2660876570412127,-0.2655301134847581,0.19901846562202985,0.4224933505389223,-0.42051466321152303,-1.5604775497547658,-0.4213503732625737,0.906897934142255,-0.7729949150001408,0.6344122172404351,0
-0.7833595673074024,0,0.0225250833501877,-1.3529152954620465,1,1970-01-01 00:00:00.000000000,-0.8717251314124309,-0.7171989595995771,1.583885498778148,1.540711789507022,1.3432914619430882,2,1,-1.0437370121630405,-1.1206068517158096,1.008081670575697,0.6563519165344845,-1.1316015016030805,2,1,32,-1.516861748880692,0.18384485538123327,-0.8798826901281196,0.0,-0.9843477128382041,-0.6123724356957944,1.3554668554083167,-0.43082134671148736,-0.2660876570412127,-0.2655301134847581,0.12331076552391987,0.5271638703864089,1.0733891807582552,0.09149788042738796,-0.3867580601532345,0.9221812202091881,-0.7729949150001408,0.6344122172404351,0
-0.7807352471489186,0,0.5075676612008815,-1.5544037990132635,0,1970-01-01 00:00:00.000000000,-0.8710722582224911,-1.6329935198621568,0.6583747159595755,-0.948744759782838,-0.5169107304245959,3,1,1.6559083406522517,0.3432529419118411,0.9126171653584596,-0.96268014106985,-0.2666831564287514,1,1,-8,-1.372398725177769,0.18384485538123327,-0.8798826901281196,0.0,-0.9843477128382041,-0.6123724356957944,-0.6974656286158728,1.3547892668208548,1.5859947684857512,-0.2655301134847581,-0.48235083526096,1.469198549013788,1.0733891807582552,0.09149788042738796,-0.35161260297471486,0.9361455962772808,-0.7729949150001408,0.6344122172404351,0
-0.7781109269904348,2,-1.1900813612765468,0.1339309031572812,2,1970-01-01 00:00:00.000000000,-0.8712740928364157,-0.0303530394026423,-0.267136066858997,0.8817379970479415,-1.3540017169900538,0,0,1.323644297228831,1.0459056428531135,1.0558139231843158,1.465867945336652,3.1929902242685646,1,0,12,-1.227935701474846,0.18384485538123327,-0.8798826901281196,0.0,-0.9843477128382041,-0.6123724356957944,-1.5900449694959553,-0.6986629387413387,0.6599535557222693,1.5861560747317036,-1.3151355363401698,-0.20552976854599705,1.0733891807582552,0.09149788042738796,-0.3159642670044579,0.9487710903986987,-0.7729949150001408,0.6344122172404351,0
-0.7754866068319511,0,1.2351315279769222,-1.1027916358812249,2,1970-01-01 00:00:00.000000000,-0.8711361038656713,-0.5798297755601902,-0.267136066858997,-0.948744759782838,1.2502813523247038,0,6,-1.4590670664423162,0.284698550166735,0.7694204075326034,1.3309486072029573,1.0306943613327422,0,1,66,-1.0834726777719228,0.18384485538123327,-0.8798826901281196,0.0,-0.9843477128382041,-0.6123724356957944,-0.028031122955811057,-1.5914682455075098,-0.2660876570412127,0.6603129806234728,-1.2394278362420599,-0.20552976854599705,-0.42051466321152303,0.09149788042738796,-0.27986403674065413,0.9600396455038853,-0.7729949150001408,0.6344122172404351,0
-0.7728622866734673,2,-0.6080302678557142,-0.6094921961523825,3,1970-01-01 00:00:00.000000000,-0.8709425073992538,-1.49562433582277,-1.1926468496775695,1.6139310997802534,-0.1448702919510591,2,0,0.3268521669585693,-0.1251821920490071,0.4114285129679632,0.1166745639997063,-1.564060674190245,2,2,16,-0.9390096540689998,0.18384485538123327,-0.8798826901281196,0.0,-0.9843477128382041,-0.6123724356957944,-0.5635787274838605,-0.029058958666710395,-0.2660876570412127,-0.2655301134847581,-1.0880124360458399,-0.41487080824097017,-0.42051466321152303,-1.5604775497547658,-0.24336354298385784,0.9699351452269085,-0.7729949150001408,0.6344122172404351,0
-0.7702379665149836,0,-1.1900813612765468,-1.3181758982980432,3,1970-01-01 00:00:00.000000000,-0.8702875746724373,0.1528058726498735,0.6583747159595755,1.6139310997802534,0.7852308042327829,3,2,-0.5868739524558372,0.8116880758726893,0.0415035552511681,1.26348893813611,1.4631535339199069,2,1,54,-0.7945466303660768,0.18384485538123327,-0.8798826901281196,0.0,-0.9843477128382041,-0.6123724356957944,-1.4561580683639428,-0.564742142726413,-1.1921288698046946,-0.2655301134847581,-1.01230473594773,-0.20552976854599705,-0.42051466321152303,0.09149788042738796,-0.2065149889942563,0.9784434369551989,-0.7729949150001408,0.6344122172404351,0
-0.7676136463564999,1,-1.1900813612765468,-0.9429904089268112,0,1970-01-01 00:00:00.000000000,-0.8704667543807173,-0.8087784156258352,-0.267136066858997,-1.021964070056069,0.5992105849960145,0,3,0.0776541343910038,-0.7107261095000674,1.3183413125317187,-0.0857044432008354,-1.1316015016030805,2,1,12,-0.6500836066631537,0.18384485538123327,-0.8798826901281196,0.0,-0.9843477128382041,-0.6123724356957944,0.1504847452202054,-1.457547449492584,0.6599535557222693,-1.1913732075929888,-1.1637201361439498,-0.20552976854599705,-0.42051466321152303,0.09149788042738796,-0.16937107583020397,0.9855523520707153,-0.7729949150001408,0.6344122172404351,0
-0.7649893261980161,0,-0.6080302678557142,0.7939794492733377,4,1970-01-01 00:00:00.000000000,-0.8701145735747876,-0.9003578716520931,0.6583747159595755,-0.0701130365040637,-1.0749713881349012,2,5,1.1575122755171203,-1.4133788104413398,-1.104070507355681,0.049214894932859,0.165776016158413,2,1,-26,-0.5056205829602307,0.18384485538123327,-0.8798826901281196,0.0,-0.9843477128382041,-0.6123724356957944,-0.7867235627038811,0.1495021026865238,-0.2660876570412127,0.6603129806234728,-0.8608893357515099,-0.7288823677834299,1.0733891807582552,0.09149788042738796,-0.1319849269748023,0.9912517233535869,-0.7729949150001408,0.6344122172404351,0
-0.7623650060395323,2,0.5075676612008815,0.4257418393349062,4,1970-01-01 00:00:00.000000000,-0.8696347014824976,0.4733339687417764,-1.1926468496775695,-1.461279931695456,1.0642611330879357,3,5,-0.4622749361720545,0.4018073336569471,0.8529518495976862,-1.0301398101366974,1.4631535339199069,0,2,44,-0.36115755925730764,0.18384485538123327,-0.8798826901281196,0.0,-0.9843477128382041,-0.6123724356957944,-0.8759814967918893,-0.7879434694179558,0.6599535557222693,-0.2655301134847581,-0.7094739355552899,-0.3102002883934836,-0.42051466321152303,0.09149788042738796,-0.09441001235832401,0.9955333995233415,-0.7729949150001408,0.6344122172404351,0
-0.7597406858810486,3,1.2351315279769222,-0.7484497848083944,4,1970-01-01 00:00:00.000000000,-0.8700301325628396,0.0154366886104866,-0.267136066858997,1.4674924792337911,1.3432914619430882,1,4,-1.4175340610143885,-0.8278348929902795,1.3302743756838733,1.465867945336652,0.165776016158413,0,0,46,-0.21669453555438456,0.18384485538123327,-0.8798826901281196,0.0,-0.9843477128382041,-0.6123724356957944,0.46288751452823423,-0.8772240000945728,-1.1921288698046946,0.6603129806234728,0.04760306542580989,0.0038112711489760626,-0.42051466321152303,0.09149788042738796,-0.056700071885147196,0.9983912568969238,-0.7729949150001408,0.6344122172404351,0
-0.7571163657225648,0,-1.238585619061616,1.391497080494189,2,1970-01-01 00:00:00.000000000,-0.8692681039184305,1.1601798889387114,-0.267136066858997,0.2227642045888609,-1.2609916073716696,0,2,1.5313093243684688,0.9287968593629016,-1.2353342020293825,1.5333276144034993,-1.564060674190245,2,2,5,-0.07223151185146152,0.18384485538123327,-0.8798826901281196,0.0,-0.9843477128382041,-0.6123724356957944,0.01659784408819306,0.4619839600546837,-0.2660876570412127,-1.1913732075929888,0.04760306542580989,0.0038112711489760626,-1.9144185071813014,0.09149788042738796,-0.01890903857456981,0.9998212081468293,-0.7729949150001408,0.6344122172404351,0
-0.754492045564081,3,0.5075676612008815,-1.2070098273732337,2,1970-01-01 00:00:00.000000000,-0.8690621502307523,0.6107031527811635,-1.1926468496775695,-0.0701130365040637,0.6922206946143987,0,3,-0.6699399633116924,-0.5936173260098554,-1.6768575386591054,0.1841342330665536,0.165776016158413,1,2,32,0.07223151185146152,0.18384485538123327,-0.8798826901281196,0.0,-0.9843477128382041,-0.6123724356957944,1.132322020188296,0.015581306671598155,-0.2660876570412127,-0.2655301134847581,0.04760306542580989,0.0038112711489760626,-0.42051466321152303,0.09149788042738796,0.01890903857456981,0.9998212081468293,-0.7729949150001408,0.6344122172404351,0
-0.7518677254055972,1,0.0225250833501877,-1.6099868344756685,1,1970-01-01 00:00:00.000000000,-0.8691960201277431,0.4733339687417764,-0.267136066858997,-0.7290868289631444,-0.3308905111878275,3,2,1.697441346080179,1.2801232098335376,-1.390464023007393,1.1960292690692629,-0.2666831564287514,2,2,7,0.21669453555438456,0.18384485538123327,-0.8798826901281196,0.0,-0.9843477128382041,-0.6123724356957944,0.5967744156602466,1.1315879401293119,-1.1921288698046946,-0.2655301134847581,1.2589262669955696,-1.2522349670208626,-1.9144185071813014,-1.5604775497547658,0.056700071885147196,0.9983912568969238,-0.7729949150001408,0.6344122172404351,0
-0.7492434052471135,4,-1.1900813612765468,-0.6928667493459897,2,1970-01-01 00:00:00.000000000,-0.8692186750333877,-0.6714092315864482,-0.267136066858997,-0.2165516570505261,0.6922206946143987,2,0,0.9913802538054104,-3.287119346284733,-1.5575269071375586,-0.0182447741339881,-0.2666831564287514,2,0,-54,0.36115755925730764,0.18384485538123327,-0.8798826901281196,0.0,-0.9843477128382041,-0.6123724356957944,0.46288751452823423,0.5959047560696094,-0.2660876570412127,-1.1913732075929888,0.27472616572013986,-0.5195413280884568,-0.42051466321152303,0.09149788042738796,0.09441001235832401,0.9955333995233415,-0.7729949150001408,0.6344122172404351,0
-0.7466190850886297,1,1.2351315279769222,-0.3524206571387605,2,1970-01-01 00:00:00.000000000,-0.8684648845364856,-1.9077318879409308,-0.267136066858997,-0.7290868289631444,0.1341600369040935,3,0,-0.3376759198882718,0.4603617254020531,-0.0181617605096052,-1.5023574936046282,-0.2666831564287514,1,1,42,0.5056205829602307,0.18384485538123327,-0.8798826901281196,0.0,-0.9843477128382041,-0.6123724356957944,-0.6528366615718687,0.4619839600546837,-0.2660876570412127,-0.2655301134847581,-1.1637201361439498,0.6318343902338954,-0.42051466321152303,-1.5604775497547658,0.1319849269748023,0.9912517233535869,-0.7729949150001408,0.6344122172404351,0
-0.7439947649301459,0,0.5075676612008815,1.0024158322573555,2,1970-01-01 00:00:00.000000000,-0.8686667191504102,-1.5414140638358989,1.583885498778148,0.0031062737691674,-2.0980825939371277,2,2,1.5728423297963965,-0.1837365837941131,1.44960500720542,-0.96268014106985,-0.699142329015916,2,2,-15,0.6500836066631537,0.18384485538123327,-0.8798826901281196,0.0,-0.9843477128382041,-0.6123724356957944,-1.85781877175998,-0.6540226734030301,-0.2660876570412127,-0.2655301134847581,-2.2236279375174894,-0.6242118479359433,1.0733891807582552,0.09149788042738796,0.16937107583020397,0.9855523520707153,-0.7729949150001408,0.6344122172404351,0
-0.7413704447716623,3,0.0225250833501877,0.9398849173621504,0,1970-01-01 00:00:00.000000000,-0.8684360510202107,0.6107031527811635,-1.1926468496775695,1.4674924792337911,0.6922206946143987,3,0,-0.794538979595475,0.7531336841275833,-1.7007236649634148,-0.0857044432008354,0.165776016158413,1,1,58,0.7945466303660768,0.18384485538123327,-0.8798826901281196,0.0,-0.9843477128382041,-0.6123724356957944,-1.500787035407947,-1.859309837537361,1.5859947684857512,-0.2655301134847581,-1.5422586366344997,0.945845949776355,-0.42051466321152303,0.09149788042738796,0.2065149889942563,0.9784434369551989,-0.7729949150001408,0.6344122172404351,0
-0.7387461246131785,3,0.5075676612008815,-1.2070098273732337,2,1970-01-01 00:00:00.000000000,-0.8681538944680915,-1.175096239730867,-0.267136066858997,0.5156414456817857,0.5062004753776304,1,4,1.1575122755171203,0.8116880758726893,1.5331364492705029,1.26348893813611,1.0306943613327422,0,2,12,0.9390096540689998,0.18384485538123327,-0.8798826901281196,0.0,-0.9843477128382041,-0.6123724356957944,0.5967744156602466,-1.5021877148308926,-1.1921288698046946,1.5861560747317036,-1.1637201361439498,0.5271638703864089,-0.42051466321152303,0.09149788042738796,0.24336354298385784,0.9699351452269085,-0.7729949150001408,0.6344122172404351,0
-0.7361218044546947,2,1.2351315279769222,-1.526612281282061,3,1970-01-01 00:00:00.000000000,-0.8681477158574612,-1.358255151783383,-0.267136066858997,2.4193435127857965,-0.7959410592797486,0,3,1.1575122755171203,0.4018073336569471,1.2467429336187903,-0.7603011338693082,0.5982351887455776,1,2,5,1.0834726777719228,0.18384485538123327,-0.8798826901281196,0.0,-0.9843477128382041,-0.6123724356957944,-1.143755299055914,0.5959047560696094,-0.2660876570412127,-1.1913732075929888,-1.01230473594773,0.4224933505389223,-0.42051466321152303,-1.5604775497547658,0.27986403674065413,0.9600396455038853,-0.7729949150001408,0.6344122172404351,0
-0.733497484296211,3,-1.1900813612765468,-0.428847330899567,3,1970-01-01 00:00:00.000000000,-0.86734861554927,-1.5872037918490278,-1.1926468496775695,-0.0701130365040637,-0.5169107304245959,2,3,1.5313093243684688,0.4018073336569471,-1.1995350125729185,0.7912712546681792,-0.2666831564287514,0,2,-4,1.227935701474846,0.18384485538123327,-0.8798826901281196,0.0,-0.9843477128382041,-0.6123724356957944,-1.3222711672319305,-1.1450655921244242,-0.2660876570412127,-0.2655301134847581,-2.2236279375174894,-1.5662465265633223,-1.9144185071813014,0.09149788042738796,0.3159642670044579,0.9487710903986987,-0.7729949150001408,0.6344122172404351,0
-0.7308731641377272,2,0.0225250833501877,0.3493151655740996,1,1970-01-01 00:00:00.000000000,-0.8515025388193124,0.0154366886104866,1.583885498778148,-0.2165516570505261,-0.4239006208062117,1,0,0.9083142429495552,0.8116880758726893,-0.984739875834134,1.1960292690692629,0.165776016158413,2,2,18,1.372398725177769,0.18384485538123327,-0.8798826901281196,0.0,-0.9843477128382041,-0.6123724356957944,-1.5454160024519512,-1.3236266534776584,-1.1921288698046946,-0.2655301134847581,0.04760306542580989,0.0038112711489760626,-0.42051466321152303,0.09149788042738796,0.35161260297471486,0.9361455962772808,-0.7729949150001408,0.6344122172404351,0
-0.7282488439792434,4,-0.6080302678557142,-1.6238825933412695,0,1970-01-01 00:00:00.000000000,-0.8512595134678521,1.0228107048993242,1.583885498778148,1.6871504100534849,-0.7029309496613644,3,0,-0.0054118764648512,-0.1251821920490071,-1.3307987072466196,-0.22062378133453,0.165776016158413,1,2,24,1.516861748880692,0.18384485538123327,-0.8798826901281196,0.0,-0.9843477128382041,-0.6123724356957944,0.01659784408819306,-1.546827980169201,1.5859947684857512,-1.1913732075929888,0.04760306542580989,0.0038112711489760626,1.0733891807582552,1.7434733106095417,0.3867580601532345,0.9221812202091881,-0.7729949150001408,0.6344122172404351,0
-0.7256245238207597,0,1.2351315279769222,0.1964618180524865,3,1970-01-01 00:00:00.000000000,-0.8510617979276811,1.251759344964969,0.6583747159595755,1.2478345484140976,-0.7029309496613644,2,3,1.9466393786477445,-0.5350629342647494,0.1250349973162509,1.6007872834703465,-1.1316015016030805,1,2,-30,1.661324772583615,0.18384485538123327,-0.8798826901281196,0.0,-0.9843477128382041,-0.6123724356957944,0.9984351190562837,0.015581306671598155,1.5859947684857512,1.5861560747317036,0.04760306542580989,0.0038112711489760626,2.5672930247280337,-1.5604775497547658,0.4213503732625737,0.906897934142255,-0.7729949150001408,0.6344122172404351,0
-0.7230002036622759,2,0.5075676612008815,1.0024158322573555,0,1970-01-01 00:00:00.000000000,-0.8508476060924959,0.0154366886104866,-1.1926468496775695,0.1495448943156297,0.2271701465224777,2,2,-1.6251990881540264,-1.0034980682255976,1.5689356387269668,0.4539729093339427,1.4631535339199069,2,0,48,-1.661324772583615,0.30421946307132647,-0.8798826901281196,0.0,-0.4783745894166973,-0.6123724356957944,1.2215799542763042,0.9976671441143863,0.6599535557222693,1.5861560747317036,0.04760306542580989,0.0038112711489760626,1.0733891807582552,0.09149788042738796,-0.4213503732625737,0.906897934142255,-0.4163144622372215,0.9092206929740068,0
-0.7203758835037921,4,1.2351315279769222,-1.0402607209860195,0,1970-01-01 00:00:00.000000000,-0.8511297626446149,0.1985956006630025,-0.267136066858997,0.7352993765014793,0.1341600369040935,1,3,1.1575122755171203,1.2215688180884317,0.5307591444895099,-0.8952204720030028,-0.699142329015916,0,1,19,-1.516861748880692,0.30421946307132647,-0.8798826901281196,0.0,-0.4783745894166973,-0.6123724356957944,0.01659784408819306,1.220868470805929,-1.1921288698046946,0.6603129806234728,0.04760306542580989,0.0038112711489760626,-0.42051466321152303,0.09149788042738796,-0.3867580601532345,0.9221812202091881,-0.4163144622372215,0.9092206929740068,0
-0.7177515633453084,3,-1.1900813612765468,1.4679237542549954,1,1970-01-01 00:00:00.000000000,-0.8507322720273961,0.5649134247680344,-0.267136066858997,-1.388060621422225,-1.447011826608438,3,2,0.6175832049540623,0.4018073336569471,-0.3164883393134721,1.0611099309355685,-0.2666831564287514,1,1,18,-1.372398725177769,0.30421946307132647,-0.8798826901281196,0.0,-0.4783745894166973,-0.6123724356957944,0.19511371226420954,0.015581306671598155,-0.2660876570412127,-1.1913732075929888,0.04760306542580989,0.0038112711489760626,-0.42051466321152303,-1.5604775497547658,-0.35161260297471486,0.9361455962772808,-0.4163144622372215,0.9092206929740068,0
-0.7151272431868246,3,-1.1900813612765468,-1.5682995578788648,0,1970-01-01 00:00:00.000000000,-0.8503080074307791,-1.312465423770254,3.434907064415293,-1.021964070056069,-0.1448702919510591,1,0,1.406710308084686,0.9287968593629016,0.1608341867727149,-0.5579221266687664,-0.699142329015916,1,0,8,-1.227935701474846,0.30421946307132647,-0.8798826901281196,0.0,-0.4783745894166973,-0.6123724356957944,0.5521454486162425,0.19414236802483237,-0.2660876570412127,-0.2655301134847581,-0.33093543506474005,0.21315231084394917,1.0733891807582552,3.395448740791695,-0.3159642670044579,0.9487710903986987,-0.4163144622372215,0.9092206929740068,0
-0.7125029230283408,4,0.0225250833501877,-0.6164400755851831,2,1970-01-01 00:00:00.000000000,-0.8503265432626701,1.4349182570174852,0.6583747159595755,-1.6077185522419186,0.5992105849960145,3,0,0.2437861561027141,0.8702424676177954,-0.0181617605096052,-0.8277608029361555,0.165776016158413,2,2,35,-1.0834726777719228,0.30421946307132647,-0.8798826901281196,0.0,-0.4783745894166973,-0.6123724356957944,-1.2776422001879264,0.5512644907313008,3.438077194012715,-0.2655301134847581,0.4261415659163598,1.1551869894713283,2.5672930247280337,1.7434733106095417,-0.27986403674065413,0.9600396455038853,-0.4163144622372215,0.9092206929740068,0
-0.709878602869857,3,-1.1900813612765468,1.1274776620477664,0,1970-01-01 00:00:00.000000000,-0.8504336391802627,-0.9919373276783512,-0.267136066858997,0.8085186867747104,0.8782409138511671,1,2,-1.085270017590968,0.5774705088922653,0.6262236497067474,-0.5579221266687664,-0.699142329015916,0,0,62,-0.9390096540689998,0.30421946307132647,-0.8798826901281196,0.0,-0.4783745894166973,-0.6123724356957944,1.4000958224523208,-1.2789863881393497,0.6599535557222693,3.4378422629481653,-0.48235083526096,1.3645280291663013,2.5672930247280337,1.7434733106095417,-0.24336354298385784,0.9699351452269085,-0.4163144622372215,0.9092206929740068,0
-0.7072542827113734,4,0.0225250833501877,0.5924909457221205,1,1970-01-01 00:00:00.000000000,-0.8498610879285174,-0.3050914074814163,-0.267136066858997,1.7603697203267157,-1.447011826608438,1,5,-0.1300108927486339,-1.3548244186962335,-1.139869696812145,-0.5579221266687664,0.165776016158413,2,0,6,-0.7945466303660768,0.30421946307132647,-0.8798826901281196,0.0,-0.4783745894166973,-0.6123724356957944,-0.9652394308798976,1.3994295321591632,-0.2660876570412127,0.6603129806234728,0.12331076552391987,0.8411754299288685,-0.42051466321152303,0.09149788042738796,-0.2065149889942563,0.9784434369551989,-0.4163144622372215,0.9092206929740068,0
-0.7046299625528896,2,-0.6080302678557142,-0.6511794727491861,1,1970-01-01 00:00:00.000000000,-0.8498301948753657,-0.4882503195339322,-0.267136066858997,-1.0951833803293003,-0.9819612785165168,1,6,0.4099181778144244,0.4018073336569471,-0.7938108653996592,-1.70473650080517,-0.2666831564287514,1,0,23,-0.6500836066631537,0.30421946307132647,-0.8798826901281196,0.0,-0.4783745894166973,-0.6123724356957944,-0.29580492521983576,-0.9665045307711899,-0.2660876570412127,-0.2655301134847581,-1.01230473594773,-1.2522349670208626,-0.42051466321152303,-1.5604775497547658,-0.16937107583020397,0.9855523520707153,-0.4163144622372215,0.9092206929740068,0
-0.7020056423944058,2,0.5075676612008815,0.9329370379293496,1,1970-01-01 00:00:00.000000000,-0.8498549093178871,1.0228107048993242,1.583885498778148,-0.582648208416682,0.9712510234695512,1,5,-1.3344680501585335,-1.0620524599707035,1.2467429336187903,-0.22062378133453,1.4631535339199069,2,1,40,-0.5056205829602307,0.30421946307132647,-0.8798826901281196,0.0,-0.4783745894166973,-0.6123724356957944,-0.47432079339585226,-0.2969005506965617,-0.2660876570412127,-0.2655301134847581,0.12331076552391987,-0.20552976854599705,1.0733891807582552,0.09149788042738796,-0.1319849269748023,0.9912517233535869,-0.4163144622372215,0.9092206929740068,0
-0.6993813222359221,4,0.5075676612008815,0.1686703003212842,3,1970-01-01 00:00:00.000000000,-0.8492864771398954,-0.0303530394026423,0.6583747159595755,0.1495448943156297,1.3432914619430882,3,0,-0.9606710013071852,-0.1251821920490071,1.0319477968800064,-1.1650591482703918,-1.564060674190245,2,0,47,-0.36115755925730764,0.30421946307132647,-0.8798826901281196,0.0,-0.4783745894166973,-0.6123724356957944,0.9984351190562837,-0.4754616120497959,1.5859947684857512,-0.2655301134847581,0.27472616572013986,-0.3102002883934836,1.0733891807582552,0.09149788042738796,-0.09441001235832401,0.9955333995233415,-0.4163144622372215,0.9092206929740068,0
-0.6967570020774383,2,0.0225250833501877,1.2455916124053763,2,1970-01-01 00:00:00.000000000,-0.8488725102276623,-0.3966708635076743,0.6583747159595755,-1.6077185522419186,1.1572712427063196,0,1,-0.3376759198882718,-0.7107261095000674,-0.0300948236617598,0.1841342330665536,1.0306943613327422,0,2,22,-0.21669453555438456,0.30421946307132647,-0.8798826901281196,0.0,-0.4783745894166973,-0.6123724356957944,-0.028031122955811057,0.9976671441143863,0.6599535557222693,1.5861560747317036,0.3504338658182498,-0.41487080824097017,1.0733891807582552,0.09149788042738796,-0.056700071885147196,0.9983912568969238,-0.4163144622372215,0.9092206929740068,0
-0.6941326819189545,2,-0.6565345256407836,0.5924909457221205,3,1970-01-01 00:00:00.000000000,-0.8485779964542826,-1.404044879796512,0.6583747159595755,-1.3148413111489938,1.3432914619430882,1,1,-0.794538979595475,0.8702424676177954,1.2228768073144811,0.3865132402670955,-0.699142329015916,0,0,60,-0.07223151185146152,0.30421946307132647,-0.8798826901281196,0.0,-0.4783745894166973,-0.6123724356957944,-0.385062859307844,-0.029058958666710395,0.6599535557222693,0.6603129806234728,-1.01230473594773,-0.5195413280884568,1.0733891807582552,-1.5604775497547658,-0.01890903857456981,0.9998212081468293,-0.4163144622372215,0.9092206929740068,0
-0.6915083617604708,2,0.5075676612008815,-0.9499382883596116,4,1970-01-01 00:00:00.000000000,-0.8490496303990656,0.2443853286761315,1.583885498778148,1.2478345484140976,-1.1679814977532854,3,4,0.4929841886702795,-0.1837365837941131,-0.0181617605096052,1.26348893813611,0.165776016158413,2,1,11,0.07223151185146152,0.30421946307132647,-0.8798826901281196,0.0,-0.4783745894166973,-0.6123724356957944,-1.3669001342759346,-0.3861810813731788,0.6599535557222693,0.6603129806234728,-0.7851816356533999,-0.20552976854599705,1.0733891807582552,-1.5604775497547658,0.01890903857456981,0.9998212081468293,-0.4163144622372215,0.9092206929740068,0
-0.688884041601987,1,-1.1900813612765468,1.5929855840454064,2,1970-01-01 00:00:00.000000000,-0.8486830328349984,-0.7629886876127061,-1.1926468496775695,1.6139310997802534,-1.0749713881349012,0,5,-0.8360719850234026,0.6945792923824773,1.1154792389450892,0.52143257840079,1.4631535339199069,2,1,58,0.21669453555438456,0.30421946307132647,-0.8798826901281196,0.0,-0.4783745894166973,-0.6123724356957944,0.23974267930821366,-1.3682669188159668,1.5859947684857512,0.6603129806234728,-1.01230473594773,-0.20552976854599705,-0.42051466321152303,0.09149788042738796,0.056700071885147196,0.9983912568969238,-0.4163144622372215,0.9092206929740068,0
-0.6862597214435032,0,-0.6080302678557142,0.960728555660552,0,1970-01-01 00:00:00.000000000,-0.8485965322861736,0.5649134247680344,-0.267136066858997,0.1495448943156297,1.4363015715614724,2,2,0.2853191615306417,-0.8863892847353856,1.1035461757929343,-1.2999784864040864,-0.699142329015916,2,2,4,0.36115755925730764,0.30421946307132647,-0.8798826901281196,0.0,-0.4783745894166973,-0.6123724356957944,-0.742094595659877,0.2387826333631409,-1.1921288698046946,1.5861560747317036,0.04760306542580989,-0.5195413280884568,-0.42051466321152303,0.09149788042738796,0.09441001235832401,0.9955333995233415,-0.4163144622372215,0.9092206929740068,0
-0.6836354012850195,3,0.0225250833501877,-1.443237728088454,1,1970-01-01 00:00:00.000000000,-0.8482175775008457,1.2059696169518404,-1.1926468496775695,1.6871504100534849,-0.7029309496613644,2,4,-0.8776049904513302,-0.7107261095000674,-0.0420278868139145,1.5333276144034993,1.4631535339199069,1,0,35,0.5056205829602307,0.30421946307132647,-0.8798826901281196,0.0,-0.4783745894166973,-0.6123724356957944,0.5521454486162425,-0.7433032040796472,-0.2660876570412127,-1.1913732075929888,0.5775569661125798,0.21315231084394917,-1.9144185071813014,0.09149788042738796,0.1319849269748023,0.9912517233535869,-0.4163144622372215,0.9092206929740068,0
-0.6810110811265357,1,0.5075676612008815,-0.859615855733204,4,1970-01-01 00:00:00.000000000,-0.848196982132078,1.0686004329124532,0.6583747159595755,-1.6809378625151497,-0.7959410592797486,1,4,1.614375335224324,1.631449560304174,-0.9966729389862888,0.4539729093339427,-1.1316015016030805,0,2,15,0.6500836066631537,0.30421946307132647,-0.8798826901281196,0.0,-0.4783745894166973,-0.6123724356957944,1.1769509872323,0.5512644907313008,-1.1921288698046946,-0.2655301134847581,1.5617570673880097,-1.2522349670208626,-0.42051466321152303,0.09149788042738796,0.16937107583020397,0.9855523520707153,-0.4163144622372215,0.9092206929740068,0
-0.678386760968052,2,0.0225250833501877,-1.5891431961772664,2,1970-01-01 00:00:00.000000000,-0.8475852996796738,-1.312465423770254,-1.1926468496775695,-0.8755254495096068,-1.3540017169900538,2,1,0.5345171940982071,0.4603617254020531,0.6620228391632114,1.398408276269805,-0.2666831564287514,1,0,21,0.7945466303660768,0.30421946307132647,-0.8798826901281196,0.0,-0.4783745894166973,-0.6123724356957944,1.0430640861002878,1.1762282054676205,0.6599535557222693,-1.1913732075929888,0.5775569661125798,1.1551869894713283,-1.9144185071813014,0.09149788042738796,0.2065149889942563,0.9784434369551989,-0.4163144622372215,0.9092206929740068,0
-0.6757624408095683,4,-0.1229876900050204,-1.5891431961772664,3,1970-01-01 00:00:00.000000000,-0.8471816304518246,-0.4882503195339322,1.583885498778148,0.5156414456817857,0.9712510234695512,1,5,1.2405782863729755,-1.1206068517158096,0.4233615761201178,-0.0857044432008354,-0.2666831564287514,0,2,-23,0.9390096540689998,0.30421946307132647,-0.8798826901281196,0.0,-0.4783745894166973,-0.6123724356957944,-1.2776422001879264,1.0423074094526947,-1.1921288698046946,0.6603129806234728,-0.40664313516285,0.736504910081382,-0.42051466321152303,0.09149788042738796,0.24336354298385784,0.9699351452269085,-0.4163144622372215,0.9092206929740068,0
-0.6731381206510845,2,-0.6080302678557142,0.1617224208884836,1,1970-01-01 00:00:00.000000000,-0.8474020008976403,1.66386689708313,0.6583747159595755,-0.0701130365040637,-0.4239006208062117,1,6,-0.8776049904513302,-1.530487593931552,-1.2592003283336917,1.1960292690692629,-0.2666831564287514,0,2,21,1.0834726777719228,0.30421946307132647,-0.8798826901281196,0.0,-0.4783745894166973,-0.6123724356957944,-0.47432079339585226,-1.2789863881393497,1.5859947684857512,-1.1913732075929888,-0.028104634672300097,1.469198549013788,-0.42051466321152303,0.09149788042738796,0.27986403674065413,0.9600396455038853,-0.4163144622372215,0.9092206929740068,0
-0.6705138004926007,0,-1.1900813612765468,-0.7137103876443914,3,1970-01-01 00:00:00.000000000,-0.8469344860266108,-0.7171989595995771,-1.1926468496775695,-0.2165516570505261,0.6922206946143987,0,3,0.451451183242352,-0.3008453672843252,0.4710938287287365,0.9261905928018735,0.5982351887455776,1,2,10,1.227935701474846,0.30421946307132647,-0.8798826901281196,0.0,-0.4783745894166973,-0.6123724356957944,1.6232406576723413,-0.4754616120497959,0.6599535557222693,1.5861560747317036,0.27472616572013986,0.945845949776355,1.0733891807582552,0.09149788042738796,0.3159642670044579,0.9487710903986987,-0.4163144622372215,0.9092206929740068,0
-0.667889480334117,2,-0.6080302678557142,0.3562630450069002,2,1970-01-01 00:00:00.000000000,-0.8467491277077005,0.0154366886104866,-1.1926468496775695,-0.4362095878702197,0.0411499272857092,2,2,-0.1715438981765615,0.5189161171471592,1.5689356387269668,0.9261905928018735,0.165776016158413,1,1,39,1.372398725177769,0.30421946307132647,-0.8798826901281196,0.0,-0.4783745894166973,-0.6123724356957944,-0.6974656286158728,1.622630858850706,-1.1921288698046946,0.6603129806234728,0.04760306542580989,0.0038112711489760626,-0.42051466321152303,0.09149788042738796,0.35161260297471486,0.9361455962772808,-0.4163144622372215,0.9092206929740068,0
-0.6652651601756332,4,1.2351315279769222,0.842614605302942,2,1970-01-01 00:00:00.000000000,-0.8467305918758095,0.9770209768861954,-1.1926468496775695,0.7352993765014793,-0.7959410592797486,1,5,1.9466393786477445,-1.0620524599707035,-0.1613585183354613,-0.6253817957356137,1.4631535339199069,2,1,-39,1.516861748880692,0.30421946307132647,-0.8798826901281196,0.0,-0.4783745894166973,-0.6123724356957944,0.01659784408819306,-0.6986629387413387,-1.1921288698046946,-1.1913732075929888,0.04760306542580989,0.0038112711489760626,-1.9144185071813014,-1.5604775497547658,0.3867580601532345,0.9221812202091881,-0.4163144622372215,0.9092206929740068,0
-0.6626408400171494,0,0.0225250833501877,-0.859615855733204,4,1970-01-01 00:00:00.000000000,-0.8307527047857378,-0.0303530394026423,0.6583747159595755,1.028176617594404,1.2502813523247038,2,4,1.1575122755171203,-1.1791612434609158,-1.1995350125729185,-1.2325188173372392,0.5982351887455776,0,0,-22,1.661324772583615,0.30421946307132647,-0.8798826901281196,0.0,-0.4783745894166973,-0.6123724356957944,0.9538061520122796,0.015581306671598155,-1.1921288698046946,-1.1913732075929888,0.04760306542580989,0.0038112711489760626,-0.42051466321152303,0.09149788042738796,0.4213503732625737,0.906897934142255,-0.4163144622372215,0.9092206929740068,0
-0.6600165198586656,2,0.0225250833501877,-0.032818203229933,0,1970-01-01 00:00:00.000000000,-0.8307753596913824,1.5264977130437432,0.6583747159595755,-0.4362095878702197,1.2502813523247038,0,0,1.323644297228831,-0.5350629342647494,-0.2568230235526987,0.2515939021334009,1.0306943613327422,0,1,-15,-1.661324772583615,0.4245940707614197,-0.8798826901281196,0.0,0.02759853400480953,-0.6123724356957944,-0.028031122955811057,0.9530268787760777,0.6599535557222693,-1.1913732075929888,1.4103416671917897,-0.20552976854599705,-0.42051466321152303,0.09149788042738796,-0.4213503732625737,0.906897934142255,0.02476985258885596,0.9996931801321475,0
-0.6573921997001819,0,1.2351315279769222,-1.4501856075212545,3,1970-01-01 00:00:00.000000000,-0.8303016662097227,-1.0377270556914802,-0.267136066858997,0.5888607559550169,0.7852308042327829,2,4,-1.4590670664423162,1.0459056428531135,-1.7126567281155691,0.4539729093339427,1.4631535339199069,0,2,79,-1.516861748880692,0.4245940707614197,-0.8798826901281196,0.0,0.02759853400480953,-0.6123724356957944,1.489353756540329,-0.029058958666710395,0.6599535557222693,0.6603129806234728,0.27472616572013986,0.945845949776355,1.0733891807582552,0.09149788042738796,-0.3867580601532345,0.9221812202091881,0.02476985258885596,0.9996931801321475,0
-0.6547678795416981,3,-1.3355941346317548,-0.5122218840931742,4,1970-01-01 00:00:00.000000000,-0.8301245460383194,-0.8087784156258352,1.583885498778148,-0.1433323467772949,0.7852308042327829,0,5,-1.2098690338747506,-0.5936173260098554,1.6286009544877402,-1.6372768317383228,1.0306943613327422,2,1,45,-1.372398725177769,0.4245940707614197,-0.8798826901281196,0.0,0.02759853400480953,-0.6123724356957944,-1.0098683979239016,1.4887100628357803,-0.2660876570412127,0.6603129806234728,-0.17952003486852006,1.1551869894713283,1.0733891807582552,0.09149788042738796,-0.35161260297471486,0.9361455962772808,0.02476985258885596,0.9996931801321475,0
-0.6521435593832143,3,-1.1900813612765468,-1.6169347139084689,1,1970-01-01 00:00:00.000000000,-0.8297002814417025,-0.7171989595995771,-1.1926468496775695,-1.5344992419686874,0.9712510234695512,0,1,0.1191871398189314,1.807112735539492,-1.12793663365999,0.3865132402670955,-0.2666831564287514,0,1,54,-1.227935701474846,0.4245940707614197,-0.8798826901281196,0.0,0.02759853400480953,-0.6123724356957944,-0.7867235627038811,-1.0111447961094986,1.5859947684857512,-0.2655301134847581,-1.39084323643828,-1.670917046410809,-0.42051466321152303,0.09149788042738796,-0.3159642670044579,0.9487710903986987,0.02476985258885596,0.9996931801321475,0
-0.6495192392247306,2,-1.1900813612765468,-0.8387722174348021,0,1970-01-01 00:00:00.000000000,-0.8299536044775466,-0.5798297755601902,0.6583747159595755,1.028176617594404,-1.447011826608438,0,3,0.6175832049540623,-0.5936173260098554,-0.579015728660875,0.7238115856013319,-1.564060674190245,0,0,1,-1.0834726777719228,0.4245940707614197,-0.8798826901281196,0.0,0.02759853400480953,-0.6123724356957944,-0.6974656286158728,-0.7879434694179558,-1.1921288698046946,1.5861560747317036,-1.1637201361439498,-1.7755875662582954,1.0733891807582552,0.09149788042738796,-0.27986403674065413,0.9600396455038853,0.02476985258885596,0.9996931801321475,0
-0.6468949190662469,0,0.5075676612008815,1.099686144316564,4,1970-01-01 00:00:00.000000000,-0.8295313994178063,-1.266675695757125,0.6583747159595755,1.2478345484140976,0.7852308042327829,1,5,-0.2961429144603442,1.1630144263433255,0.2204995025334883,1.398408276269805,-1.564060674190245,1,2,53,-0.9390096540689998,0.4245940707614197,-0.8798826901281196,0.0,0.02759853400480953,-0.6123724356957944,-0.5635787274838605,-0.6986629387413387,0.6599535557222693,-1.1913732075929888,-1.39084323643828,-1.2522349670208626,-0.42051466321152303,0.09149788042738796,-0.24336354298385784,0.9699351452269085,0.02476985258885596,0.9996931801321475,0
-0.6442705989077631,4,-0.6080302678557142,-0.6789709904803884,3,1970-01-01 00:00:00.000000000,-0.8294840300696403,0.1070161446367446,0.6583747159595755,-1.0951833803293003,-0.9819612785165168,3,6,1.1990452809450485,-0.008073408558795,1.485404196661884,1.5333276144034993,-1.564060674190245,1,1,-3,-0.7945466303660768,0.4245940707614197,-0.8798826901281196,0.0,0.02759853400480953,-0.6123724356957944,-1.2330132331439223,-0.564742142726413,0.6599535557222693,0.6603129806234728,-0.93659703584962,-0.5195413280884568,1.0733891807582552,-1.5604775497547658,-0.2065149889942563,0.9784434369551989,0.02476985258885596,0.9996931801321475,0
-0.6416462787492794,2,-1.1900813612765468,1.4470801159565938,2,1970-01-01 00:00:00.000000000,-0.8294654942377493,0.7938620648336794,0.6583747159595755,0.3692028251353233,-1.0749713881349012,1,2,0.0776541343910038,-0.5350629342647494,0.268231755142107,-0.5579221266687664,1.4631535339199069,2,1,15,-0.6500836066631537,0.4245940707614197,-0.8798826901281196,0.0,0.02759853400480953,-0.6123724356957944,0.1058557781762013,-1.2343461228010413,0.6599535557222693,0.6603129806234728,-0.17952003486852006,0.31782283069143574,1.0733891807582552,-1.5604775497547658,-0.16937107583020397,0.9855523520707153,0.02476985258885596,0.9996931801321475,0
-0.6390219585907956,3,1.2351315279769222,1.4123407187925907,1,1970-01-01 00:00:00.000000000,-0.8286581557820509,-1.678783247875286,-1.1926468496775695,-1.021964070056069,0.3201802561408619,2,2,0.3683851723864969,-0.5936173260098554,-0.841543118008278,0.52143257840079,1.0306943613327422,0,0,7,-0.5056205829602307,0.4245940707614197,-0.8798826901281196,0.0,0.02759853400480953,-0.6123724356957944,0.7752902838362631,0.10486183734821526,0.6599535557222693,0.6603129806234728,-0.40664313516285,0.8411754299288685,-0.42051466321152303,0.09149788042738796,-0.1319849269748023,0.9912517233535869,0.02476985258885596,0.9996931801321475,0
-0.6363976384323118,3,0.5075676612008815,-0.137036394721942,3,1970-01-01 00:00:00.000000000,-0.82881879965844,-0.4882503195339322,-1.1926468496775695,1.540711789507022,-1.3540017169900538,1,0,1.4482433135126136,0.0504809831863109,-0.1136262657268426,0.1166745639997063,-1.564060674190245,2,0,-8,-0.36115755925730764,0.4245940707614197,-0.8798826901281196,0.0,0.02759853400480953,-0.6123724356957944,-1.6346739365399594,0.7744658174228435,-1.1921288698046946,0.6603129806234728,-0.7094739355552899,0.736504910081382,-1.9144185071813014,0.09149788042738796,-0.09441001235832401,0.9955333995233415,0.02476985258885596,0.9996931801321475,0
-0.6337733182738281,2,-0.6080302678557142,0.8912497613325461,0,1970-01-01 00:00:00.000000000,-0.8286519771714206,0.8396517928468084,-0.267136066858997,0.4424221354085545,-1.0749713881349012,1,0,-1.376001055586461,-0.7107261095000674,-1.1518027599642997,-1.6372768317383228,-1.564060674190245,1,2,47,-0.21669453555438456,0.4245940707614197,-0.8798826901281196,0.0,0.02759853400480953,-0.6123724356957944,-0.47432079339585226,-1.6361085108458182,-1.1921288698046946,-1.1913732075929888,-0.7094739355552899,0.8411754299288685,-1.9144185071813014,0.09149788042738796,-0.056700071885147196,0.9983912568969238,0.02476985258885596,0.9996931801321475,0
-0.6311489981153443,0,0.5075676612008815,0.0991915059932782,0,1970-01-01 00:00:00.000000000,-0.828421309041221,-0.0303530394026423,-1.1926468496775695,0.662080066228248,-1.447011826608438,3,4,-0.1300108927486339,0.8702424676177954,-0.0420278868139145,0.3865132402670955,-1.564060674190245,0,0,44,-0.07223151185146152,0.4245940707614197,-0.8798826901281196,0.0,0.02759853400480953,-0.6123724356957944,0.8199192508802672,-0.4754616120497959,-0.2660876570412127,-1.1913732075929888,0.19901846562202985,-0.5195413280884568,-1.9144185071813014,0.09149788042738796,-0.01890903857456981,0.9998212081468293,0.02476985258885596,0.9996931801321475,0
-0.6285246779568605,3,1.2351315279769222,0.1756181797540847,2,1970-01-01 00:00:00.000000000,-0.8284542616312496,-0.0303530394026423,-1.1926468496775695,-1.5344992419686874,-0.7959410592797486,2,5,0.5345171940982071,-0.7692805012451734,-1.4501293387681664,0.1841342330665536,-0.699142329015916,0,2,0,0.07223151185146152,0.4245940707614197,-0.8798826901281196,0.0,0.02759853400480953,-0.6123724356957944,-0.028031122955811057,0.819106082761152,-1.1921288698046946,-0.2655301134847581,0.4261415659163598,-0.9382234074784029,-0.42051466321152303,0.09149788042738796,0.01890903857456981,0.9998212081468293,0.02476985258885596,0.9996931801321475,0
-0.6259003577983768,0,0.5075676612008815,0.807875208138939,2,1970-01-01 00:00:00.000000000,-0.8278116861256937,-0.5798297755601902,1.583885498778148,0.4424221354085545,-0.1448702919510591,0,2,-0.2546099090324166,-1.4719332021864455,0.3159640077507257,-0.4904624576019191,0.165776016158413,2,2,7,0.21669453555438456,0.4245940707614197,-0.8798826901281196,0.0,0.02759853400480953,-0.6123724356957944,-0.028031122955811057,-0.029058958666710395,-1.1921288698046946,-1.1913732075929888,-0.33093543506474005,-1.3569054868683492,-0.42051466321152303,1.7434733106095417,0.056700071885147196,0.9983912568969238,0.02476985258885596,0.9996931801321475,0
-0.623276037639893,3,-0.2685004633602285,-1.6586219905052724,1,1970-01-01 00:00:00.000000000,-0.8277972693675563,1.3891285290043562,-1.1926468496775695,0.4424221354085545,0.5062004753776304,0,1,-0.8360719850234026,-1.0034980682255976,-0.0181617605096052,-0.7603011338693082,-0.699142329015916,0,1,29,0.36115755925730764,0.4245940707614197,-0.8798826901281196,0.0,0.02759853400480953,-0.6123724356957944,-0.5635787274838605,-0.029058958666710395,1.5859947684857512,-1.1913732075929888,0.4261415659163598,0.21315231084394917,-0.42051466321152303,1.7434733106095417,0.09441001235832401,0.9955333995233415,0.02476985258885596,0.9996931801321475,0
-0.6206517174814092,3,0.5075676612008815,1.2733831301365788,1,1970-01-01 00:00:00.000000000,-0.8278075670519401,0.8854415208599373,-1.1926468496775695,-0.0701130365040637,0.4131903657592461,2,6,1.032913259233338,1.0459056428531135,-0.0181617605096052,-0.4904624576019191,-0.2666831564287514,0,1,19,0.5056205829602307,0.4245940707614197,-0.8798826901281196,0.0,0.02759853400480953,-0.6123724356957944,1.3554668554083167,-0.564742142726413,-1.1921288698046946,1.5861560747317036,0.9560954666031297,0.21315231084394917,-0.42051466321152303,1.7434733106095417,0.1319849269748023,0.9912517233535869,0.02476985258885596,0.9996931801321475,0
-0.6180273973229254,1,-1.1900813612765468,1.0718946265853615,2,1970-01-01 00:00:00.000000000,-0.8275748393848639,-1.358255151783383,-0.267136066858997,0.7352993765014793,0.7852308042327829,1,4,1.0744462646612656,-0.5936173260098554,0.5426922076416646,0.6563519165344845,-0.2666831564287514,1,1,-10,0.6500836066631537,0.4245940707614197,-0.8798826901281196,0.0,0.02759853400480953,-0.6123724356957944,0.8645482179242713,1.3547892668208548,-1.1921288698046946,-1.1913732075929888,0.5018492660144698,1.2598575093188147,-1.9144185071813014,0.09149788042738796,0.16937107583020397,0.9855523520707153,0.02476985258885596,0.9996931801321475,0
-0.6154030771644418,3,1.2351315279769222,0.773135810974936,2,1970-01-01 00:00:00.000000000,-0.8273791833815696,1.66386689708313,1.583885498778148,1.101395927867635,0.4131903657592461,3,5,0.0361211289630763,-0.008073408558795,-0.7460786127910405,1.465867945336652,1.0306943613327422,2,1,25,0.7945466303660768,0.4245940707614197,-0.8798826901281196,0.0,0.02759853400480953,-0.6123724356957944,-1.3222711672319305,0.8637463480994606,-0.2660876570412127,-1.1913732075929888,0.6532646662106898,1.469198549013788,-0.42051466321152303,0.09149788042738796,0.2065149889942563,0.9784434369551989,0.02476985258885596,0.9996931801321475,0
-0.612778757005958,4,1.2351315279769222,-0.9499382883596116,0,1970-01-01 00:00:00.000000000,-0.8268313465723457,1.0228107048993242,1.583885498778148,0.8817379970479415,0.2271701465224777,3,1,0.7421822212378449,-0.4765085425196433,-0.2329568972483894,-0.96268014106985,-0.699142329015916,1,1,0,0.9390096540689998,0.4245940707614197,-0.8798826901281196,0.0,0.02759853400480953,-0.6123724356957944,1.6232406576723413,-1.3236266534776584,1.5859947684857512,-0.2655301134847581,0.7289723663087997,1.5738690688612744,1.0733891807582552,0.09149788042738796,0.24336354298385784,0.9699351452269085,0.02476985258885596,0.9996931801321475,0
-0.6101544368474742,2,0.5075676612008815,-1.0958437564484242,2,1970-01-01 00:00:00.000000000,-0.826629511958421,-0.2593016794682873,-0.267136066858997,0.2227642045888609,-1.1679814977532854,2,5,-0.8360719850234026,0.167589766676523,-1.2711333914858465,-0.6253817957356137,-0.699142329015916,2,2,49,1.0834726777719228,0.4245940707614197,-0.8798826901281196,0.0,0.02759853400480953,-0.6123724356957944,0.9984351190562837,1.622630858850706,1.5859947684857512,1.5861560747317036,1.3346339670936795,0.10848179099646262,1.0733891807582552,0.09149788042738796,0.27986403674065413,0.9600396455038853,0.02476985258885596,0.9996931801321475,0
-0.6075301166889905,2,1.2351315279769222,-0.1995673096171474,4,1970-01-01 00:00:00.000000000,-0.8263452958694252,1.3433388009912273,-0.267136066858997,-1.388060621422225,-1.3540017169900538,2,1,-0.6699399633116924,0.8702424676177954,1.2109437441623263,-1.2325188173372392,-0.2666831564287514,1,1,57,1.227935701474846,0.4245940707614197,-0.8798826901281196,0.0,0.02759853400480953,-0.6123724356957944,-0.25117595817583166,0.9976671441143863,-0.2660876570412127,1.5861560747317036,1.1832185668974597,-0.20552976854599705,1.0733891807582552,0.09149788042738796,0.3159642670044579,0.9487710903986987,0.02476985258885596,0.9996931801321475,0
-0.6049057965305067,0,-0.6080302678557142,-0.8457200968676027,3,1970-01-01 00:00:00.000000000,-0.8262052473618041,1.0686004329124532,-1.1926468496775695,1.2478345484140976,-0.2378804015694433,1,3,-1.2929350447306058,0.3432529419118411,-0.8654092443125873,0.2515939021334009,-1.1316015016030805,2,1,63,1.372398725177769,0.4245940707614197,-0.8798826901281196,0.0,0.02759853400480953,-0.6123724356957944,1.3108378883643126,-0.2522602853582531,-0.2660876570412127,-0.2655301134847581,1.1832185668974597,-0.1008592486985105,-0.42051466321152303,0.09149788042738796,0.35161260297471486,0.9361455962772808,0.02476985258885596,0.9996931801321475,0
-0.6022814763720229,3,-3.4212772193897383,-0.7692934231067962,2,1970-01-01 00:00:00.000000000,-0.8103777064637375,0.0154366886104866,-0.267136066858997,0.5888607559550169,-1.5400219362268222,3,5,1.614375335224324,-0.4179541507745373,-1.056338254747062,-1.434897824537781,-0.699142329015916,0,1,-20,1.516861748880692,0.4245940707614197,-0.8798826901281196,0.0,0.02759853400480953,-0.6123724356957944,1.0430640861002878,1.310149001482546,-1.1921288698046946,-0.2655301134847581,1.3346339670936795,-0.5195413280884568,-0.42051466321152303,0.09149788042738796,0.3867580601532345,0.9221812202091881,0.02476985258885596,0.9996931801321475,0
-0.5996571562135392,4,-0.6080302678557142,0.6619697400501264,1,1970-01-01 00:00:00.000000000,-0.8100831926903578,-0.4424605915208032,-0.267136066858997,-0.8755254495096068,-0.7029309496613644,2,5,-1.085270017590968,-0.4179541507745373,-1.5575269071375586,0.7912712546681792,-0.699142329015916,0,2,45,1.661324772583615,0.4245940707614197,-0.8798826901281196,0.0,0.02759853400480953,-0.6123724356957944,0.01659784408819306,1.0423074094526947,-0.2660876570412127,-1.1913732075929888,0.3504338658182498,-0.3102002883934836,-0.42051466321152303,0.09149788042738796,0.4213503732625737,0.906897934142255,0.02476985258885596,0.9996931801321475,0
-0.5970328360550554,0,-0.6080302678557142,-0.3176812599747575,4,1970-01-01 00:00:00.000000000,-0.8098751794658028,0.1985956006630025,0.6583747159595755,-1.1684026906025315,-0.6099208400429801,1,3,0.9083142429495552,1.1044600345982196,0.8290857232933768,1.5333276144034993,0.5982351887455776,2,0,23,-1.661324772583615,0.544968678451513,-0.8798826901281196,0.0,0.5335716574263164,-0.6123724356957944,-0.4296918263518481,0.015581306671598155,-0.2660876570412127,-0.2655301134847581,-0.10381233477041008,-1.3569054868683492,-0.42051466321152303,-1.5604775497547658,-0.4213503732625737,0.906897934142255,0.46083231155626464,0.887487228429632,0
-0.5944085158965716,1,-1.1900813612765468,-1.5544037990132635,1,1970-01-01 00:00:00.000000000,-0.809675404388755,1.4807079850306142,1.583885498778148,-0.6558675186899132,0.5062004753776304,1,2,0.1191871398189314,0.0504809831863109,-1.4620624019203212,-0.2880834504013773,-0.699142329015916,2,0,24,-1.516861748880692,0.544968678451513,-0.8798826901281196,0.0,0.5335716574263164,-0.6123724356957944,0.19511371226420954,-0.43082134671148736,0.6599535557222693,-0.2655301134847581,0.6532646662106898,0.10848179099646262,1.0733891807582552,0.09149788042738796,-0.3867580601532345,0.9221812202091881,0.46083231155626464,0.887487228429632,0
-0.5917841957380879,0,1.2351315279769222,-0.7831891819723974,4,1970-01-01 00:00:00.000000000,-0.8098628222445421,0.5191236967549054,-1.1926468496775695,0.0031062737691674,1.6223217907982408,2,4,0.6591162103819899,0.8116880758726893,0.6500897760110567,-0.692841464802461,0.5982351887455776,2,1,24,-1.372398725177769,0.544968678451513,-0.8798826901281196,0.0,0.5335716574263164,-0.6123724356957944,1.4447247894963249,0.19414236802483237,1.5859947684857512,0.6603129806234728,1.1832185668974597,-0.5195413280884568,-0.42051466321152303,0.09149788042738796,-0.35161260297471486,0.9361455962772808,0.46083231155626464,0.887487228429632,0
-0.5891598755796041,0,-3.518285734959877,-1.6030389550428676,2,1970-01-01 00:00:00.000000000,-0.8095456535655178,-0.0303530394026423,-1.1926468496775695,0.0031062737691674,-1.6330320458452063,3,5,-0.7530059741675474,1.1630144263433255,-1.2114680757250729,1.1285696000024157,0.165776016158413,2,0,64,-1.227935701474846,0.544968678451513,-0.8798826901281196,0.0,0.5335716574263164,-0.6123724356957944,0.5075164815722384,1.4440697974974717,-1.1921288698046946,1.5861560747317036,1.1075108667993496,-0.41487080824097017,-0.42051466321152303,0.09149788042738796,-0.3159642670044579,0.9487710903986987,0.46083231155626464,0.887487228429632,0
-0.5865355554211203,3,0.0225250833501877,-1.1236352741796265,3,1970-01-01 00:00:00.000000000,-0.8091399248007918,0.0154366886104866,0.6583747159595755,0.3692028251353233,0.1341600369040935,0,5,-0.1715438981765615,-1.3548244186962335,1.1512784284015531,1.6007872834703465,1.0306943613327422,0,2,7,-1.0834726777719228,0.544968678451513,-0.8798826901281196,0.0,0.5335716574263164,-0.6123724356957944,-0.028031122955811057,0.5066242253929922,-1.1921288698046946,-1.1913732075929888,0.04760306542580989,0.0038112711489760626,-0.42051466321152303,0.09149788042738796,-0.27986403674065413,0.9600396455038853,0.46083231155626464,0.887487228429632,0
-0.5839112352626367,1,1.2351315279769222,0.6063867045877217,1,1970-01-01 00:00:00.000000000,-0.8090946149895026,1.5264977130437432,0.6583747159595755,0.8085186867747104,0.8782409138511671,1,4,-1.0022040067351128,-0.9449436764804916,-1.1160035705078355,2.073004966938277,-0.699142329015916,2,1,34,-0.9390096540689998,0.544968678451513,-0.8798826901281196,0.0,0.5335716574263164,-0.6123724356957944,0.01659784408819306,-0.029058958666710395,0.6599535557222693,-1.1913732075929888,0.04760306542580989,0.0038112711489760626,-0.42051466321152303,0.09149788042738796,-0.24336354298385784,0.9699351452269085,0.46083231155626464,0.887487228429632,0
-0.5812869151041529,0,-0.6080302678557142,0.773135810974936,4,1970-01-01 00:00:00.000000000,-0.8086785885403928,-1.678783247875286,-0.267136066858997,-0.5094288981434508,3.017473435074004,0,4,-0.2546099090324166,-0.6521717177549614,-0.3164883393134721,-0.692841464802461,1.4631535339199069,0,2,21,-0.7945466303660768,0.544968678451513,-0.8798826901281196,0.0,0.5335716574263164,-0.6123724356957944,1.489353756540329,0.015581306671598155,0.6599535557222693,0.6603129806234728,0.04760306542580989,0.0038112711489760626,1.0733891807582552,-1.5604775497547658,-0.2065149889942563,0.9784434369551989,0.46083231155626464,0.887487228429632,0
-0.5786625949456691,4,-1.1900813612765468,0.1339309031572812,0,1970-01-01 00:00:00.000000000,-0.8086765290035159,-0.7629886876127061,-1.1926468496775695,-0.7290868289631444,-0.4239006208062117,1,0,-1.0022040067351128,-3.521336913265157,-0.8892753706168967,-0.0182447741339881,0.5982351887455776,0,2,-10,-0.6500836066631537,0.544968678451513,-0.8798826901281196,0.0,0.5335716574263164,-0.6123724356957944,-1.6346739365399594,1.4887100628357803,-0.2660876570412127,0.6603129806234728,-0.48235083526096,1.678539588708761,-0.42051466321152303,0.09149788042738796,-0.16937107583020397,0.9855523520707153,0.46083231155626464,0.887487228429632,0
-0.5760382747871854,4,-1.1900813612765468,1.0371552294213586,2,1970-01-01 00:00:00.000000000,-0.8085385400327716,-1.6329935198621568,-1.1926468496775695,1.2478345484140976,0.1341600369040935,3,0,0.4929841886702795,-1.1791612434609158,-0.3642205919220908,1.6007872834703465,0.5982351887455776,2,1,-6,-0.5056205829602307,0.544968678451513,-0.8798826901281196,0.0,0.5335716574263164,-0.6123724356957944,-0.742094595659877,-1.6361085108458182,-1.1921288698046946,-0.2655301134847581,-2.2236279375174894,-0.8335528876309164,-0.42051466321152303,0.09149788042738796,-0.1319849269748023,0.9912517233535869,0.46083231155626464,0.887487228429632,0
-0.5734139546287016,2,-0.3170047211452979,-0.8179285791364004,3,1970-01-01 00:00:00.000000000,-0.8082296095012543,-0.946147599665222,-1.1926468496775695,0.5156414456817857,0.6922206946143987,0,2,-1.4175340610143885,0.6945792923824773,-0.3522875287699362,-1.434897824537781,0.5982351887455776,0,2,72,-0.36115755925730764,0.544968678451513,-0.8798826901281196,0.0,0.5335716574263164,-0.6123724356957944,-1.5900449694959553,-0.7433032040796472,-1.1921288698046946,-1.1913732075929888,-1.8450894370269397,-1.0428939273258895,-1.9144185071813014,-1.5604775497547658,-0.09441001235832401,0.9955333995233415,0.46083231155626464,0.887487228429632,0
-0.5707896344702178,1,0.0225250833501877,0.446585477633308,2,1970-01-01 00:00:00.000000000,-0.8076117484382198,-1.5872037918490278,0.6583747159595755,1.101395927867635,1.3432914619430882,2,4,0.2853191615306417,-1.2962700269511278,1.747931586009287,0.7912712546681792,-1.1316015016030805,2,1,-3,-0.21669453555438456,0.544968678451513,-0.8798826901281196,0.0,0.5335716574263164,-0.6123724356957944,-0.9206104638358934,-1.5914682455075098,-1.1921288698046946,-1.1913732075929888,-2.2993356376155996,-1.2522349670208626,-0.42051466321152303,0.09149788042738796,-0.056700071885147196,0.9983912568969238,0.46083231155626464,0.887487228429632,0
-0.568165314311734,1,1.2351315279769222,0.1686703003212842,0,1970-01-01 00:00:00.000000000,-0.8080463107192207,0.3359647847023895,-1.1926468496775695,0.0763255840423986,-1.6330320458452063,1,3,-0.0469448818927788,0.9873512511080076,-1.104070507355681,1.465867945336652,1.4631535339199069,0,2,44,-0.07223151185146152,0.544968678451513,-0.8798826901281196,0.0,0.5335716574263164,-0.6123724356957944,-1.5454160024519512,-0.9218642654328814,0.6599535557222693,-1.1913732075929888,-1.2394278362420599,0.10848179099646262,-0.42051466321152303,0.09149788042738796,-0.01890903857456981,0.9998212081468293,0.46083231155626464,0.887487228429632,0
-0.5655409941532503,2,0.5075676612008815,1.419288598225391,3,1970-01-01 00:00:00.000000000,-0.8078444761052962,1.3891285290043562,-0.267136066858997,1.39427316896056,-1.5400219362268222,2,6,1.3651773026567584,-1.3548244186962335,-0.0181617605096052,1.1285696000024157,-1.1316015016030805,2,0,-30,0.07223151185146152,0.544968678451513,-0.8798826901281196,0.0,0.5335716574263164,-0.6123724356957944,0.3290006133962219,-1.546827980169201,-1.1921288698046946,0.6603129806234728,0.04760306542580989,1.3645280291663013,-0.42051466321152303,0.09149788042738796,0.01890903857456981,0.9998212081468293,0.46083231155626464,0.887487228429632,0
-0.5629166739947665,0,1.2351315279769222,1.3776013216285878,0,1970-01-01 00:00:00.000000000,-0.8071833647678492,1.2975490729780983,-1.1926468496775695,-0.8755254495096068,-1.0749713881349012,2,2,1.1990452809450485,0.9287968593629016,-1.2234011388772277,-1.1650591482703918,0.5982351887455776,2,0,13,0.21669453555438456,0.544968678451513,-0.8798826901281196,0.0,0.5335716574263164,-0.6123724356957944,1.3554668554083167,0.328063164039758,-0.2660876570412127,-1.1913732075929888,1.7131724675842295,-0.7288823677834299,-1.9144185071813014,0.09149788042738796,0.056700071885147196,0.9983912568969238,0.46083231155626464,0.887487228429632,0
-0.5602923538362827,1,1.2351315279769222,0.9746243145261532,2,1970-01-01 00:00:00.000000000,-0.8067796955400001,-0.3050914074814163,-1.1926468496775695,-0.948744759782838,-1.1679814977532854,3,1,1.4482433135126136,-1.2962700269511278,-0.3403544656177815,-1.5698171626714756,1.0306943613327422,1,0,-31,0.36115755925730764,0.544968678451513,-0.8798826901281196,0.0,0.5335716574263164,-0.6123724356957944,1.2662089213203085,1.3547892668208548,-1.1921288698046946,-0.2655301134847581,1.3346339670936795,0.10848179099646262,-1.9144185071813014,-1.5604775497547658,0.09441001235832401,0.9955333995233415,0.46083231155626464,0.887487228429632,0
-0.557668033677799,4,2.544746488173796,-0.7137103876443914,4,1970-01-01 00:00:00.000000000,-0.8070391971864745,0.4733339687417764,0.6583747159595755,1.7603697203267157,-0.7029309496613644,2,4,0.0776541343910038,-1.4133788104413398,0.7336212180761394,1.1285696000024157,1.0306943613327422,1,2,0,0.5056205829602307,0.544968678451513,-0.8798826901281196,0.0,0.5335716574263164,-0.6123724356957944,-0.29580492521983576,1.2655087361442376,-1.1921288698046946,-1.1913732075929888,0.8803877665050197,-0.3102002883934836,-0.42051466321152303,1.7434733106095417,0.1319849269748023,0.9912517233535869,0.46083231155626464,0.887487228429632,0
-0.5550437135193153,4,1.574661332472408,0.5994388251549211,2,1970-01-01 00:00:00.000000000,-0.8064233956603168,-1.678783247875286,-1.1926468496775695,-1.388060621422225,-0.1448702919510591,1,0,0.4929841886702795,-0.4765085425196433,-0.1613585183354613,0.1166745639997063,-0.2666831564287514,2,1,6,0.6500836066631537,0.544968678451513,-0.8798826901281196,0.0,0.5335716574263164,-0.6123724356957944,0.46288751452823423,-0.2969005506965617,0.6599535557222693,-1.1913732075929888,-0.7851816356533999,0.4224933505389223,-0.42051466321152303,1.7434733106095417,0.16937107583020397,0.9855523520707153,0.46083231155626464,0.887487228429632,0
-0.5524193933608315,3,-0.6080302678557142,-1.6725177493708736,2,1970-01-01 00:00:00.000000000,-0.8061783107719799,-1.49562433582277,0.6583747159595755,-1.6077185522419186,1.6223217907982408,2,5,1.115979270089193,1.2801232098335376,0.0534366184033228,-0.0857044432008354,0.165776016158413,1,0,21,0.7945466303660768,0.544968678451513,-0.8798826901281196,0.0,0.5335716574263164,-0.6123724356957944,-1.6346739365399594,0.4619839600546837,-1.1921288698046946,0.6603129806234728,-1.4665509365363898,0.6318343902338954,-0.42051466321152303,1.7434733106095417,0.2065149889942563,0.9784434369551989,0.46083231155626464,0.887487228429632,0
-0.5497950732023478,1,0.5075676612008815,-1.63083047277407,2,1970-01-01 00:00:00.000000000,-0.8059702975474249,-0.1677222234420293,-0.267136066858997,1.101395927867635,-0.0518601823326749,2,4,0.9913802538054104,-0.6521717177549614,-1.1876019494207637,-1.0975994792035446,-0.699142329015916,0,1,-9,0.9390096540689998,0.544968678451513,-0.8798826901281196,0.0,0.5335716574263164,-0.6123724356957944,-1.4561580683639428,-1.6361085108458182,0.6599535557222693,-1.1913732075929888,-1.8450894370269397,-0.20552976854599705,-0.42051466321152303,0.09149788042738796,0.24336354298385784,0.9699351452269085,0.46083231155626464,0.887487228429632,0
-0.547170753043864,0,0.5075676612008815,0.050556349963674,1,1970-01-01 00:00:00.000000000,-0.8063574904802598,0.9770209768861954,-0.267136066858997,0.8817379970479415,-1.447011826608438,1,4,-1.5836660827260989,-0.0666278003039011,1.7001993334006682,-0.0857044432008354,-0.699142329015916,2,0,63,1.0834726777719228,0.544968678451513,-0.8798826901281196,0.0,0.5335716574263164,-0.6123724356957944,-0.1619180240878234,-1.457547449492584,-0.2660876570412127,0.6603129806234728,-0.33093543506474005,0.736504910081382,-0.42051466321152303,0.09149788042738796,0.27986403674065413,0.9600396455038853,0.46083231155626464,0.887487228429632,0
-0.5445464328853802,2,0.5075676612008815,-0.720658267077192,0,1970-01-01 00:00:00.000000000,-0.8057499271016093,1.3891285290043562,1.583885498778148,-0.8023061392363756,-1.0749713881349012,2,0,-0.4207419307441269,0.167589766676523,-1.652991412354796,1.26348893813611,-0.699142329015916,2,0,39,1.227935701474846,0.544968678451513,-0.8798826901281196,0.0,0.5335716574263164,-0.6123724356957944,0.9538061520122796,-0.16297975468163606,-0.2660876570412127,-0.2655301134847581,1.2589262669955696,-0.3102002883934836,1.0733891807582552,0.09149788042738796,0.3159642670044579,0.9487710903986987,0.46083231155626464,0.887487228429632,0
-0.5419221127268965,2,-0.6080302678557142,-0.824876458569201,0,1970-01-01 00:00:00.000000000,-0.7896896585364664,-0.9919373276783512,0.6583747159595755,0.8085186867747104,0.3201802561408619,3,0,0.7006492158099173,0.226144158421629,0.5307591444895099,-1.2999784864040864,-1.1316015016030805,2,2,13,1.372398725177769,0.544968678451513,-0.8798826901281196,0.0,0.5335716574263164,-0.6123724356957944,1.3554668554083167,0.9530268787760777,1.5859947684857512,-0.2655301134847581,0.8046800664069097,0.8411754299288685,1.0733891807582552,0.09149788042738796,0.35161260297471486,0.9361455962772808,0.46083231155626464,0.887487228429632,0
-0.5392977925684127,0,-0.6080302678557142,0.4604812364989092,0,1970-01-01 00:00:00.000000000,-0.8057602247859932,0.7480723368205504,-0.267136066858997,0.5888607559550169,-0.3308905111878275,1,6,0.5760501995261347,1.3386776015786437,-1.4739954650724758,-1.2999784864040864,1.4631535339199069,1,0,35,1.516861748880692,0.544968678451513,-0.8798826901281196,0.0,0.5335716574263164,-0.6123724356957944,-0.9652394308798976,1.3547892668208548,0.6599535557222693,1.5861560747317036,0.6532646662106898,0.736504910081382,1.0733891807582552,0.09149788042738796,0.3867580601532345,0.9221812202091881,0.46083231155626464,0.887487228429632,0
-0.5366734724099289,3,-0.6080302678557142,-0.102296997557939,1,1970-01-01 00:00:00.000000000,-0.7897617423271538,1.0228107048993242,-0.267136066858997,0.9549573073211728,0.9712510234695512,3,2,-1.2929350447306058,0.4603617254020531,1.199010681010172,0.1166745639997063,-1.1316015016030805,1,1,65,1.661324772583615,0.544968678451513,-0.8798826901281196,0.0,0.5335716574263164,-0.6123724356957944,0.730661316792259,-0.9665045307711899,-0.2660876570412127,0.6603129806234728,0.4261415659163598,0.4224933505389223,1.0733891807582552,0.09149788042738796,0.4213503732625737,0.906897934142255,0.46083231155626464,0.887487228429632,0
-0.5340491522514452,2,0.5075676612008815,-1.6169347139084689,4,1970-01-01 00:00:00.000000000,-0.7890759165471855,1.3891285290043562,-2.118157632496142,0.662080066228248,0.8782409138511671,2,0,0.5345171940982071,-0.6521717177549614,-1.3069325809423102,-0.3555431194682246,-1.564060674190245,0,1,2,-1.661324772583615,0.6653432861416061,-0.8798826901281196,0.0,1.0395447808478233,1.6329931618554518,0.9984351190562837,0.7298255520845349,-0.2660876570412127,-0.2655301134847581,1.7888801676823396,-1.3569054868683492,-0.42051466321152303,0.09149788042738796,-0.4213503732625737,0.906897934142255,0.8034653310326239,0.5953515447436382,0
-0.5314248320929614,1,1.2351315279769222,1.5721419457470045,2,1970-01-01 00:00:00.000000000,-0.7890985714528301,0.7022826088074214,0.6583747159595755,-0.948744759782838,-0.7959410592797486,0,0,0.2437861561027141,1.1044600345982196,1.1393453652493986,0.5888922474676374,-0.699142329015916,1,0,39,-1.516861748880692,0.6653432861416061,-0.8798826901281196,0.0,1.0395447808478233,1.6329931618554518,1.3554668554083167,0.9976671441143863,-2.1181700825681764,-0.2655301134847581,1.7131724675842295,-1.3569054868683492,-0.42051466321152303,1.7434733106095417,-0.3867580601532345,0.9221812202091881,0.8034653310326239,0.5953515447436382,0
-0.5288005119344776,3,-1.093072845706408,-0.2134630684827485,4,1970-01-01 00:00:00.000000000,-0.7891665361697638,1.1143901609255822,0.6583747159595755,1.6871504100534849,-1.0749713881349012,3,0,1.8220403623639616,-0.3593997590294313,0.638156712858902,1.1285696000024157,1.0306943613327422,1,1,-24,-1.372398725177769,0.6653432861416061,-0.8798826901281196,0.0,1.0395447808478233,1.6329931618554518,0.6860323497482549,1.3547892668208548,0.6599535557222693,-2.1172163017012195,1.7888801676823396,-1.2522349670208626,-0.42051466321152303,1.7434733106095417,-0.35161260297471486,0.9361455962772808,0.8034653310326239,0.5953515447436382,0
-0.5261761917759938,1,0.0225250833501877,-0.908251011762808,1,1970-01-01 00:00:00.000000000,-0.7886887236143506,-0.9919373276783512,0.6583747159595755,-1.3148413111489938,-1.2609916073716696,3,2,-1.376001055586461,-0.3008453672843252,0.0534366184033228,1.398408276269805,-0.699142329015916,0,1,54,-1.227935701474846,0.6653432861416061,-0.8798826901281196,0.0,1.0395447808478233,1.6329931618554518,1.0876930531442919,0.6851852867462264,0.6599535557222693,0.6603129806234728,0.5018492660144698,0.4224933505389223,1.0733891807582552,-1.5604775497547658,-0.3159642670044579,0.9487710903986987,0.8034653310326239,0.5953515447436382,0
-0.5235518716175102,4,-0.6080302678557142,-1.63083047277407,0,1970-01-01 00:00:00.000000000,-0.7884765913160421,-1.220885967743996,-0.267136066858997,-0.2897709673237573,0.1341600369040935,2,5,1.7389743515081066,0.9873512511080076,-0.1494254551833066,1.6682469525371937,-1.564060674190245,2,1,1,-1.0834726777719228,0.6653432861416061,-0.8798826901281196,0.0,1.0395447808478233,1.6329931618554518,-0.9652394308798976,1.0869476747910034,0.6599535557222693,0.6603129806234728,-0.55805853535907,0.8411754299288685,1.0733891807582552,0.09149788042738796,-0.27986403674065413,0.9600396455038853,0.8034653310326239,0.5953515447436382,0
-0.5209275514590264,3,-1.1900813612765468,0.3423672861412991,2,1970-01-01 00:00:00.000000000,-0.7883365428084209,1.618077169070001,-0.267136066858997,-1.021964070056069,0.6922206946143987,0,4,-1.2514020393026783,-1.3548244186962335,-1.581393033441868,-0.692841464802461,-1.1316015016030805,2,1,33,-0.9390096540689998,0.6653432861416061,-0.8798826901281196,0.0,1.0395447808478233,1.6329931618554518,-1.1883842660999182,-0.9665045307711899,-0.2660876570412127,0.6603129806234728,-0.25522773496663004,1.469198549013788,-0.42051466321152303,0.09149788042738796,-0.24336354298385784,0.9699351452269085,0.8034653310326239,0.5953515447436382,0
-0.5183032313005426,2,0.5075676612008815,1.6277249812094092,3,1970-01-01 00:00:00.000000000,-0.788307709292146,-0.1677222234420293,1.583885498778148,0.3692028251353233,-0.0518601823326749,1,4,0.160720145246859,-0.1837365837941131,-0.4477520339871735,-0.8952204720030028,1.0306943613327422,0,1,19,-0.7945466303660768,0.6653432861416061,-0.8798826901281196,0.0,1.0395447808478233,1.6329931618554518,1.5786116906283372,-1.1897058574627326,-0.2660876570412127,-0.2655301134847581,0.12331076552391987,1.1551869894713283,1.0733891807582552,0.09149788042738796,-0.2065149889942563,0.9784434369551989,0.8034653310326239,0.5953515447436382,0
-0.5156789111420589,3,0.5075676612008815,0.8287188464373407,3,1970-01-01 00:00:00.000000000,-0.7878793256217754,-0.7171989595995771,-1.1926468496775695,1.2478345484140976,0.9712510234695512,0,0,-1.5006000718702437,-0.5936173260098554,-1.4381962756160118,1.5333276144034993,1.4631535339199069,1,0,52,-0.6500836066631537,0.6653432861416061,-0.8798826901281196,0.0,1.0395447808478233,1.6329931618554518,-0.1619180240878234,1.5779905935123975,1.5859947684857512,-0.2655301134847581,0.4261415659163598,0.736504910081382,-0.42051466321152303,0.09149788042738796,-0.16937107583020397,0.9855523520707153,0.8034653310326239,0.5953515447436382,0
-0.5130545909835751,3,1.2351315279769222,1.5096110308517992,4,1970-01-01 00:00:00.000000000,-0.7880379099612875,-0.9003578716520931,0.6583747159595755,-1.388060621422225,-1.6330320458452063,1,3,0.5345171940982071,0.9287968593629016,0.9245502285106144,-0.692841464802461,1.0306943613327422,0,1,29,-0.5056205829602307,0.6653432861416061,-0.8798826901281196,0.0,1.0395447808478233,1.6329931618554518,-0.6974656286158728,-0.16297975468163606,-1.1921288698046946,1.5861560747317036,-1.01230473594773,-1.2522349670208626,1.0733891807582552,0.09149788042738796,-0.1319849269748023,0.9912517233535869,0.8034653310326239,0.5953515447436382,0
-0.5104302708250913,3,0.5075676612008815,0.0713999882620758,0,1970-01-01 00:00:00.000000000,-0.787448882414528,0.8854415208599373,-1.1926468496775695,0.3692028251353233,1.1572712427063196,2,3,1.614375335224324,-1.0034980682255976,0.6142905865545927,-0.2880834504013773,0.5982351887455776,0,1,-30,-0.36115755925730764,0.6653432861416061,-0.8798826901281196,0.0,1.0395447808478233,1.6329931618554518,-0.8759814967918893,-0.6986629387413387,0.6599535557222693,-1.1913732075929888,-0.40664313516285,0.21315231084394917,-0.42051466321152303,0.09149788042738796,-0.09441001235832401,0.9955333995233415,0.8034653310326239,0.5953515447436382,0
-0.5078059506666076,3,0.5075676612008815,-1.5891431961772664,3,1970-01-01 00:00:00.000000000,-0.7876589551759597,0.7022826088074214,0.6583747159595755,-1.388060621422225,0.7852308042327829,0,2,-0.2961429144603442,1.3972319933237496,-1.3665978967030836,-1.434897824537781,0.165776016158413,2,0,57,-0.21669453555438456,0.6653432861416061,-0.8798826901281196,0.0,1.0395447808478233,1.6329931618554518,0.8645482179242713,-0.8772240000945728,-1.1921288698046946,0.6603129806234728,0.4261415659163598,0.10848179099646262,-0.42051466321152303,0.09149788042738796,-0.056700071885147196,0.9983912568969238,0.8034653310326239,0.5953515447436382,0
-0.5051816305081238,1,0.0225250833501877,-0.0189224443643318,4,1970-01-01 00:00:00.000000000,-0.7868042473720954,0.9312312488730664,-1.1926468496775695,0.3692028251353233,-1.5400219362268222,2,6,-0.5038079415999821,-0.2422909755392192,-0.0181617605096052,-0.4904624576019191,0.165776016158413,1,2,34,-0.07223151185146152,0.6653432861416061,-0.8798826901281196,0.0,1.0395447808478233,1.6329931618554518,0.6860323497482549,0.8637463480994606,0.6599535557222693,-1.1913732075929888,1.4103416671917897,-1.7755875662582954,-0.42051466321152303,0.09149788042738796,-0.01890903857456981,0.9998212081468293,0.8034653310326239,0.5953515447436382,0
-0.50255731034964,4,-1.72362819691231,1.356757683330186,1,1970-01-01 00:00:00.000000000,-0.7866024127581708,-0.9919373276783512,-0.267136066858997,0.0031062737691674,1.0642611330879357,3,0,-0.71147296873962,-0.9449436764804916,0.7574873443804487,1.465867945336652,1.4631535339199069,2,1,27,0.07223151185146152,0.6653432861416061,-0.8798826901281196,0.0,1.0395447808478233,1.6329931618554518,0.9091771849682755,0.6851852867462264,-1.1921288698046946,0.6603129806234728,0.3504338658182498,0.31782283069143574,-0.42051466321152303,0.09149788042738796,0.01890903857456981,0.9998212081468293,0.8034653310326239,0.5953515447436382,0
-0.4999329901911563,0,-0.6080302678557142,-0.0050266854987307,4,1970-01-01 00:00:00.000000000,-0.7869072242159345,-0.3050914074814163,-0.267136066858997,-0.5094288981434508,0.9712510234695512,0,2,-1.1268030230188957,0.8116880758726893,1.199010681010172,-1.1650591482703918,-1.1316015016030805,2,2,67,0.21669453555438456,0.6653432861416061,-0.8798826901281196,0.0,1.0395447808478233,1.6329931618554518,-0.9652394308798976,0.9083866134377692,-0.2660876570412127,-1.1913732075929888,-0.17952003486852006,0.10848179099646262,-0.42051466321152303,0.09149788042738796,0.056700071885147196,0.9983912568969238,0.8034653310326239,0.5953515447436382,0
-0.4973086700326725,3,2.6902592615290035,1.5721419457470045,4,1970-01-01 00:00:00.000000000,-0.7866827346963653,1.0228107048993242,1.583885498778148,1.540711789507022,-1.0749713881349012,1,2,-1.2929350447306058,1.4557863850688555,-0.4238859076828642,-0.2880834504013773,-1.564060674190245,0,2,82,0.36115755925730764,0.6653432861416061,-0.8798826901281196,0.0,1.0395447808478233,1.6329931618554518,-0.29580492521983576,-0.9665045307711899,-0.2660876570412127,-0.2655301134847581,-0.10381233477041008,0.31782283069143574,1.0733891807582552,0.09149788042738796,0.09441001235832401,0.9955333995233415,0.8034653310326239,0.5953515447436382,0
-0.4946843498741888,2,0.5075676612008815,0.6897612577813288,4,1970-01-01 00:00:00.000000000,-0.7864129353655069,0.1985956006630025,-0.267136066858997,0.9549573073211728,-0.5169107304245959,3,6,-0.0469448818927788,0.3432529419118411,-0.2926222130091628,-0.22062378133453,1.0306943613327422,2,0,33,0.5056205829602307,0.6653432861416061,-0.8798826901281196,0.0,1.0395447808478233,1.6329931618554518,0.9984351190562837,-0.2969005506965617,1.5859947684857512,-0.2655301134847581,0.5775569661125798,-0.5195413280884568,1.0733891807582552,0.09149788042738796,0.1319849269748023,0.9912517233535869,0.8034653310326239,0.5953515447436382,0
-0.492060029715705,3,-0.6080302678557142,-0.6511794727491861,2,1970-01-01 00:00:00.000000000,-0.7860834094652218,0.1070161446367446,-1.1926468496775695,0.0031062737691674,1.1572712427063196,1,2,1.5313093243684688,0.5774705088922653,0.4472277024244271,0.993650261868721,1.0306943613327422,2,2,-1,0.6500836066631537,0.6653432861416061,-0.8798826901281196,0.0,1.0395447808478233,1.6329931618554518,0.19511371226420954,0.9976671441143863,-0.2660876570412127,1.5861560747317036,0.8046800664069097,-0.9382234074784029,1.0733891807582552,0.09149788042738796,0.16937107583020397,0.9855523520707153,0.8034653310326239,0.5953515447436382,0
-0.4894357095572212,2,0.0225250833501877,-0.0467139620955342,4,1970-01-01 00:00:00.000000000,-0.7861905053828144,0.1070161446367446,-1.1926468496775695,0.7352993765014793,0.1341600369040935,3,4,1.489776318940541,-0.7107261095000674,0.2443656288377977,-0.1531641122676827,-1.564060674190245,2,2,-22,0.7945466303660768,0.6653432861416061,-0.8798826901281196,0.0,1.0395447808478233,1.6329931618554518,0.1058557781762013,0.19414236802483237,-1.1921288698046946,-0.2655301134847581,0.27472616572013986,-1.9849286059532685,-0.42051466321152303,-1.5604775497547658,0.2065149889942563,0.9784434369551989,0.8034653310326239,0.5953515447436382,0
-0.4868113893987374,1,1.2351315279769222,0.4396375982005074,4,1970-01-01 00:00:00.000000000,-0.7858033124499796,0.7022826088074214,0.6583747159595755,1.028176617594404,1.3432914619430882,1,6,-0.2130769036044891,1.2215688180884317,-0.2806891498570081,-1.5023574936046282,0.5982351887455776,1,2,52,0.9390096540689998,0.6653432861416061,-0.8798826901281196,0.0,1.0395447808478233,1.6329931618554518,0.1058557781762013,0.10486183734821526,-1.1921288698046946,-1.1913732075929888,0.5018492660144698,-1.3569054868683492,-0.42051466321152303,0.09149788042738796,0.24336354298385784,0.9699351452269085,0.8034653310326239,0.5953515447436382,0
-0.4841870692402537,2,0.5075676612008815,1.6346728606422098,2,1970-01-01 00:00:00.000000000,-0.7853914050746232,-0.7629886876127061,0.6583747159595755,-0.2165516570505261,1.3432914619430882,1,6,-0.5038079415999821,-1.823259552657082,-0.9250745600733606,-1.5023574936046282,1.0306943613327422,1,0,7,1.0834726777719228,0.6653432861416061,-0.8798826901281196,0.0,1.0395447808478233,1.6329931618554518,0.6860323497482549,0.10486183734821526,0.6599535557222693,-1.1913732075929888,0.04760306542580989,-0.41487080824097017,-0.42051466321152303,0.09149788042738796,0.27986403674065413,0.9600396455038853,0.8034653310326239,0.5953515447436382,0
-0.48156274908177,0,-1.1900813612765468,-0.5261176429587754,2,1970-01-01 00:00:00.000000000,-0.7852595947145092,1.0686004329124532,-0.267136066858997,0.9549573073211728,-1.1679814977532854,2,1,1.032913259233338,1.1630144263433255,0.0892358078597868,0.7238115856013319,-0.2666831564287514,2,1,21,1.227935701474846,0.6653432861416061,-0.8798826901281196,0.0,1.0395447808478233,1.6329931618554518,-0.742094595659877,0.6851852867462264,0.6599535557222693,0.6603129806234728,0.5775569661125798,0.10848179099646262,1.0733891807582552,-1.5604775497547658,0.3159642670044579,0.9487710903986987,0.8034653310326239,0.5953515447436382,0
-0.4789384289232862,4,0.0225250833501877,-1.547455919580463,1,1970-01-01 00:00:00.000000000,-0.7691128256005415,-0.3508811354945452,-1.1926468496775695,-0.6558675186899132,0.5062004753776304,3,6,0.6591162103819899,-1.0034980682255976,-0.0181617605096052,-0.0857044432008354,-0.699142329015916,0,0,-7,1.372398725177769,0.6653432861416061,-0.8798826901281196,0.0,1.0395447808478233,1.6329931618554518,1.0430640861002878,-0.7433032040796472,-0.2660876570412127,0.6603129806234728,-0.028104634672300097,0.10848179099646262,-0.42051466321152303,0.09149788042738796,0.35161260297471486,0.9361455962772808,0.8034653310326239,0.5953515447436382,0
-0.4763141087648024,2,-3.4212772193897383,-0.1856715507515461,0,1970-01-01 00:00:00.000000000,-0.7850577601005846,-1.0835167837046091,1.583885498778148,1.3210538586873286,-0.8889511688981327,2,6,0.3683851723864969,-0.5350629342647494,0.3875623866636538,-1.70473650080517,0.5982351887455776,0,0,8,1.516861748880692,0.6653432861416061,-0.8798826901281196,0.0,1.0395447808478233,1.6329931618554518,-0.3404338922638399,1.0423074094526947,-1.1921288698046946,-0.2655301134847581,-0.17952003486852006,0.4224933505389223,-0.42051466321152303,1.7434733106095417,0.3867580601532345,0.9221812202091881,0.8034653310326239,0.5953515447436382,0
-0.4736897886063187,2,0.2165421144904652,0.6967091372141294,3,1970-01-01 00:00:00.000000000,-0.7689645389454133,1.572287441056872,-0.267136066858997,-1.3148413111489938,1.4363015715614724,2,5,0.6175832049540623,0.4018073336569471,-0.0181617605096052,-1.3674381554709338,1.4631535339199069,2,0,18,1.661324772583615,0.6653432861416061,-0.8798826901281196,0.0,1.0395447808478233,1.6329931618554518,-1.0544973649679057,-0.34154081603487024,1.5859947684857512,-1.1913732075929888,0.12331076552391987,1.0505164696238416,-0.42051466321152303,1.7434733106095417,0.4213503732625737,0.906897934142255,0.8034653310326239,0.5953515447436382,0
-0.4710654684478349,4,1.2351315279769222,-0.7484497848083944,3,1970-01-01 00:00:00.000000000,-0.7686803228564174,-0.4882503195339322,0.6583747159595755,3.1515366155181086,-0.5169107304245959,2,4,-0.3792089253161994,0.5774705088922653,-0.543216539204411,-1.6372768317383228,-1.1316015016030805,1,1,45,-1.661324772583615,0.7857178938316993,-0.8798826901281196,0.0,1.5455179042693301,1.6329931618554518,1.533982723584333,-1.055785061447807,-0.2660876570412127,1.5861560747317036,0.04760306542580989,1.1551869894713283,1.0733891807582552,0.09149788042738796,-0.4213503732625737,0.906897934142255,0.9832032720901962,0.18251390563771203,0
-0.4684411482893512,0,1.2351315279769222,1.0441031088541592,4,1970-01-01 00:00:00.000000000,-0.7682684154810611,-0.0761427674157713,0.6583747159595755,-1.388060621422225,0.5062004753776304,2,0,-1.5836660827260989,-0.1251821920490071,1.0796800494886252,-1.5698171626714756,-1.1316015016030805,0,2,62,-1.516861748880692,0.7857178938316993,-0.8798826901281196,0.0,1.5455179042693301,1.6329931618554518,-0.47432079339585226,1.5333503281740888,0.6599535557222693,-0.2655301134847581,0.5775569661125798,0.4224933505389223,1.0733891807582552,0.09149788042738796,-0.3867580601532345,0.9221812202091881,0.9832032720901962,0.18251390563771203,0
-0.4658168281308674,3,0.0225250833501877,-0.790137061405198,1,1970-01-01 00:00:00.000000000,-0.7687276922045834,-0.0303530394026423,-1.1926468496775695,0.9549573073211728,-0.0518601823326749,1,1,1.6559083406522517,1.2215688180884317,-1.3069325809423102,-0.2880834504013773,1.4631535339199069,0,1,7,-1.372398725177769,0.7857178938316993,-0.8798826901281196,0.0,1.5455179042693301,1.6329931618554518,-0.07266008999981517,-0.4754616120497959,0.6599535557222693,0.6603129806234728,-0.33093543506474005,-1.4615760067158357,-0.42051466321152303,0.09149788042738796,-0.35161260297471486,0.9361455962772808,0.9832032720901962,0.18251390563771203,0
-0.4631925079723836,2,0.5075676612008815,1.162217059211769,4,1970-01-01 00:00:00.000000000,-0.7682931299235825,0.1528058726498735,-1.1926468496775695,0.1495448943156297,0.9712510234695512,2,6,-1.2514020393026783,-0.4179541507745373,-0.7938108653996592,-1.5023574936046282,0.5982351887455776,1,2,49,-1.227935701474846,0.7857178938316993,-0.8798826901281196,0.0,1.5455179042693301,1.6329931618554518,-0.028031122955811057,-0.07369922400501895,-1.1921288698046946,0.6603129806234728,0.04760306542580989,-1.7755875662582954,-0.42051466321152303,0.09149788042738796,-0.3159642670044579,0.9487710903986987,0.9832032720901962,0.18251390563771203,0
-0.4605681878138999,4,0.0225250833501877,1.2455916124053763,3,1970-01-01 00:00:00.000000000,-0.7677082214505765,-0.9919373276783512,0.6583747159595755,-0.0701130365040637,-0.7029309496613644,2,5,-0.6699399633116924,0.5189161171471592,-0.7938108653996592,0.9261905928018735,1.4631535339199069,1,1,51,-1.0834726777719228,0.7857178938316993,-0.8798826901281196,0.0,1.5455179042693301,1.6329931618554518,0.1504847452202054,-0.029058958666710395,-1.1921288698046946,-1.1913732075929888,-0.40664313516285,-0.7288823677834299,-0.42051466321152303,0.09149788042738796,-0.27986403674065413,0.9600396455038853,0.9832032720901962,0.18251390563771203,0
-0.4579438676554161,1,1.2351315279769222,0.3562630450069002,2,1970-01-01 00:00:00.000000000,-0.7679265323595154,0.5649134247680344,-1.1926468496775695,-0.2165516570505261,1.3432914619430882,2,5,0.3268521669585693,0.8116880758726893,-1.7007236649634148,-0.8277608029361555,1.4631535339199069,0,0,32,-0.9390096540689998,0.7857178938316993,-0.8798826901281196,0.0,1.5455179042693301,1.6329931618554518,-0.9652394308798976,0.1495021026865238,0.6599535557222693,-1.1913732075929888,-0.10381233477041008,-0.3102002883934836,-0.42051466321152303,0.09149788042738796,-0.24336354298385784,0.9699351452269085,0.9832032720901962,0.18251390563771203,0
-0.4553195474969324,4,1.2351315279769222,0.0227648322324716,0,1970-01-01 00:00:00.000000000,-0.7674507793409787,-1.5872037918490278,-0.267136066858997,0.7352993765014793,-0.7029309496613644,1,2,1.1990452809450485,1.4557863850688555,-0.6267479812694937,-1.70473650080517,1.0306943613327422,2,0,22,-0.7945466303660768,0.7857178938316993,-0.8798826901281196,0.0,1.5455179042693301,1.6329931618554518,0.5521454486162425,-0.9665045307711899,-1.1921288698046946,0.6603129806234728,-1.0880124360458399,0.4224933505389223,-0.42051466321152303,0.09149788042738796,-0.2065149889942563,0.9784434369551989,0.9832032720901962,0.18251390563771203,0
-0.4526952273384486,1,-0.6080302678557142,-0.3732642954371623,1,1970-01-01 00:00:00.000000000,-0.7676690902499176,-1.449834607809641,1.583885498778148,-0.3629902775969885,-0.8889511688981327,3,0,-0.5453409470279097,0.9287968593629016,1.3541405019881827,-1.6372768317383228,-1.564060674190245,0,2,55,-0.6500836066631537,0.7857178938316993,-0.8798826901281196,0.0,1.5455179042693301,1.6329931618554518,-1.5454160024519512,0.5512644907313008,-0.2660876570412127,-1.1913732075929888,-1.3151355363401698,0.6318343902338954,-0.42051466321152303,0.09149788042738796,-0.16937107583020397,0.9855523520707153,0.9832032720901962,0.18251390563771203,0
-0.4500709071799648,0,0.0225250833501877,-1.3807068131932485,2,1970-01-01 00:00:00.000000000,-0.7673024926858505,-0.1677222234420293,-0.267136066858997,-0.2897709673237573,-1.447011826608438,1,0,-0.2130769036044891,-3.287119346284733,-0.9608737495298248,-1.1650591482703918,-0.2666831564287514,1,0,-25,-0.5056205829602307,0.7857178938316993,-0.8798826901281196,0.0,1.5455179042693301,1.6329931618554518,-1.4115291013199387,-1.546827980169201,1.5859947684857512,-0.2655301134847581,-1.6936740368307197,-0.3102002883934836,1.0733891807582552,0.09149788042738796,-0.1319849269748023,0.9912517233535869,0.9832032720901962,0.18251390563771203,0
-0.4474465870214811,3,1.2351315279769222,-1.0888958770156236,0,1970-01-01 00:00:00.000000000,-0.7666866911596928,-0.6714092315864482,-0.267136066858997,1.101395927867635,-1.5400219362268222,1,3,-0.8776049904513302,-0.3593997590294313,-0.6983463601824218,1.26348893813611,1.0306943613327422,1,0,41,-0.36115755925730764,0.7857178938316993,-0.8798826901281196,0.0,1.5455179042693301,1.6329931618554518,-0.1619180240878234,-1.4129071841542755,-0.2660876570412127,1.5861560747317036,-1.2394278362420599,-0.6242118479359433,1.0733891807582552,0.09149788042738796,-0.09441001235832401,0.9955333995233415,0.9832032720901962,0.18251390563771203,0
-0.4448222668629973,4,0.5075676612008815,-1.3807068131932485,1,1970-01-01 00:00:00.000000000,-0.7670656459450206,-1.266675695757125,0.6583747159595755,-1.388060621422225,-1.912062374700359,1,4,-0.2546099090324166,0.7531336841275833,1.3183413125317187,-1.1650591482703918,0.5982351887455776,1,1,45,-0.21669453555438456,0.7857178938316993,-0.8798826901281196,0.0,1.5455179042693301,1.6329931618554518,-0.6528366615718687,-0.16297975468163606,-0.2660876570412127,-0.2655301134847581,-1.1637201361439498,-0.8335528876309164,1.0733891807582552,0.09149788042738796,-0.056700071885147196,0.9983912568969238,0.9832032720901962,0.18251390563771203,0
-0.4421979467045135,2,0.5075676612008815,0.6063867045877217,1,1970-01-01 00:00:00.000000000,-0.7666413813484035,0.1070161446367446,-0.267136066858997,1.101395927867635,-1.447011826608438,3,3,0.1191871398189314,0.9873512511080076,-0.9250745600733606,1.465867945336652,1.0306943613327422,1,2,40,-0.07223151185146152,0.7857178938316993,-0.8798826901281196,0.0,1.5455179042693301,1.6329931618554518,-1.2330132331439223,-0.6540226734030301,0.6599535557222693,-0.2655301134847581,-1.01230473594773,-0.5195413280884568,-0.42051466321152303,0.09149788042738796,-0.01890903857456981,0.9998212081468293,0.9832032720901962,0.18251390563771203,0
-0.4395736265460298,0,1.2351315279769222,0.9190412790637484,3,1970-01-01 00:00:00.000000000,-0.7664930946932753,-1.49562433582277,-0.267136066858997,1.101395927867635,-1.447011826608438,2,2,-0.8360719850234026,0.0504809831863109,0.0295704920990134,-0.4904624576019191,-1.1316015016030805,2,1,47,0.07223151185146152,0.7857178938316993,-0.8798826901281196,0.0,1.5455179042693301,1.6329931618554518,0.1058557781762013,-1.2343461228010413,-0.2660876570412127,0.6603129806234728,-1.4665509365363898,-0.1008592486985105,-0.42051466321152303,0.09149788042738796,0.01890903857456981,0.9998212081468293,0.9832032720901962,0.18251390563771203,0
-0.436949306387546,4,0.0225250833501877,1.4123407187925907,2,1970-01-01 00:00:00.000000000,-0.7662397716574312,0.5649134247680344,0.6583747159595755,0.662080066228248,1.2502813523247038,2,6,-0.2546099090324166,-0.8278348929902795,-1.796188170180652,0.4539729093339427,-1.1316015016030805,0,1,18,0.21669453555438456,0.7857178938316993,-0.8798826901281196,0.0,1.5455179042693301,1.6329931618554518,-1.4561580683639428,0.10486183734821526,-0.2660876570412127,-0.2655301134847581,-0.40664313516285,0.4224933505389223,-0.42051466321152303,0.09149788042738796,0.056700071885147196,0.9983912568969238,0.9832032720901962,0.18251390563771203,0
-0.4343249862290623,2,0.0225250833501877,0.9398849173621504,1,1970-01-01 00:00:00.000000000,-0.7658587573352266,1.0228107048993242,0.6583747159595755,0.9549573073211728,-1.6330320458452063,3,5,-0.9191379958792576,-1.1206068517158096,-0.7580116759431952,0.7912712546681792,0.165776016158413,1,0,29,0.36115755925730764,0.7857178938316993,-0.8798826901281196,0.0,1.5455179042693301,1.6329931618554518,0.5521454486162425,-1.457547449492584,0.6599535557222693,-0.2655301134847581,0.04760306542580989,0.945845949776355,1.0733891807582552,0.09149788042738796,0.09441001235832401,0.9955333995233415,0.9832032720901962,0.18251390563771203,0
-0.4317006660705785,4,-1.1900813612765468,1.0232594705557574,1,1970-01-01 00:00:00.000000000,-0.7655848389306147,-0.8087784156258352,-0.267136066858997,-0.7290868289631444,0.9712510234695512,3,1,-0.9606710013071852,1.1630144263433255,-0.3164883393134721,1.6682469525371937,0.165776016158413,1,1,69,0.5056205829602307,0.7857178938316993,-0.8798826901281196,0.0,1.5455179042693301,1.6329931618554518,0.9984351190562837,0.5512644907313008,0.6599535557222693,0.6603129806234728,0.4261415659163598,0.10848179099646262,1.0733891807582552,0.09149788042738796,0.1319849269748023,0.9912517233535869,0.9832032720901962,0.18251390563771203,0
-0.4290763459120947,1,1.2351315279769222,-0.6789709904803884,0,1970-01-01 00:00:00.000000000,-0.7652573725672064,-1.312465423770254,0.6583747159595755,1.3210538586873286,-0.4239006208062117,0,4,-1.4590670664423162,-0.5936173260098554,-1.1637358231164543,-0.8952204720030028,-0.699142329015916,1,2,51,0.6500836066631537,0.7857178938316993,-0.8798826901281196,0.0,1.5455179042693301,1.6329931618554518,-0.7867235627038811,0.9976671441143863,-0.2660876570412127,0.6603129806234728,-0.55805853535907,0.736504910081382,1.0733891807582552,0.09149788042738796,0.16937107583020397,0.9855523520707153,0.9832032720901962,0.18251390563771203,0
-0.426452025753611,4,1.2351315279769222,-1.3320716571636444,3,1970-01-01 00:00:00.000000000,-0.7652223604403011,1.66386689708313,-0.267136066858997,1.101395927867635,-0.1448702919510591,2,6,-0.3376759198882718,-0.8863892847353856,-1.1756688862686089,-1.0301398101366974,1.0306943613327422,0,0,19,0.7945466303660768,0.7857178938316993,-0.8798826901281196,0.0,1.5455179042693301,1.6329931618554518,-1.2776422001879264,-0.7879434694179558,0.6599535557222693,-0.2655301134847581,-0.17952003486852006,1.5738690688612744,1.0733891807582552,0.09149788042738796,0.2065149889942563,0.9784434369551989,0.9832032720901962,0.18251390563771203,0
-0.4238277055951272,4,0.0225250833501877,-0.0050266854987307,4,1970-01-01 00:00:00.000000000,-0.7649834541625944,0.0612264166236156,-0.267136066858997,-0.4362095878702197,-1.5400219362268222,1,2,-1.085270017590968,1.1630144263433255,-0.4477520339871735,1.398408276269805,-0.699142329015916,1,2,72,0.9390096540689998,0.7857178938316993,-0.8798826901281196,0.0,1.5455179042693301,1.6329931618554518,1.6232406576723413,-1.2789863881393497,-0.2660876570412127,0.6603129806234728,0.27472616572013986,1.3645280291663013,1.0733891807582552,0.09149788042738796,0.24336354298385784,0.9699351452269085,0.9832032720901962,0.18251390563771203,0
-0.4212033854366435,4,1.4776528169022691,0.3562630450069002,3,1970-01-01 00:00:00.000000000,-0.7648228102862055,1.4349182570174852,0.6583747159595755,0.4424221354085545,-0.5169107304245959,1,0,-0.5038079415999821,0.3432529419118411,0.2204995025334883,0.1841342330665536,0.5982351887455776,0,2,44,1.0834726777719228,0.7857178938316993,-0.8798826901281196,0.0,1.5455179042693301,1.6329931618554518,0.06122681113219718,1.622630858850706,-0.2660876570412127,-0.2655301134847581,1.7888801676823396,-0.1008592486985105,-0.42051466321152303,-1.5604775497547658,0.27986403674065413,0.9600396455038853,0.9832032720901962,0.18251390563771203,0
-0.4185790652781597,0,0.5075676612008815,1.148321300346168,4,1970-01-01 00:00:00.000000000,-0.7648516438024804,-0.2593016794682873,-0.267136066858997,-1.0951833803293003,-0.4239006208062117,2,2,0.9083142429495552,0.226144158421629,1.413805817748956,-0.2880834504013773,0.5982351887455776,2,2,8,1.227935701474846,0.7857178938316993,-0.8798826901281196,0.0,1.5455179042693301,1.6329931618554518,1.4000958224523208,0.0602215720099067,0.6599535557222693,-0.2655301134847581,0.7289723663087997,0.0038112711489760626,-0.42051466321152303,-1.5604775497547658,0.3159642670044579,0.9487710903986987,0.9832032720901962,0.18251390563771203,0
-0.4159547451196759,4,-1.1900813612765468,-1.3320716571636444,2,1970-01-01 00:00:00.000000000,-0.7647754409380395,-0.1677222234420293,1.583885498778148,-0.6558675186899132,-0.4239006208062117,3,6,1.115979270089193,0.8116880758726893,-0.5074173497479469,0.2515939021334009,0.5982351887455776,1,2,13,1.372398725177769,0.7857178938316993,-0.8798826901281196,0.0,1.5455179042693301,1.6329931618554518,-0.25117595817583166,1.3994295321591632,-0.2660876570412127,0.6603129806234728,0.5775569661125798,0.10848179099646262,1.0733891807582552,0.09149788042738796,0.35161260297471486,0.9361455962772808,0.9832032720901962,0.18251390563771203,0
-0.4133304249611922,2,-1.1900813612765468,0.1617224208884836,2,1970-01-01 00:00:00.000000000,-0.7484886233164506,0.9770209768861954,-1.1926468496775695,-0.0701130365040637,-0.3308905111878275,0,2,-0.5868739524558372,1.0459056428531135,0.6500897760110567,0.52143257840079,-0.699142329015916,2,1,58,1.516861748880692,0.7857178938316993,-0.8798826901281196,0.0,1.5455179042693301,1.6329931618554518,-0.1619180240878234,-0.2522602853582531,1.5859947684857512,-0.2655301134847581,0.27472616572013986,-0.5195413280884568,-0.42051466321152303,1.7434733106095417,0.3867580601532345,0.9221812202091881,0.9832032720901962,0.18251390563771203,0
-0.4107061048027084,1,0.5075676612008815,-0.8526679763004034,1,1970-01-01 00:00:00.000000000,-0.7643614740258063,1.1143901609255822,-1.1926468496775695,1.39427316896056,0.5062004753776304,1,0,-0.5453409470279097,-0.7692805012451734,1.4734711335097297,0.3865132402670955,-1.564060674190245,0,0,26,1.661324772583615,0.7857178938316993,-0.8798826901281196,0.0,1.5455179042693301,1.6329931618554518,0.9538061520122796,-0.16297975468163606,-1.1921288698046946,1.5861560747317036,1.1075108667993496,-0.5195413280884568,-0.42051466321152303,1.7434733106095417,0.4213503732625737,0.906897934142255,0.9832032720901962,0.18251390563771203,0
-0.4080817846442247,1,-0.6080302678557142,-0.2968376216763557,2,1970-01-01 00:00:00.000000000,-0.7482950268500331,0.6564928807942925,0.6583747159595755,-1.5344992419686874,0.5062004753776304,0,6,-1.0437370121630405,-0.6521717177549614,-0.0062286973574505,0.993650261868721,0.165776016158413,2,1,40,-1.661324772583615,0.9060925015217925,-0.8798826901281196,0.0,-1.490320836259711,-0.6123724356957944,1.0876930531442919,0.9530268787760777,-1.1921288698046946,-1.1913732075929888,1.5617570673880097,-1.5662465265633223,-0.42051466321152303,0.09149788042738796,-0.4213503732625737,0.906897934142255,-0.9729578811050594,0.23098260020086597,0
-0.4054574644857409,4,0.0225250833501877,1.1274776620477664,1,1970-01-01 00:00:00.000000000,-0.7481405615842746,-0.946147599665222,-0.267136066858997,0.0031062737691674,1.0642611330879357,1,1,1.1575122755171203,1.2801232098335376,0.5546252707938193,1.5333276144034993,1.4631535339199069,1,0,20,-1.516861748880692,0.9060925015217925,-0.8798826901281196,0.0,-1.490320836259711,-0.6123724356957944,0.6414033827042507,1.0869476747910034,0.6599535557222693,-1.1913732075929888,0.5018492660144698,0.4224933505389223,-0.42051466321152303,0.09149788042738796,-0.3867580601532345,0.9221812202091881,-0.9729578811050594,0.23098260020086597,0
-0.4028331443272572,0,-0.6080302678557142,0.0366605910980728,3,1970-01-01 00:00:00.000000000,-0.7475206409843633,0.1985956006630025,-0.267136066858997,0.4424221354085545,-1.5400219362268222,1,3,-0.9191379958792576,0.4018073336569471,-1.6052591597461772,0.049214894932859,1.0306943613327422,2,1,55,-1.372398725177769,0.9060925015217925,-0.8798826901281196,0.0,-1.490320836259711,-0.6123724356957944,-0.9206104638358934,0.6405450214079178,-0.2660876570412127,0.6603129806234728,-0.028104634672300097,-0.20552976854599705,-0.42051466321152303,0.09149788042738796,-0.35161260297471486,0.9361455962772808,-0.9729578811050594,0.23098260020086597,0
-0.4002088241687734,0,0.0225250833501877,-1.200061947940433,2,1970-01-01 00:00:00.000000000,-0.7476936420820129,1.4349182570174852,1.583885498778148,-0.0701130365040637,0.2271701465224777,2,4,-0.5453409470279097,0.6360249006373713,1.199010681010172,1.398408276269805,-0.699142329015916,2,0,50,-1.227935701474846,0.9060925015217925,-0.8798826901281196,0.0,-1.490320836259711,-0.6123724356957944,0.19511371226420954,-0.9218642654328814,-0.2660876570412127,-0.2655301134847581,0.3504338658182498,0.6318343902338954,-0.42051466321152303,0.09149788042738796,-0.3159642670044579,0.9487710903986987,-0.9729578811050594,0.23098260020086597,0
-0.3975845040102896,2,0.5075676612008815,0.6828133783485283,3,1970-01-01 00:00:00.000000000,-0.7473558780342208,0.0154366886104866,-1.1926468496775695,0.7352993765014793,0.0411499272857092,1,2,-0.2130769036044891,-1.1791612434609158,-0.0181617605096052,-0.6253817957356137,-0.2666831564287514,2,2,11,-1.0834726777719228,0.9060925015217925,-0.8798826901281196,0.0,-1.490320836259711,-0.6123724356957944,1.4000958224523208,0.19414236802483237,1.5859947684857512,-0.2655301134847581,0.04760306542580989,0.0038112711489760626,-0.42051466321152303,0.09149788042738796,-0.27986403674065413,0.9600396455038853,-0.9729578811050594,0.23098260020086597,0
-0.3949601838518058,4,-1.1415771034914777,-1.290384380566841,3,1970-01-01 00:00:00.000000000,-0.7469522088063716,-0.0303530394026423,0.6583747159595755,-1.0951833803293003,0.0411499272857092,0,0,-1.2514020393026783,0.226144158421629,0.4710938287287365,-1.0301398101366974,-0.2666831564287514,2,2,60,-0.9390096540689998,0.9060925015217925,-0.8798826901281196,0.0,-1.490320836259711,-0.6123724356957944,0.01659784408819306,1.3994295321591632,-1.1921288698046946,1.5861560747317036,0.04760306542580989,0.0038112711489760626,1.0733891807582552,0.09149788042738796,-0.24336354298385784,0.9699351452269085,-0.9729578811050594,0.23098260020086597,0
-0.3923358636933221,1,-1.1900813612765468,0.9676764350933528,2,1970-01-01 00:00:00.000000000,-0.7467380169711862,-0.2593016794682873,0.6583747159595755,-0.6558675186899132,1.0642611330879357,0,1,-0.2130769036044891,0.5774705088922653,0.2920978814464164,0.7912712546681792,1.4631535339199069,2,1,41,-0.7945466303660768,0.9060925015217925,-0.8798826901281196,0.0,-1.490320836259711,-0.6123724356957944,-0.028031122955811057,0.015581306671598155,0.6599535557222693,-1.1913732075929888,0.04760306542580989,0.0038112711489760626,-0.42051466321152303,0.09149788042738796,-0.2065149889942563,0.9784434369551989,-0.9729578811050594,0.23098260020086597,0
-0.3897115435348384,0,0.0225250833501877,-1.4154462103572516,3,1970-01-01 00:00:00.000000000,-0.7464435031978065,-0.3508811354945452,0.6583747159595755,-0.3629902775969885,-1.3540017169900538,2,5,-0.9191379958792576,1.2801232098335376,0.6500897760110567,-0.692841464802461,-0.699142329015916,0,1,70,-0.6500836066631537,0.9060925015217925,-0.8798826901281196,0.0,-1.490320836259711,-0.6123724356957944,-0.25117595817583166,-0.029058958666710395,0.6599535557222693,0.6603129806234728,-0.33093543506474005,-1.670917046410809,1.0733891807582552,-1.5604775497547658,-0.16937107583020397,0.9855523520707153,-0.9729578811050594,0.23098260020086597,0
-0.3870872233763546,4,1.2351315279769222,1.5929855840454064,2,1970-01-01 00:00:00.000000000,-0.7465073488409867,0.0154366886104866,-0.267136066858997,-0.1433323467772949,0.5062004753776304,1,1,0.4929841886702795,1.1630144263433255,-1.4381962756160118,1.5333276144034993,0.5982351887455776,0,2,34,-0.5056205829602307,0.9060925015217925,-0.8798826901281196,0.0,-1.490320836259711,-0.6123724356957944,-0.3404338922638399,-0.2522602853582531,0.6599535557222693,0.6603129806234728,0.04760306542580989,0.0038112711489760626,1.0733891807582552,0.09149788042738796,-0.1319849269748023,0.9912517233535869,-0.9729578811050594,0.23098260020086597,0
-0.3844629032178708,0,4.824446604072056,0.3215236478428973,2,1970-01-01 00:00:00.000000000,-0.7462910974689246,-1.5414140638358989,0.6583747159595755,1.6871504100534849,-1.2609916073716696,0,1,-0.1715438981765615,-1.3548244186962335,-0.0181617605096052,0.6563519165344845,0.165776016158413,1,1,7,-0.36115755925730764,0.9060925015217925,-0.8798826901281196,0.0,-1.490320836259711,-0.6123724356957944,0.01659784408819306,-0.34154081603487024,-0.2660876570412127,0.6603129806234728,0.04760306542580989,0.0038112711489760626,1.0733891807582552,0.09149788042738796,-0.09441001235832401,0.9955333995233415,-0.9729578811050594,0.23098260020086597,0
-0.3818385830593871,0,-0.6080302678557142,1.391497080494189,2,1970-01-01 00:00:00.000000000,-0.7459121426835968,-0.6256195035733192,1.583885498778148,-1.1684026906025315,1.5293116811798566,3,1,0.160720145246859,-1.0034980682255976,1.378006628292492,0.7238115856013319,1.4631535339199069,0,1,5,-0.21669453555438456,0.9060925015217925,-0.8798826901281196,0.0,-1.490320836259711,-0.6123724356957944,-1.500787035407947,0.015581306671598155,0.6599535557222693,-0.2655301134847581,0.04760306542580989,0.0038112711489760626,1.0733891807582552,0.09149788042738796,-0.056700071885147196,0.9983912568969238,-0.9729578811050594,0.23098260020086597,0
-0.3792142629009033,1,0.5075676612008815,-1.5613516784460642,4,1970-01-01 00:00:00.000000000,-0.7461119177606447,-1.6329935198621568,-2.118157632496142,0.0031062737691674,1.5293116811798566,2,0,0.7837152266657725,-0.8278348929902795,-0.7341455496388858,0.993650261868721,-0.699142329015916,0,0,-7,-0.07223151185146152,0.9060925015217925,-0.8798826901281196,0.0,-1.490320836259711,-0.6123724356957944,-0.6082076945278646,-1.5021877148308926,1.5859947684857512,0.6603129806234728,-2.0722125373212696,-0.7288823677834299,-0.42051466321152303,1.7434733106095417,-0.01890903857456981,0.9998212081468293,-0.9729578811050594,0.23098260020086597,0
-0.3765899427424196,3,-1.1900813612765468,1.3706534421957872,3,1970-01-01 00:00:00.000000000,-0.7458524161141702,1.251759344964969,-0.267136066858997,0.0031062737691674,0.8782409138511671,3,5,2.6111674654945856,-0.3008453672843252,0.4114285129679632,-1.5698171626714756,0.165776016158413,1,0,-42,0.07223151185146152,0.9060925015217925,-0.8798826901281196,0.0,-1.490320836259711,-0.6123724356957944,-1.5900449694959553,-0.6093824080647215,-2.1181700825681764,1.5861560747317036,-0.55805853535907,1.2598575093188147,-0.42051466321152303,1.7434733106095417,0.01890903857456981,0.9998212081468293,-0.9729578811050594,0.23098260020086597,0
-0.3739656225839358,2,-0.6080302678557142,-0.1578800330203438,0,1970-01-01 00:00:00.000000000,-0.745232495514259,-1.220885967743996,0.6583747159595755,0.8085186867747104,4.319614969731382,0,4,-1.5006000718702437,0.4018073336569471,0.6620228391632114,1.5333276144034993,-1.564060674190245,0,0,69,0.21669453555438456,0.9060925015217925,-0.8798826901281196,0.0,-1.490320836259711,-0.6123724356957944,1.2215799542763042,-1.5914682455075098,-0.2660876570412127,-2.1172163017012195,-0.8608893357515099,1.469198549013788,-0.42051466321152303,0.09149788042738796,0.056700071885147196,0.9983912568969238,-0.9729578811050594,0.23098260020086597,0
-0.371341302425452,2,0.0225250833501877,0.4882727542301115,2,1970-01-01 00:00:00.000000000,-0.7450265418265808,-1.5872037918490278,-0.267136066858997,1.2478345484140976,0.5992105849960145,3,1,-1.2929350447306058,1.3972319933237496,-1.5694599702897132,1.6682469525371937,-0.2666831564287514,1,1,81,0.36115755925730764,0.9060925015217925,-0.8798826901281196,0.0,-1.490320836259711,-0.6123724356957944,-1.1883842660999182,1.220868470805929,0.6599535557222693,-0.2655301134847581,-0.8608893357515099,1.469198549013788,-0.42051466321152303,0.09149788042738796,0.09441001235832401,0.9955333995233415,-0.9729578811050594,0.23098260020086597,0
-0.3687169822669683,1,-0.9960643301362692,0.0088690733668704,3,1970-01-01 00:00:00.000000000,-0.7452304359773821,-1.220885967743996,-1.1926468496775695,-1.388060621422225,0.6922206946143987,2,0,1.032913259233338,-0.4765085425196433,-1.1995350125729185,0.52143257840079,1.4631535339199069,1,2,-7,0.5056205829602307,0.9060925015217925,-0.8798826901281196,0.0,-1.490320836259711,-0.6123724356957944,-1.5454160024519512,-1.1897058574627326,-0.2660876570412127,0.6603129806234728,-2.2236279375174894,-1.5662465265633223,-0.42051466321152303,0.09149788042738796,0.1319849269748023,0.9912517233535869,-0.9729578811050594,0.23098260020086597,0
-0.3660926621084845,0,0.5075676612008815,0.7592400521093348,1,1970-01-01 00:00:00.000000000,-0.7450080059946897,0.7938620648336794,0.6583747159595755,0.3692028251353233,-0.2378804015694433,3,0,-0.794538979595475,0.6945792923824773,0.6262236497067474,1.3309486072029573,1.0306943613327422,0,2,57,0.6500836066631537,0.9060925015217925,-0.8798826901281196,0.0,-1.490320836259711,-0.6123724356957944,-1.1883842660999182,-1.546827980169201,-1.1921288698046946,-0.2655301134847581,-1.0880124360458399,0.8411754299288685,-0.42051466321152303,0.09149788042738796,0.16937107583020397,0.9855523520707153,-0.9729578811050594,0.23098260020086597,0
-0.3634683419500008,4,0.5075676612008815,1.5096110308517992,2,1970-01-01 00:00:00.000000000,-0.7443942640054088,1.1601798889387114,-1.1926468496775695,-0.582648208416682,-2.0980825939371277,0,4,-0.1300108927486339,-1.0620524599707035,-0.5312834760522563,-0.6253817957356137,-0.2666831564287514,2,2,11,0.7945466303660768,0.9060925015217925,-0.8798826901281196,0.0,-1.490320836259711,-0.6123724356957944,0.7752902838362631,-1.1897058574627326,0.6599535557222693,-1.1913732075929888,0.4261415659163598,0.8411754299288685,-0.42051466321152303,0.09149788042738796,0.2065149889942563,0.9784434369551989,-0.9729578811050594,0.23098260020086597,0
-0.360844021791517,0,-1.1900813612765468,0.4257418393349062,2,1970-01-01 00:00:00.000000000,-0.744571384176812,1.251759344964969,0.6583747159595755,0.4424221354085545,-0.5169107304245959,3,3,-1.2514020393026783,0.7531336841275833,-0.0420278868139145,-1.0975994792035446,1.4631535339199069,1,2,69,0.9390096540689998,0.9060925015217925,-0.8798826901281196,0.0,-1.490320836259711,-0.6123724356957944,1.132322020188296,0.7744658174228435,-1.1921288698046946,0.6603129806234728,1.7888801676823396,-1.5662465265633223,-0.42051466321152303,0.09149788042738796,0.24336354298385784,0.9699351452269085,-0.9729578811050594,0.23098260020086597,0
-0.3582197016330332,1,0.5075676612008815,0.3840545627381026,0,1970-01-01 00:00:00.000000000,-0.7442397987396502,1.2059696169518404,-1.1926468496775695,-1.461279931695456,-0.8889511688981327,3,6,-1.2514020393026783,-0.3593997590294313,-1.3427317703987744,-1.5023574936046282,-1.1316015016030805,2,0,50,1.0834726777719228,0.9060925015217925,-0.8798826901281196,0.0,-1.490320836259711,-0.6123724356957944,1.2215799542763042,1.1315879401293119,0.6599535557222693,-1.1913732075929888,2.0160032679766693,-1.9849286059532685,-0.42051466321152303,0.09149788042738796,0.27986403674065413,0.9600396455038853,-0.9729578811050594,0.23098260020086597,0
-0.3555953814745495,2,0.0225250833501877,0.2798363712460937,4,1970-01-01 00:00:00.000000000,-0.7440317855150953,-0.2593016794682873,-0.267136066858997,1.4674924792337911,0.0411499272857092,3,5,0.4099181778144244,-0.5350629342647494,-0.0181617605096052,-0.5579221266687664,-0.699142329015916,1,0,7,1.227935701474846,0.9060925015217925,-0.8798826901281196,0.0,-1.490320836259711,-0.6123724356957944,1.1769509872323,1.220868470805929,-1.1921288698046946,0.6603129806234728,1.1832185668974597,-0.1008592486985105,-0.42051466321152303,0.09149788042738796,0.3159642670044579,0.9487710903986987,-0.9729578811050594,0.23098260020086597,0
-0.3529710613160657,0,1.2351315279769222,-1.1722704302092308,4,1970-01-01 00:00:00.000000000,-0.7438443676593082,-1.0377270556914802,-1.1926468496775695,0.0763255840423986,-1.2609916073716696,1,5,0.3683851723864969,-0.0666278003039011,0.5546252707938193,-0.4904624576019191,-1.1316015016030805,0,1,16,1.372398725177769,0.9060925015217925,-0.8798826901281196,0.0,-1.490320836259711,-0.6123724356957944,-0.25117595817583166,1.1762282054676205,-0.2660876570412127,-1.1913732075929888,-0.028104634672300097,0.4224933505389223,-1.9144185071813014,-1.5604775497547658,0.35161260297471486,0.9361455962772808,-0.9729578811050594,0.23098260020086597,0
-0.3503467411575819,2,1.2351315279769222,-0.9221467706284092,2,1970-01-01 00:00:00.000000000,-0.727899433159265,-1.49562433582277,-0.267136066858997,1.3210538586873286,0.3201802561408619,0,2,-1.3344680501585335,-0.008073408558795,-0.6267479812694937,-0.6253817957356137,0.165776016158413,2,2,58,1.516861748880692,0.9060925015217925,-0.8798826901281196,0.0,-1.490320836259711,-0.6123724356957944,-1.0098683979239016,-0.2522602853582531,-1.1921288698046946,-0.2655301134847581,-1.5422586366344997,-0.6242118479359433,-0.42051466321152303,0.09149788042738796,0.3867580601532345,0.9221812202091881,-0.9729578811050594,0.23098260020086597,0
-0.3477224209990982,4,-0.6080302678557142,-0.4357952103323676,3,1970-01-01 00:00:00.000000000,-0.743770224331744,0.8854415208599373,-1.1926468496775695,-0.948744759782838,0.6922206946143987,3,1,1.5728423297963965,0.7531336841275833,1.485404196661884,1.465867945336652,1.0306943613327422,1,1,1,1.661324772583615,0.9060925015217925,-0.8798826901281196,0.0,-1.490320836259711,-0.6123724356957944,-1.4561580683639428,-1.0111447961094986,-0.2660876570412127,-1.1913732075929888,-0.8608893357515099,0.736504910081382,-1.9144185071813014,0.09149788042738796,0.4213503732625737,0.906897934142255,-0.9729578811050594,0.23098260020086597,0
-0.3450981008406144,2,-0.6080302678557142,1.2733831301365788,1,1970-01-01 00:00:00.000000000,-0.7273351200550269,-0.6256195035733192,-1.1926468496775695,-0.5094288981434508,1.3432914619430882,0,6,-1.0022040067351128,0.9287968593629016,1.3660735651403373,0.1841342330665536,-0.2666831564287514,0,2,66,-1.661324772583615,1.0264671092118858,-0.8798826901281196,0.0,-0.9843477128382041,-0.6123724356957944,0.8645482179242713,-1.457547449492584,-1.1921288698046946,-0.2655301134847581,-0.7094739355552899,0.6318343902338954,-1.9144185071813014,0.09149788042738796,-0.4213503732625737,0.906897934142255,-0.7729949150001408,0.6344122172404351,0
-0.3424737806821307,2,-0.6080302678557142,-1.4640813663868557,1,1970-01-01 00:00:00.000000000,-0.7275184188370605,-0.9919373276783512,1.583885498778148,0.4424221354085545,-1.0749713881349012,3,3,-0.1715438981765615,0.226144158421629,-0.9728068126819792,-1.0975994792035446,0.5982351887455776,2,2,34,-1.516861748880692,1.0264671092118858,-0.8798826901281196,0.0,-0.9843477128382041,-0.6123724356957944,-0.6082076945278646,0.8637463480994606,-1.1921288698046946,-1.1913732075929888,-0.40664313516285,0.21315231084394917,-0.42051466321152303,1.7434733106095417,-0.3867580601532345,0.9221812202091881,-0.7729949150001408,0.6344122172404351,0
-0.3398494605236469,3,0.5075676612008815,-0.0606097209611354,3,1970-01-01 00:00:00.000000000,-0.7273268819075197,0.1985956006630025,-1.1926468496775695,-1.827376483061612,1.3432914619430882,2,5,-1.2929350447306058,-1.0034980682255976,-0.3761536550742455,-0.6253817957356137,1.4631535339199069,0,1,40,-1.372398725177769,1.0264671092118858,-0.8798826901281196,0.0,-0.9843477128382041,-0.6123724356957944,-0.9652394308798976,-0.6093824080647215,1.5859947684857512,-1.1913732075929888,-0.7851816356533999,-0.7288823677834299,-0.42051466321152303,1.7434733106095417,-0.35161260297471486,0.9361455962772808,-0.7729949150001408,0.6344122172404351,0
-0.3372251403651631,3,0.6045761767710203,0.2728884918132931,2,1970-01-01 00:00:00.000000000,-0.7270962137773203,-1.129306511717738,0.6583747159595755,1.2478345484140976,0.6922206946143987,2,3,-1.3344680501585335,0.1090353749314169,0.2562986919899523,0.8587309237350265,-1.564060674190245,0,0,60,-1.227935701474846,1.0264671092118858,-0.8798826901281196,0.0,-0.9843477128382041,-0.6123724356957944,0.19511371226420954,-0.9665045307711899,-1.1921288698046946,1.5861560747317036,-1.01230473594773,-0.41487080824097017,1.0733891807582552,1.7434733106095417,-0.3159642670044579,0.9487710903986987,-0.7729949150001408,0.6344122172404351,0
-0.3346008202066794,3,-1.1900813612765468,-1.5127165224164598,1,1970-01-01 00:00:00.000000000,-0.7264515787348875,1.66386689708313,0.6583747159595755,-0.5094288981434508,-0.0518601823326749,2,2,0.6175832049540623,0.6945792923824773,-0.0181617605096052,-0.0857044432008354,0.165776016158413,2,1,23,-1.0834726777719228,1.0264671092118858,-0.8798826901281196,0.0,-0.9843477128382041,-0.6123724356957944,-1.09912633201191,0.19414236802483237,0.6599535557222693,-1.1913732075929888,0.4261415659163598,1.1551869894713283,-0.42051466321152303,0.09149788042738796,-0.27986403674065413,0.9600396455038853,-0.7729949150001408,0.6344122172404351,0
-0.3319765000481956,2,1.2351315279769222,0.6133345840205223,4,1970-01-01 00:00:00.000000000,-0.7263486018910484,-0.9919373276783512,1.583885498778148,0.2227642045888609,1.3432914619430882,3,1,-0.4622749361720545,-0.4765085425196433,0.8171526601412221,-0.6253817957356137,1.4631535339199069,1,1,29,-0.9390096540689998,1.0264671092118858,-0.8798826901281196,0.0,-0.9843477128382041,-0.6123724356957944,1.6232406576723413,-1.1004253267861157,0.6599535557222693,0.6603129806234728,-0.25522773496663004,1.5738690688612744,1.0733891807582552,0.09149788042738796,-0.24336354298385784,0.9699351452269085,-0.7729949150001408,0.6344122172404351,0
-0.3293521798897119,1,-1.1900813612765468,0.2520448535148913,3,1970-01-01 00:00:00.000000000,-0.7261529458877543,-1.0835167837046091,-0.267136066858997,-1.5344992419686874,-0.9819612785165168,0,6,-1.085270017590968,-1.4133788104413398,-0.4954842865957923,-1.6372768317383228,1.0306943613327422,1,2,28,-0.7945466303660768,1.0264671092118858,-0.8798826901281196,0.0,-0.9843477128382041,-0.6123724356957944,-0.9652394308798976,1.622630858850706,1.5859947684857512,0.6603129806234728,-0.17952003486852006,1.469198549013788,1.0733891807582552,0.09149788042738796,-0.2065149889942563,0.9784434369551989,-0.7729949150001408,0.6344122172404351,0
-0.3267278597312281,2,-0.6080302678557142,-0.1161927564235402,0,1970-01-01 00:00:00.000000000,-0.7261302909821097,0.0154366886104866,-0.267136066858997,0.1495448943156297,1.2502813523247038,2,0,-0.2961429144603442,-1.0620524599707035,-1.0802043810513715,-0.4904624576019191,1.0306943613327422,0,0,15,-0.6500836066631537,1.0264671092118858,-0.8798826901281196,0.0,-0.9843477128382041,-0.6123724356957944,-1.0544973649679057,-0.9665045307711899,-0.2660876570412127,1.5861560747317036,0.04760306542580989,0.0038112711489760626,1.0733891807582552,0.09149788042738796,-0.16937107583020397,0.9855523520707153,-0.7729949150001408,0.6344122172404351,0
-0.3241035395727443,1,0.5075676612008815,-1.290384380566841,2,1970-01-01 00:00:00.000000000,-0.7260664453389294,0.1070161446367446,-0.267136066858997,1.101395927867635,1.0642611330879357,1,1,-0.4207419307441269,0.3432529419118411,-1.0802043810513715,-0.5579221266687664,-0.2666831564287514,1,1,42,-0.5056205829602307,1.0264671092118858,-0.8798826901281196,0.0,-0.9843477128382041,-0.6123724356957944,0.01659784408819306,-1.055785061447807,-0.2660876570412127,-0.2655301134847581,0.04760306542580989,0.0038112711489760626,-0.42051466321152303,-1.5604775497547658,-0.1319849269748023,0.9912517233535869,-0.7729949150001408,0.6344122172404351,0
-0.3214792194142606,1,-0.6080302678557142,-0.4357952103323676,3,1970-01-01 00:00:00.000000000,-0.7256689547217106,0.1528058726498735,0.6583747159595755,1.6871504100534849,0.5992105849960145,2,6,-0.8776049904513302,-0.1837365837941131,-1.390464023007393,0.049214894932859,0.165776016158413,2,0,44,-0.36115755925730764,1.0264671092118858,-0.8798826901281196,0.0,-0.9843477128382041,-0.6123724356957944,0.1058557781762013,0.015581306671598155,-0.2660876570412127,-0.2655301134847581,0.04760306542580989,0.0038112711489760626,-0.42051466321152303,0.09149788042738796,-0.09441001235832401,0.9955333995233415,-0.7729949150001408,0.6344122172404351,0
-0.3188548992557768,3,0.5075676612008815,-0.0745054798267366,1,1970-01-01 00:00:00.000000000,-0.7252343924407096,0.0154366886104866,1.583885498778148,0.662080066228248,0.8782409138511671,2,4,0.0361211289630763,0.0504809831863109,-0.0181617605096052,-1.6372768317383228,-0.699142329015916,2,0,26,-0.21669453555438456,1.0264671092118858,-0.8798826901281196,0.0,-0.9843477128382041,-0.6123724356957944,0.1504847452202054,0.10486183734821526,0.6599535557222693,-0.2655301134847581,0.04760306542580989,0.0038112711489760626,1.0733891807582552,0.09149788042738796,-0.056700071885147196,0.9983912568969238,-0.7729949150001408,0.6344122172404351,0
-0.3162305790972931,0,-0.6080302678557142,0.9676764350933528,2,1970-01-01 00:00:00.000000000,-0.7251211179124867,0.6564928807942925,-0.267136066858997,1.3210538586873286,-1.2609916073716696,1,5,0.6591162103819899,0.8116880758726893,0.3278970709028804,-0.4904624576019191,0.5982351887455776,0,0,24,-0.07223151185146152,1.0264671092118858,-0.8798826901281196,0.0,-0.9843477128382041,-0.6123724356957944,0.01659784408819306,0.1495021026865238,1.5859947684857512,0.6603129806234728,0.04760306542580989,0.0038112711489760626,1.0733891807582552,0.09149788042738796,-0.01890903857456981,0.9998212081468293,-0.7729949150001408,0.6344122172404351,0
-0.3136062589388093,4,-0.6080302678557142,0.6967091372141294,4,1970-01-01 00:00:00.000000000,-0.7252817617888756,-0.4424605915208032,0.6583747159595755,0.9549573073211728,0.6922206946143987,2,3,0.3683851723864969,-0.1251821920490071,-1.4859285282246304,-1.2325188173372392,-0.699142329015916,0,0,15,0.07223151185146152,1.0264671092118858,-0.8798826901281196,0.0,-0.9843477128382041,-0.6123724356957944,0.6414033827042507,0.015581306671598155,-0.2660876570412127,1.5861560747317036,0.04760306542580989,0.0038112711489760626,1.0733891807582552,0.09149788042738796,0.01890903857456981,0.9998212081468293,-0.7729949150001408,0.6344122172404351,0
-0.3109819387803256,3,0.0225250833501877,1.6277249812094092,2,1970-01-01 00:00:00.000000000,-0.7252282138300793,0.9312312488730664,-1.1926468496775695,-1.2416220008757626,-0.4239006208062117,3,1,-0.2961429144603442,-0.008073408558795,0.4352946392722725,-1.2325188173372392,2.328071879094236,2,2,33,0.21669453555438456,1.0264671092118858,-0.8798826901281196,0.0,-0.9843477128382041,-0.6123724356957944,-0.4296918263518481,0.6405450214079178,0.6599535557222693,-0.2655301134847581,0.6532646662106898,-0.41487080824097017,-0.42051466321152303,0.09149788042738796,0.056700071885147196,0.9983912568969238,-0.7729949150001408,0.6344122172404351,0
-0.3083576186218418,3,-1.1415771034914777,0.3076278889772961,2,1970-01-01 00:00:00.000000000,-0.7248018896965855,-0.4424605915208032,0.6583747159595755,0.4424221354085545,0.8782409138511671,3,2,0.1191871398189314,-0.3593997590294313,-1.5933260965940226,0.2515939021334009,-1.564060674190245,2,2,17,0.36115755925730764,1.0264671092118858,-0.8798826901281196,0.0,-0.9843477128382041,-0.6123724356957944,0.9091771849682755,-0.43082134671148736,-1.1921288698046946,0.6603129806234728,0.04760306542580989,-0.3102002883934836,-0.42051466321152303,0.09149788042738796,0.09441001235832401,0.9955333995233415,-0.7729949150001408,0.6344122172404351,0
-0.305733298463358,0,-0.6080302678557142,-1.2417492245372368,4,1970-01-01 00:00:00.000000000,-0.7248224850653533,0.6564928807942925,-1.1926468496775695,0.0031062737691674,1.3432914619430882,2,0,0.3683851723864969,0.8116880758726893,-0.5551496023565656,0.9261905928018735,0.165776016158413,0,2,31,0.5056205829602307,1.0264671092118858,-0.8798826901281196,0.0,-0.9843477128382041,-0.6123724356957944,-0.4296918263518481,0.9083866134377692,0.6599535557222693,-1.1913732075929888,0.6532646662106898,-0.41487080824097017,-0.42051466321152303,0.09149788042738796,0.1319849269748023,0.9912517233535869,-0.7729949150001408,0.6344122172404351,0
-0.3031089783048742,4,-1.1900813612765468,1.474871633687796,4,1970-01-01 00:00:00.000000000,-0.7240810517897119,0.4733339687417764,-1.1926468496775695,-0.5094288981434508,0.4131903657592461,0,2,-0.3376759198882718,-0.2422909755392192,-0.579015728660875,1.5333276144034993,-0.699142329015916,0,2,30,0.6500836066631537,1.0264671092118858,-0.8798826901281196,0.0,-0.9843477128382041,-0.6123724356957944,0.6414033827042507,-0.43082134671148736,-1.1921288698046946,0.6603129806234728,0.4261415659163598,-0.7288823677834299,-0.42051466321152303,0.09149788042738796,0.16937107583020397,0.9855523520707153,-0.7729949150001408,0.6344122172404351,0
-0.3004846581463905,2,-1.1900813612765468,-0.0745054798267366,2,1970-01-01 00:00:00.000000000,-0.7243961609318595,0.4275442407286475,1.583885498778148,0.2227642045888609,-0.2378804015694433,0,3,1.489776318940541,-0.1837365837941131,1.2825421230752545,-1.0301398101366974,0.165776016158413,2,2,-13,0.7945466303660768,1.0264671092118858,-0.8798826901281196,0.0,-0.9843477128382041,-0.6123724356957944,0.46288751452823423,0.6405450214079178,-1.1921288698046946,-1.1913732075929888,0.8803877665050197,-1.880258086105782,-0.42051466321152303,1.7434733106095417,0.2065149889942563,0.9784434369551989,-0.7729949150001408,0.6344122172404351,0
-0.2978603379879068,2,1.2351315279769222,0.3215236478428973,4,1970-01-01 00:00:00.000000000,-0.723646489508711,0.9770209768861954,-0.267136066858997,0.5156414456817857,-0.7959410592797486,2,1,-0.2546099090324166,1.2801232098335376,0.9364832916627688,-1.5698171626714756,1.0306943613327422,0,1,54,0.9390096540689998,1.0264671092118858,-0.8798826901281196,0.0,-0.9843477128382041,-0.6123724356957944,0.41825854748423014,0.4619839600546837,1.5859947684857512,-1.1913732075929888,1.0318031667012397,-1.3569054868683492,-0.42051466321152303,1.7434733106095417,0.24336354298385784,0.9699351452269085,-0.7729949150001408,0.6344122172404351,0
-0.295236017829423,3,0.0225250833501877,-0.2065151890499479,3,1970-01-01 00:00:00.000000000,-0.7234425953579097,-1.770362703901544,-0.267136066858997,0.9549573073211728,1.8083420100350087,1,5,-1.3344680501585335,-0.5350629342647494,-0.5551496023565656,-1.6372768317383228,0.5982351887455776,1,0,49,1.0834726777719228,1.0264671092118858,-0.8798826901281196,0.0,-0.9843477128382041,-0.6123724356957944,0.9538061520122796,0.4173436947163751,-0.2660876570412127,1.5861560747317036,-0.17952003486852006,1.2598575093188147,1.0733891807582552,0.09149788042738796,0.27986403674065413,0.9600396455038853,-0.7729949150001408,0.6344122172404351,0
-0.2926116976709392,4,0.5075676612008815,0.1061393854260788,4,1970-01-01 00:00:00.000000000,-0.7237844784794554,0.6564928807942925,-0.267136066858997,-1.021964070056069,-0.3308905111878275,3,5,-0.4622749361720545,-0.7107261095000674,1.6047348281834308,-0.2880834504013773,1.0306943613327422,2,2,25,1.227935701474846,1.0264671092118858,-0.8798826901281196,0.0,-0.9843477128382041,-0.6123724356957944,-1.7239318706279676,0.9530268787760777,-0.2660876570412127,-0.2655301134847581,-0.028104634672300097,1.3645280291663013,-0.42051466321152303,-1.5604775497547658,0.3159642670044579,0.9487710903986987,-0.7729949150001408,0.6344122172404351,0
-0.2899873775124555,3,0.0225250833501877,-1.5613516784460642,4,1970-01-01 00:00:00.000000000,-0.7234467144316632,0.1070161446367446,-1.1926468496775695,-0.6558675186899132,0.8782409138511671,3,6,-0.6699399633116924,1.2801232098335376,-1.6649244755069506,0.7912712546681792,1.0306943613327422,2,0,64,1.372398725177769,1.0264671092118858,-0.8798826901281196,0.0,-0.9843477128382041,-0.6123724356957944,0.6414033827042507,-1.7253890415224353,-0.2660876570412127,-0.2655301134847581,-0.55805853535907,0.8411754299288685,-0.42051466321152303,0.09149788042738796,0.35161260297471486,0.9361455962772808,-0.7729949150001408,0.6344122172404351,0
-0.2873630573539717,1,0.5075676612008815,-0.4705346074963706,2,1970-01-01 00:00:00.000000000,-0.7233931664728669,-1.312465423770254,-0.267136066858997,1.540711789507022,-1.1679814977532854,3,2,0.8252482320937001,0.1090353749314169,0.4710938287287365,1.465867945336652,1.4631535339199069,0,2,8,1.516861748880692,1.0264671092118858,-0.8798826901281196,0.0,-0.9843477128382041,-0.6123724356957944,0.1058557781762013,0.6405450214079178,-1.1921288698046946,-0.2655301134847581,-0.25522773496663004,0.21315231084394917,-0.42051466321152303,0.09149788042738796,0.3867580601532345,0.9221812202091881,-0.7729949150001408,0.6344122172404351,0
-0.284738737195488,3,-0.6080302678557142,1.2108522152413734,3,1970-01-01 00:00:00.000000000,-0.7073431955921079,-0.1677222234420293,-1.1926468496775695,0.0031062737691674,0.4131903657592461,2,2,1.489776318940541,0.6945792923824773,-0.877342307464742,0.7912712546681792,0.5982351887455776,0,2,2,1.661324772583615,1.0264671092118858,-0.8798826901281196,0.0,-0.9843477128382041,-0.6123724356957944,-1.2776422001879264,0.10486183734821526,-0.2660876570412127,-1.1913732075929888,-0.7094739355552899,-0.3102002883934836,-1.9144185071813014,0.09149788042738796,0.4213503732625737,0.906897934142255,-0.7729949150001408,0.6344122172404351,0
-0.2821144170370042,3,-1.3355941346317548,-0.0953491181251384,0,1970-01-01 00:00:00.000000000,-0.7067088582340592,-1.404044879796512,0.6583747159595755,0.662080066228248,-0.8889511688981327,3,0,-1.4590670664423162,-0.2422909755392192,1.425738880901111,-1.3674381554709338,-0.2666831564287514,2,1,57,-1.661324772583615,1.146841716901979,-0.8798826901281196,0.0,-0.4783745894166973,-0.6123724356957944,-0.1619180240878234,-1.2789863881393497,-1.1921288698046946,-0.2655301134847581,-1.5422586366344997,-0.5195413280884568,-0.42051466321152303,0.09149788042738796,-0.4213503732625737,0.906897934142255,-0.4163144622372215,0.9092206929740068,0
-0.2794900968785204,2,1.2351315279769222,-0.1161927564235402,0,1970-01-01 00:00:00.000000000,-0.7066882628652914,0.3359647847023895,-0.267136066858997,1.3210538586873286,1.4363015715614724,2,3,0.3268521669585693,-0.1837365837941131,0.9484163548149236,0.1841342330665536,-0.699142329015916,0,0,15,-1.516861748880692,1.146841716901979,-0.8798826901281196,0.0,-0.4783745894166973,-0.6123724356957944,-1.3669001342759346,-0.16297975468163606,0.6599535557222693,-1.1913732075929888,-0.6337662354571799,0.0038112711489760626,-0.42051466321152303,0.09149788042738796,-0.3867580601532345,0.9221812202091881,-0.4163144622372215,0.9092206929740068,0
-0.2768657767200367,2,0.5075676612008815,-1.1027916358812249,1,1970-01-01 00:00:00.000000000,-0.706710917770936,1.0228107048993242,-1.1926468496775695,-1.6077185522419186,1.3432914619430882,2,6,-1.1268030230188957,-0.1251821920490071,-0.4477520339871735,0.1166745639997063,0.165776016158413,1,2,51,-1.372398725177769,1.146841716901979,-0.8798826901281196,0.0,-0.4783745894166973,-0.6123724356957944,0.3290006133962219,-1.3682669188159668,-0.2660876570412127,0.6603129806234728,-0.028104634672300097,0.736504910081382,-0.42051466321152303,0.09149788042738796,-0.35161260297471486,0.9361455962772808,-0.4163144622372215,0.9092206929740068,0
-0.2742414565615529,2,-1.1900813612765468,0.3354194067084984,4,1970-01-01 00:00:00.000000000,-0.7061692595723424,-1.358255151783383,0.6583747159595755,-0.948744759782838,0.2271701465224777,0,0,0.8667812375216276,0.6945792923824773,-1.020539065290598,1.26348893813611,-0.699142329015916,0,2,17,-1.227935701474846,1.146841716901979,-0.8798826901281196,0.0,-0.4783745894166973,-0.6123724356957944,0.9984351190562837,0.328063164039758,-1.1921288698046946,-0.2655301134847581,-0.028104634672300097,0.736504910081382,-0.42051466321152303,0.09149788042738796,-0.3159642670044579,0.9487710903986987,-0.4163144622372215,0.9092206929740068,0
-0.2716171364030691,1,0.0225250833501877,1.335914045031784,4,1970-01-01 00:00:00.000000000,-0.7062907722480726,1.0686004329124532,-1.1926468496775695,-1.461279931695456,-1.912062374700359,1,1,-1.2929350447306058,0.6360249006373713,-0.0181617605096052,-1.6372768317383228,-1.1316015016030805,2,1,68,-1.0834726777719228,1.146841716901979,-0.8798826901281196,0.0,-0.4783745894166973,-0.6123724356957944,-1.3222711672319305,0.9976671441143863,0.6599535557222693,-1.1913732075929888,0.4261415659163598,1.0505164696238416,-0.42051466321152303,0.09149788042738796,-0.27986403674065413,0.9600396455038853,-0.4163144622372215,0.9092206929740068,0
-0.2689928162445854,2,-1.1900813612765468,0.8843018818997456,3,1970-01-01 00:00:00.000000000,-0.7057429354388486,-1.5872037918490278,-0.267136066858997,0.8085186867747104,0.8782409138511671,1,1,-0.8776049904513302,1.1630144263433255,1.5808687018791214,-1.5698171626714756,-0.699142329015916,0,0,67,-0.9390096540689998,1.146841716901979,-0.8798826901281196,0.0,-0.4783745894166973,-0.6123724356957944,1.0430640861002878,-1.3236266534776584,-1.1921288698046946,0.6603129806234728,-1.01230473594773,1.2598575093188147,-0.42051466321152303,0.09149788042738796,-0.24336354298385784,0.9699351452269085,-0.4163144622372215,0.9092206929740068,0
-0.2663684960861016,4,0.5075676612008815,0.0227648322324716,0,1970-01-01 00:00:00.000000000,-0.7055246245299098,0.2901750566892605,0.6583747159595755,0.2227642045888609,-0.9819612785165168,1,2,0.8252482320937001,0.6360249006373713,-0.3642205919220908,-0.5579221266687664,0.165776016158413,2,0,17,-0.7945466303660768,1.146841716901979,-0.8798826901281196,0.0,-0.4783745894166973,-0.6123724356957944,-1.5454160024519512,1.0423074094526947,-0.2660876570412127,-1.1913732075929888,-0.10381233477041008,1.0505164696238416,-0.42051466321152303,0.09149788042738796,-0.2065149889942563,0.9784434369551989,-0.4163144622372215,0.9092206929740068,0
-0.2637441759276179,0,-0.6080302678557142,1.1066340237493646,1,1970-01-01 00:00:00.000000000,-0.7052445275146675,-0.3966708635076743,0.6583747159595755,-1.388060621422225,0.0411499272857092,3,3,0.0776541343910038,0.7531336841275833,-0.5312834760522563,-1.70473650080517,1.4631535339199069,1,2,37,-0.6500836066631537,1.146841716901979,-0.8798826901281196,0.0,-0.4783745894166973,-0.6123724356957944,0.2843716463522178,-1.546827980169201,0.6599535557222693,-0.2655301134847581,-0.93659703584962,0.10848179099646262,-0.42051466321152303,0.09149788042738796,-0.16937107583020397,0.9855523520707153,-0.4163144622372215,0.9092206929740068,0
-0.2611198557691341,4,-1.1900813612765468,-0.9221467706284092,3,1970-01-01 00:00:00.000000000,-0.7055616961936918,0.4733339687417764,-1.1926468496775695,0.8817379970479415,0.4131903657592461,0,6,0.9498472483774828,-0.0666278003039011,-1.2353342020293825,1.1285696000024157,-1.1316015016030805,2,1,2,-0.5056205829602307,1.146841716901979,-0.8798826901281196,0.0,-0.4783745894166973,-0.6123724356957944,-0.385062859307844,0.28342289870144943,0.6599535557222693,0.6603129806234728,0.19901846562202985,-1.0428939273258895,-0.42051466321152303,0.09149788042738796,-0.1319849269748023,0.9912517233535869,-0.4163144622372215,0.9092206929740068,0
-0.2584955356106503,4,-0.6080302678557142,0.0783478676948764,4,1970-01-01 00:00:00.000000000,-0.7052445275146675,-0.2593016794682873,-1.1926468496775695,-1.6077185522419186,0.2271701465224777,0,3,0.7421822212378449,0.9287968593629016,0.638156712858902,-0.3555431194682246,1.0306943613327422,1,1,24,-0.36115755925730764,1.146841716901979,-0.8798826901281196,0.0,-0.4783745894166973,-0.6123724356957944,0.46288751452823423,-0.3861810813731788,-1.1921288698046946,0.6603129806234728,-0.10381233477041008,-1.0428939273258895,-0.42051466321152303,0.09149788042738796,-0.09441001235832401,0.9955333995233415,-0.4163144622372215,0.9092206929740068,0
-0.2558712154521666,2,-0.6080302678557142,-1.0750001181500224,0,1970-01-01 00:00:00.000000000,-0.7047193456110882,0.5649134247680344,-0.267136066858997,0.0031062737691674,0.7852308042327829,2,4,0.6175832049540623,-0.7692805012451734,0.6142905865545927,0.7912712546681792,0.165776016158413,1,2,-2,-0.21669453555438456,1.146841716901979,-0.8798826901281196,0.0,-0.4783745894166973,-0.6123724356957944,-0.25117595817583166,0.4619839600546837,-1.1921288698046946,-1.1913732075929888,0.4261415659163598,-1.0428939273258895,-1.9144185071813014,-1.5604775497547658,-0.056700071885147196,0.9983912568969238,-0.4163144622372215,0.9092206929740068,0
-0.2532468952936828,0,0.0225250833501877,-1.1861661890748318,1,1970-01-01 00:00:00.000000000,-0.7044680821121209,-0.2593016794682873,-0.267136066858997,-0.6558675186899132,-1.6330320458452063,0,5,1.863573367791889,0.9287968593629016,-0.1971577077919253,-0.0182447741339881,1.0306943613327422,1,0,-3,-0.07223151185146152,1.146841716901979,-0.8798826901281196,0.0,-0.4783745894166973,-0.6123724356957944,0.5521454486162425,-0.2522602853582531,-0.2660876570412127,-1.1913732075929888,0.04760306542580989,-1.0428939273258895,-0.42051466321152303,0.09149788042738796,-0.01890903857456981,0.9998212081468293,-0.4163144622372215,0.9092206929740068,0
-0.2506225751351991,0,0.5075676612008815,0.960728555660552,2,1970-01-01 00:00:00.000000000,-0.7042250567606606,-0.6714092315864482,-1.1926468496775695,0.0031062737691674,-1.0749713881349012,2,3,-1.0022040067351128,0.9287968593629016,-0.0897601394225332,0.8587309237350265,0.5982351887455776,1,2,66,0.07223151185146152,1.146841716901979,-0.8798826901281196,0.0,-0.4783745894166973,-0.6123724356957944,-0.25117595817583166,0.5512644907313008,-0.2660876570412127,-0.2655301134847581,-0.17952003486852006,-0.6242118479359433,-0.42051466321152303,0.09149788042738796,0.01890903857456981,0.9998212081468293,-0.4163144622372215,0.9092206929740068,0
-0.2479982549767153,0,-0.6080302678557142,-1.477977125252457,0,1970-01-01 00:00:00.000000000,-0.7044742607227512,1.709656625096259,-1.1926468496775695,0.0031062737691674,-0.6099208400429801,0,6,1.2821112918009034,-0.0666278003039011,1.5928017650312762,-0.96268014106985,0.165776016158413,1,0,-6,0.21669453555438456,1.146841716901979,-0.8798826901281196,0.0,-0.4783745894166973,-0.6123724356957944,-0.6528366615718687,-0.2522602853582531,-1.1921288698046946,-0.2655301134847581,0.4261415659163598,0.8411754299288685,-0.42051466321152303,0.09149788042738796,0.056700071885147196,0.9983912568969238,-0.4163144622372215,0.9092206929740068,0
-0.2453739348182315,1,0.5075676612008815,-0.4913782457947724,1,1970-01-01 00:00:00.000000000,-0.7043053786988551,1.5264977130437432,-0.267136066858997,-0.6558675186899132,0.6922206946143987,2,3,0.9913802538054104,-0.4179541507745373,0.7336212180761394,1.5333276144034993,-0.699142329015916,0,1,-5,0.36115755925730764,1.146841716901979,-0.8798826901281196,0.0,-0.4783745894166973,-0.6123724356957944,1.6678696247163454,-0.6540226734030301,-1.1921288698046946,-1.1913732075929888,1.4103416671917897,0.945845949776355,-1.9144185071813014,-1.5604775497547658,0.09441001235832401,0.9955333995233415,-0.4163144622372215,0.9092206929740068,0
-0.2427496146597478,2,0.5075676612008815,0.4604812364989092,3,1970-01-01 00:00:00.000000000,-0.7038708164178542,0.2901750566892605,1.583885498778148,-1.754157172788381,-0.0518601823326749,3,6,2.860365498062152,0.9873512511080076,-1.3307987072466196,0.8587309237350265,-1.1316015016030805,1,2,-26,0.5056205829602307,1.146841716901979,-0.8798826901281196,0.0,-0.4783745894166973,-0.6123724356957944,1.489353756540329,1.6672711241890146,-0.2660876570412127,-1.1913732075929888,1.9402955678785594,-0.3102002883934836,-0.42051466321152303,0.09149788042738796,0.1319849269748023,0.9912517233535869,-0.4163144622372215,0.9092206929740068,0
-0.240125294501264,0,-1.1900813612765468,1.05105098828696,2,1970-01-01 00:00:00.000000000,-0.7034135992312086,0.8396517928468084,-0.267136066858997,-1.3148413111489938,-0.7029309496613644,0,1,0.9498472483774828,-1.1206068517158096,-0.20909077094408,-0.22062378133453,-1.564060674190245,0,2,-16,0.6500836066631537,1.146841716901979,-0.8798826901281196,0.0,-0.4783745894166973,-0.6123724356957944,0.2843716463522178,1.4887100628357803,1.5859947684857512,-0.2655301134847581,1.4860493672898996,-0.6242118479359433,-0.42051466321152303,0.09149788042738796,0.16937107583020397,0.9855523520707153,-0.4163144622372215,0.9092206929740068,0
-0.2375009743427802,1,0.0225250833501877,0.6967091372141294,1,1970-01-01 00:00:00.000000000,-0.7034918616325263,1.1143901609255822,0.6583747159595755,-0.4362095878702197,1.5293116811798566,1,5,-1.0437370121630405,-0.8278348929902795,1.7240654597049776,1.3309486072029573,0.165776016158413,0,2,37,0.7945466303660768,1.146841716901979,-0.8798826901281196,0.0,-0.4783745894166973,-0.6123724356957944,0.8199192508802672,0.28342289870144943,-0.2660876570412127,1.5861560747317036,1.2589262669955696,-1.1475644471733761,1.0733891807582552,0.09149788042738796,0.2065149889942563,0.9784434369551989,-0.4163144622372215,0.9092206929740068,0
-0.2348766541842965,3,-0.6080302678557142,1.3428619244645847,1,1970-01-01 00:00:00.000000000,-0.7030264062983738,-0.4882503195339322,1.583885498778148,-0.8023061392363756,-0.5169107304245959,2,3,0.9083142429495552,0.4603617254020531,1.199010681010172,-0.22062378133453,-1.1316015016030805,0,0,12,0.9390096540689998,1.146841716901979,-0.8798826901281196,0.0,-0.4783745894166973,-0.6123724356957944,1.0876930531442919,0.819106082761152,0.6599535557222693,-0.2655301134847581,0.8046800664069097,-0.20552976854599705,1.0733891807582552,0.09149788042738796,0.24336354298385784,0.9699351452269085,-0.4163144622372215,0.9092206929740068,0
-0.2322523340258127,3,-1.3355941346317548,-0.4566388486307694,4,1970-01-01 00:00:00.000000000,-0.7028492861269705,0.0154366886104866,-1.1926468496775695,-1.6077185522419186,-0.3308905111878275,0,3,-1.1268030230188957,-1.4133788104413398,-1.4978615913767852,-0.4230027885350718,0.165776016158413,2,0,29,1.0834726777719228,1.146841716901979,-0.8798826901281196,0.0,-0.4783745894166973,-0.6123724356957944,-0.47432079339585226,1.0869476747910034,1.5859947684857512,0.6603129806234728,0.04760306542580989,0.0038112711489760626,-0.42051466321152303,0.09149788042738796,0.27986403674065413,0.9600396455038853,-0.4163144622372215,0.9092206929740068,0
-0.229628013867329,1,-2.887730383753975,-0.720658267077192,0,1970-01-01 00:00:00.000000000,-0.7028204526106956,1.1601798889387114,1.583885498778148,-0.8755254495096068,1.0642611330879357,0,3,1.2405782863729755,-1.0034980682255976,1.2706090599231,-1.2325188173372392,-1.564060674190245,2,1,-21,1.227935701474846,1.146841716901979,-0.8798826901281196,0.0,-0.4783745894166973,-0.6123724356957944,0.01659784408819306,-0.4754616120497959,-1.1921288698046946,1.5861560747317036,0.04760306542580989,0.0038112711489760626,1.0733891807582552,1.7434733106095417,0.3159642670044579,0.9487710903986987,-0.4163144622372215,0.9092206929740068,0
-0.2270036937088452,1,0.7985932079112977,-0.3385248982731593,4,1970-01-01 00:00:00.000000000,-0.6868096129305954,-1.5872037918490278,-0.267136066858997,1.028176617594404,-0.9819612785165168,2,6,1.115979270089193,0.0504809831863109,1.557002575574812,0.1841342330665536,-0.2666831564287514,1,0,0,1.372398725177769,1.146841716901979,-0.8798826901281196,0.0,-0.4783745894166973,-0.6123724356957944,1.132322020188296,0.015581306671598155,1.5859947684857512,-1.1913732075929888,0.04760306542580989,0.0038112711489760626,-0.42051466321152303,1.7434733106095417,0.35161260297471486,0.9361455962772808,-0.4163144622372215,0.9092206929740068,0
-0.2243793735503615,2,-1.1900813612765468,-0.3941079337355641,2,1970-01-01 00:00:00.000000000,-0.6865851234110263,0.8396517928468084,-0.267136066858997,-0.5094288981434508,0.6922206946143987,0,3,1.323644297228831,-0.5350629342647494,-0.7818778022475046,-0.8952204720030028,0.165776016158413,0,0,-15,1.516861748880692,1.146841716901979,-0.8798826901281196,0.0,-0.4783745894166973,-0.6123724356957944,-1.5454160024519512,1.1315879401293119,-0.2660876570412127,1.5861560747317036,0.27472616572013986,1.2598575093188147,1.0733891807582552,0.09149788042738796,0.3867580601532345,0.9221812202091881,-0.4163144622372215,0.9092206929740068,0
-0.2217550533918777,2,1.2351315279769222,-0.171775791885945,1,1970-01-01 00:00:00.000000000,-0.6865851234110263,0.0154366886104866,-1.1926468496775695,-0.3629902775969885,-0.7029309496613644,1,1,-0.794538979595475,0.5774705088922653,-1.092137444203526,0.049214894932859,-0.699142329015916,2,2,55,1.661324772583615,1.146841716901979,-0.8798826901281196,0.0,-0.4783745894166973,-0.6123724356957944,0.8199192508802672,-1.546827980169201,-0.2660876570412127,-0.2655301134847581,0.04760306542580989,0.0038112711489760626,-1.9144185071813014,0.09149788042738796,0.4213503732625737,0.906897934142255,-0.4163144622372215,0.9092206929740068,0
-0.2191307332333939,3,0.5075676612008815,-0.5469612812571771,4,1970-01-01 00:00:00.000000000,-0.68611554900312,0.0154366886104866,-2.118157632496142,-0.948744759782838,-0.2378804015694433,2,1,-0.0054118764648512,0.3432529419118411,-1.1637358231164543,0.52143257840079,0.5982351887455776,0,1,32,-1.661324772583615,1.2672163245920722,-0.8798826901281196,0.0,0.02759853400480953,-0.6123724356957944,0.01659784408819306,0.819106082761152,-1.1921288698046946,-0.2655301134847581,0.04760306542580989,0.0038112711489760626,-1.9144185071813014,0.09149788042738796,-0.4213503732625737,0.906897934142255,0.02476985258885596,0.9996931801321475,0
-0.2165064130749102,0,0.5075676612008815,-0.567804919555579,0,1970-01-01 00:00:00.000000000,-0.6863194431539215,-1.5872037918490278,-1.1926468496775695,0.0031062737691674,-1.5400219362268222,2,2,-0.4207419307441269,1.1044600345982196,-0.7818778022475046,-1.0301398101366974,-0.2666831564287514,2,1,55,-1.516861748880692,1.2672163245920722,-0.8798826901281196,0.0,0.02759853400480953,-0.6123724356957944,0.01659784408819306,0.015581306671598155,-2.1181700825681764,-1.1913732075929888,0.04760306542580989,0.0038112711489760626,-1.9144185071813014,-1.5604775497547658,-0.3867580601532345,0.9221812202091881,0.02476985258885596,0.9996931801321475,0
-0.2138820929164264,3,0.5075676612008815,1.308122527300582,2,1970-01-01 00:00:00.000000000,-0.6857242369965315,1.2975490729780983,-0.267136066858997,1.1746152381408663,-0.2378804015694433,2,2,1.5728423297963965,-0.4765085425196433,0.232432565685643,0.993650261868721,1.0306943613327422,0,2,-20,-1.372398725177769,1.2672163245920722,-0.8798826901281196,0.0,0.02759853400480953,-0.6123724356957944,-1.5454160024519512,0.015581306671598155,-1.1921288698046946,-2.1172163017012195,0.04760306542580989,0.0038112711489760626,-1.9144185071813014,0.09149788042738796,-0.35161260297471486,0.9361455962772808,0.02476985258885596,0.9996931801321475,0
-0.2112577727579427,0,1.2351315279769222,-1.596091075610067,3,1970-01-01 00:00:00.000000000,-0.6857057011646405,1.3891285290043562,0.6583747159595755,-0.1433323467772949,-0.4239006208062117,2,6,-1.2929350447306058,0.284698550166735,-0.8057439285518139,0.1841342330665536,-1.1316015016030805,2,0,62,-1.227935701474846,1.2672163245920722,-0.8798826901281196,0.0,0.02759853400480953,-0.6123724356957944,1.2662089213203085,-1.546827980169201,-0.2660876570412127,-1.1913732075929888,0.5775569661125798,1.7832101085562475,-0.42051466321152303,0.09149788042738796,-0.3159642670044579,0.9487710903986987,0.02476985258885596,0.9996931801321475,0
-0.2086334525994589,0,-1.1900813612765468,0.3701588038725014,4,1970-01-01 00:00:00.000000000,-0.6855677121938961,0.9312312488730664,0.6583747159595755,-0.8023061392363756,-1.1679814977532854,2,6,-0.6284069578837648,-0.8278348929902795,-0.4835512234436376,-0.8952204720030028,0.165776016158413,1,0,27,-1.0834726777719228,1.2672163245920722,-0.8798826901281196,0.0,0.02759853400480953,-0.6123724356957944,1.3554668554083167,1.2655087361442376,0.6599535557222693,-0.2655301134847581,2.0160032679766693,-1.5662465265633223,1.0733891807582552,-1.5604775497547658,-0.27986403674065413,0.9600396455038853,0.02476985258885596,0.9996931801321475,0
-0.2060091324409751,2,1.2351315279769222,-1.0680522387172218,2,1970-01-01 00:00:00.000000000,-0.6853061510105449,-1.312465423770254,-0.267136066858997,1.6139310997802534,1.1572712427063196,1,1,-1.5006000718702437,-1.2377156352060217,1.44960500720542,0.4539729093339427,-0.699142329015916,1,2,41,-0.9390096540689998,1.2672163245920722,-0.8798826901281196,0.0,0.02759853400480953,-0.6123724356957944,0.9091771849682755,1.3547892668208548,0.6599535557222693,0.6603129806234728,0.5775569661125798,1.1551869894713283,1.0733891807582552,0.09149788042738796,-0.24336354298385784,0.9699351452269085,0.02476985258885596,0.9996931801321475,0
-0.2033848122824914,4,0.5075676612008815,0.5646994279909181,3,1970-01-01 00:00:00.000000000,-0.6850754828803454,1.4807079850306142,-0.267136066858997,-0.3629902775969885,-1.1679814977532854,2,2,-1.376001055586461,-0.3008453672843252,1.2706090599231,1.1960292690692629,-0.2666831564287514,1,2,54,-0.7945466303660768,1.2672163245920722,-0.8798826901281196,0.0,0.02759853400480953,-0.6123724356957944,-1.2776422001879264,0.9083866134377692,-0.2660876570412127,0.6603129806234728,0.6532646662106898,1.2598575093188147,-0.42051466321152303,0.09149788042738796,-0.2065149889942563,0.9784434369551989,0.02476985258885596,0.9996931801321475,0
-0.2007604921240076,4,0.0225250833501877,-1.3946025720588495,4,1970-01-01 00:00:00.000000000,-0.684710944853155,-0.0303530394026423,-0.267136066858997,-0.8755254495096068,1.4363015715614724,1,3,-1.4590670664423162,-0.8863892847353856,0.0415035552511681,0.049214894932859,0.5982351887455776,0,0,46,-0.6500836066631537,1.2672163245920722,-0.8798826901281196,0.0,0.02759853400480953,-0.6123724356957944,1.4447247894963249,-1.2789863881393497,-0.2660876570412127,-0.2655301134847581,0.12331076552391987,1.0505164696238416,-0.42051466321152303,-1.5604775497547658,-0.16937107583020397,0.9855523520707153,0.02476985258885596,0.9996931801321475,0
-0.1981361719655238,1,0.8470974656963671,1.1135819031821652,2,1970-01-01 00:00:00.000000000,-0.6848757078032975,1.1143901609255822,0.6583747159595755,-1.021964070056069,0.0411499272857092,1,3,1.1575122755171203,0.5774705088922653,-0.5312834760522563,1.398408276269805,0.5982351887455776,1,1,8,-0.5056205829602307,1.2672163245920722,-0.8798826901281196,0.0,0.02759853400480953,-0.6123724356957944,-0.028031122955811057,1.4440697974974717,-0.2660876570412127,-0.2655301134847581,1.4103416671917897,-0.3102002883934836,-0.42051466321152303,0.09149788042738796,-0.1319849269748023,0.9912517233535869,0.02476985258885596,0.9996931801321475,0
-0.1955118518070401,2,-1.1900813612765468,-0.2273588273483497,2,1970-01-01 00:00:00.000000000,-0.6848777673401744,0.1985956006630025,0.6583747159595755,-1.5344992419686874,0.6922206946143987,1,6,-1.2929350447306058,-1.2377156352060217,0.0295704920990134,-0.692841464802461,-0.2666831564287514,1,2,36,-0.36115755925730764,1.2672163245920722,-0.8798826901281196,0.0,0.02759853400480953,-0.6123724356957944,1.0876930531442919,-0.029058958666710395,0.6599535557222693,-0.2655301134847581,0.7289723663087997,-0.7288823677834299,1.0733891807582552,0.09149788042738796,-0.09441001235832401,0.9955333995233415,0.02476985258885596,0.9996931801321475,0
-0.1928875316485563,0,1.2351315279769222,-0.0953491181251384,4,1970-01-01 00:00:00.000000000,-0.6845400032923821,0.1528058726498735,-0.267136066858997,-1.0951833803293003,-0.7959410592797486,2,5,0.9498472483774828,0.5189161171471592,-0.7580116759431952,-0.3555431194682246,1.4631535339199069,2,0,12,-0.21669453555438456,1.2672163245920722,-0.8798826901281196,0.0,0.02759853400480953,-0.6123724356957944,0.19511371226420954,1.0869476747910034,0.6599535557222693,0.6603129806234728,0.8046800664069097,-0.8335528876309164,1.0733891807582552,0.09149788042738796,-0.056700071885147196,0.9983912568969238,0.02476985258885596,0.9996931801321475,0
-0.1902632114900726,4,0.0225250833501877,0.7453442932437336,2,1970-01-01 00:00:00.000000000,-0.684041595368201,-0.2593016794682873,0.6583747159595755,-0.4362095878702197,-0.2378804015694433,1,1,-0.6699399633116924,-0.9449436764804916,-1.4501293387681664,0.049214894932859,-0.699142329015916,2,2,26,-0.07223151185146152,1.2672163245920722,-0.8798826901281196,0.0,0.02759853400480953,-0.6123724356957944,0.1504847452202054,0.19414236802483237,-0.2660876570412127,0.6603129806234728,0.12331076552391987,-1.4615760067158357,1.0733891807582552,0.09149788042738796,-0.01890903857456981,0.9998212081468293,0.02476985258885596,0.9996931801321475,0
-0.1876388913315888,0,-0.6080302678557142,0.2242533357836889,1,1970-01-01 00:00:00.000000000,-0.6841136791588883,1.3433388009912273,-1.1926468496775695,-0.1433323467772949,0.8782409138511671,2,1,0.5760501995261347,-0.6521717177549614,-0.5909487918130297,0.4539729093339427,0.5982351887455776,2,1,1,0.07223151185146152,1.2672163245920722,-0.8798826901281196,0.0,0.02759853400480953,-0.6123724356957944,-0.25117595817583166,0.1495021026865238,0.6599535557222693,-0.2655301134847581,0.7289723663087997,-0.20552976854599705,-0.42051466321152303,0.09149788042738796,0.01890903857456981,0.9998212081468293,0.02476985258885596,0.9996931801321475,0
-0.185014571173105,4,0.5075676612008815,1.3845492010613885,4,1970-01-01 00:00:00.000000000,-0.6836193903084608,0.0154366886104866,1.583885498778148,-0.2897709673237573,0.7852308042327829,1,6,-0.1715438981765615,-0.7692805012451734,1.2109437441623263,-1.2999784864040864,0.165776016158413,1,1,17,0.21669453555438456,1.2672163245920722,-0.8798826901281196,0.0,0.02759853400480953,-0.6123724356957944,1.3108378883643126,-0.2522602853582531,-1.1921288698046946,0.6603129806234728,0.04760306542580989,0.0038112711489760626,1.0733891807582552,0.09149788042738796,0.056700071885147196,0.9983912568969238,0.02476985258885596,0.9996931801321475,0
-0.1823902510146213,4,-1.1900813612765468,0.2520448535148913,2,1970-01-01 00:00:00.000000000,-0.6832013043224741,0.1070161446367446,-0.267136066858997,0.0031062737691674,-1.0749713881349012,2,6,0.0776541343910038,0.0504809831863109,0.4830268918808912,-0.8277608029361555,-0.2666831564287514,2,0,25,0.36115755925730764,1.2672163245920722,-0.8798826901281196,0.0,0.02759853400480953,-0.6123724356957944,0.01659784408819306,1.310149001482546,1.5859947684857512,-1.1913732075929888,0.04760306542580989,0.0038112711489760626,-0.42051466321152303,0.09149788042738796,0.09441001235832401,0.9955333995233415,0.02476985258885596,0.9996931801321475,0
-0.1797659308561375,4,0.5075676612008815,0.0575042293964746,3,1970-01-01 00:00:00.000000000,-0.6830880297942511,-0.8545681436389642,-0.267136066858997,0.0031062737691674,-1.447011826608438,0,6,1.5728423297963965,0.8116880758726893,-1.68879060181126,0.4539729093339427,0.165776016158413,2,1,2,0.5056205829602307,1.2672163245920722,-0.8798826901281196,0.0,0.02759853400480953,-0.6123724356957944,0.1058557781762013,0.015581306671598155,-0.2660876570412127,1.5861560747317036,0.04760306542580989,0.0038112711489760626,1.0733891807582552,0.09149788042738796,0.1319849269748023,0.9912517233535869,0.02476985258885596,0.9996931801321475,0
-0.1771416106976538,2,0.5075676612008815,0.4674291159317097,3,1970-01-01 00:00:00.000000000,-0.6828182304633927,-0.0761427674157713,0.6583747159595755,0.0031062737691674,-1.2609916073716696,0,3,-0.7530059741675474,-0.2422909755392192,1.1512784284015531,0.1166745639997063,0.165776016158413,1,2,40,0.6500836066631537,1.2672163245920722,-0.8798826901281196,0.0,0.02759853400480953,-0.6123724356957944,-0.8313525297478852,0.10486183734821526,-0.2660876570412127,-0.2655301134847581,-0.40664313516285,-0.9382234074784029,-0.42051466321152303,-1.5604775497547658,0.16937107583020397,0.9855523520707153,0.02476985258885596,0.9996931801321475,0
-0.17451729053917,3,-0.6080302678557142,-0.2412545862139509,1,1970-01-01 00:00:00.000000000,-0.6830221246141941,1.4807079850306142,0.6583747159595755,-0.582648208416682,-1.2609916073716696,1,3,-0.71147296873962,1.5728951685590675,-0.7102794233345765,-0.22062378133453,-1.564060674190245,2,1,70,0.7945466303660768,1.2672163245920722,-0.8798826901281196,0.0,0.02759853400480953,-0.6123724356957944,-0.07266008999981517,-0.8325837347562643,0.6599535557222693,-0.2655301134847581,0.3504338658182498,0.6318343902338954,1.0733891807582552,0.09149788042738796,0.2065149889942563,0.9784434369551989,0.02476985258885596,0.9996931801321475,0
-0.1718929703806863,0,-0.6080302678557142,0.5438557896925164,4,1970-01-01 00:00:00.000000000,-0.6824578115099559,0.0154366886104866,0.6583747159595755,-0.5094288981434508,0.8782409138511671,3,5,-0.0469448818927788,-0.4765085425196433,-1.1637358231164543,-0.2880834504013773,1.4631535339199069,0,0,19,0.9390096540689998,1.2672163245920722,-0.8798826901281196,0.0,0.02759853400480953,-0.6123724356957944,1.4447247894963249,-0.07369922400501895,0.6599535557222693,0.6603129806234728,0.04760306542580989,0.0038112711489760626,1.0733891807582552,-1.5604775497547658,0.24336354298385784,0.9699351452269085,0.02476985258885596,0.9996931801321475,0
-0.1692686502222025,2,0.0225250833501877,-0.7137103876443914,2,1970-01-01 00:00:00.000000000,-0.6821983098634814,-0.3050914074814163,-1.1926468496775695,-1.461279931695456,0.0411499272857092,3,1,0.6175832049540623,0.0504809831863109,1.0558139231843158,1.398408276269805,-0.699142329015916,2,2,12,1.0834726777719228,1.2672163245920722,-0.8798826901281196,0.0,0.02759853400480953,-0.6123724356957944,0.01659784408819306,1.4440697974974717,0.6599535557222693,0.6603129806234728,0.04760306542580989,0.0038112711489760626,-0.42051466321152303,0.09149788042738796,0.27986403674065413,0.9600396455038853,0.02476985258885596,0.9996931801321475,0
-0.1666443300637187,2,0.5075676612008815,0.2589927329476919,2,1970-01-01 00:00:00.000000000,-0.6825813837225628,1.1601798889387114,0.6583747159595755,-1.2416220008757626,1.4363015715614724,0,4,0.8252482320937001,1.2801232098335376,-0.0897601394225332,1.398408276269805,1.4631535339199069,0,1,28,1.227935701474846,1.2672163245920722,-0.8798826901281196,0.0,0.02759853400480953,-0.6123724356957944,-0.29580492521983576,0.015581306671598155,-1.1921288698046946,0.6603129806234728,0.04760306542580989,0.0038112711489760626,-0.42051466321152303,0.09149788042738796,0.3159642670044579,0.9487710903986987,0.02476985258885596,0.9996931801321475,0
-0.164020009905235,2,0.0225250833501877,-1.4501856075212545,3,1970-01-01 00:00:00.000000000,-0.6823980849405292,0.4733339687417764,0.6583747159595755,-1.5344992419686874,-0.9819612785165168,1,5,1.6559083406522517,0.4018073336569471,0.1369680604684056,0.1166745639997063,0.5982351887455776,2,1,-7,1.372398725177769,1.2672163245920722,-0.8798826901281196,0.0,0.02759853400480953,-0.6123724356957944,1.132322020188296,-0.2969005506965617,0.6599535557222693,-1.1913732075929888,0.7289723663087997,-0.41487080824097017,-0.42051466321152303,0.09149788042738796,0.35161260297471486,0.9361455962772808,0.02476985258885596,0.9996931801321475,0
-0.1613956897467512,2,0.5075676612008815,0.4604812364989092,1,1970-01-01 00:00:00.000000000,-0.6821880121790975,-0.6714092315864482,0.6583747159595755,-0.948744759782838,0.2271701465224777,1,5,0.5760501995261347,0.7531336841275833,0.4472277024244271,-0.22062378133453,-1.564060674190245,2,1,25,1.516861748880692,1.2672163245920722,-0.8798826901281196,0.0,0.02759853400480953,-0.6123724356957944,0.46288751452823423,1.1315879401293119,0.6599535557222693,0.6603129806234728,0.5018492660144698,0.0038112711489760626,1.0733891807582552,-1.5604775497547658,0.3867580601532345,0.9221812202091881,0.02476985258885596,0.9996931801321475,0
-0.1587713695882674,2,-0.6080302678557142,1.0371552294213586,3,1970-01-01 00:00:00.000000000,-0.68199441571268,-0.6256195035733192,-1.1926468496775695,0.5156414456817857,2.180382448508546,1,3,1.323644297228831,1.2215688180884317,0.6739559023153661,1.0611099309355685,0.165776016158413,0,0,15,1.661324772583615,1.2672163245920722,-0.8798826901281196,0.0,0.02759853400480953,-0.6123724356957944,-0.6528366615718687,0.4619839600546837,0.6599535557222693,0.6603129806234728,-0.40664313516285,-0.6242118479359433,-0.42051466321152303,0.09149788042738796,0.4213503732625737,0.906897934142255,0.02476985258885596,0.9996931801321475,0
-0.1561470494297837,1,0.5075676612008815,-1.5613516784460642,3,1970-01-01 00:00:00.000000000,-0.6655840258784843,-1.358255151783383,1.583885498778148,0.0031062737691674,0.3201802561408619,3,2,-1.832864115293664,0.167589766676523,0.7216881549239847,1.1285696000024157,-1.1316015016030805,1,0,73,-1.661324772583615,1.3875909322821653,-0.8798826901281196,0.0,0.5335716574263164,-0.6123724356957944,-0.6082076945278646,-0.6540226734030301,-1.1921288698046946,0.6603129806234728,-1.4665509365363898,-1.1475644471733761,-0.42051466321152303,0.09149788042738796,-0.4213503732625737,0.906897934142255,0.46083231155626464,0.887487228429632,0
-0.1535227292712999,0,-1.1900813612765468,-1.290384380566841,1,1970-01-01 00:00:00.000000000,-0.6653471791376544,-0.9919373276783512,-1.1926468496775695,-1.2416220008757626,0.5062004753776304,0,1,1.5313093243684688,-1.2962700269511278,-0.94894068637767,-0.22062378133453,1.4631535339199069,0,1,-33,-1.516861748880692,1.3875909322821653,-0.8798826901281196,0.0,0.5335716574263164,-0.6123724356957944,-1.3222711672319305,-0.6093824080647215,1.5859947684857512,-1.1913732075929888,-1.6179663367326098,-1.2522349670208626,-0.42051466321152303,1.7434733106095417,-0.3867580601532345,0.9221812202091881,0.46083231155626464,0.887487228429632,0
-0.1508984091128162,2,1.2351315279769222,-0.908251011762808,4,1970-01-01 00:00:00.000000000,-0.6655593114359629,0.1070161446367446,1.583885498778148,-1.6077185522419186,-1.447011826608438,1,3,-1.4590670664423162,0.0504809831863109,0.1131019341640962,-1.2999784864040864,-1.564060674190245,1,2,62,-1.372398725177769,1.3875909322821653,-0.8798826901281196,0.0,0.5335716574263164,-0.6123724356957944,-0.9652394308798976,-1.3236266534776584,-1.1921288698046946,1.5861560747317036,-1.1637201361439498,-0.3102002883934836,1.0733891807582552,1.7434733106095417,-0.35161260297471486,0.9361455962772808,0.46083231155626464,0.887487228429632,0
-0.1482740889543324,0,-0.6080302678557142,-1.6516741110724718,2,1970-01-01 00:00:00.000000000,-0.6654007270964508,-0.7629886876127061,-0.267136066858997,-1.6077185522419186,1.0642611330879357,0,4,-0.3792089253161994,-0.3008453672843252,0.2920978814464164,1.1285696000024157,-0.699142329015916,2,1,30,-1.227935701474846,1.3875909322821653,-0.8798826901281196,0.0,0.5335716574263164,-0.6123724356957944,0.1058557781762013,-0.9665045307711899,1.5859947684857512,-1.1913732075929888,-0.8608893357515099,-0.7288823677834299,-0.42051466321152303,1.7434733106095417,-0.3159642670044579,0.9487710903986987,0.46083231155626464,0.887487228429632,0
-0.1456497687958486,1,0.0225250833501877,1.162217059211769,4,1970-01-01 00:00:00.000000000,-0.6651391659130995,0.4275442407286475,-1.1926468496775695,-0.8023061392363756,-0.8889511688981327,0,1,-0.71147296873962,0.226144158421629,1.485404196661884,1.0611099309355685,-1.564060674190245,1,2,47,-1.0834726777719228,1.3875909322821653,-0.8798826901281196,0.0,0.5335716574263164,-0.6123724356957944,-0.742094595659877,0.10486183734821526,-0.2660876570412127,1.5861560747317036,-0.10381233477041008,-0.7288823677834299,-0.42051466321152303,1.7434733106095417,-0.27986403674065413,0.9600396455038853,0.46083231155626464,0.887487228429632,0
-0.1430254486373649,1,0.5075676612008815,1.1900085769429718,0,1970-01-01 00:00:00.000000000,-0.6647560920540181,0.1070161446367446,-1.1926468496775695,-0.948744759782838,0.9712510234695512,2,5,0.7006492158099173,0.8116880758726893,0.2562986919899523,-1.434897824537781,-0.699142329015916,1,2,23,-0.9390096540689998,1.3875909322821653,-0.8798826901281196,0.0,0.5335716574263164,-0.6123724356957944,0.41825854748423014,-0.7433032040796472,-1.1921288698046946,-0.2655301134847581,-0.10381233477041008,-0.7288823677834299,-1.9144185071813014,0.09149788042738796,-0.24336354298385784,0.9699351452269085,0.46083231155626464,0.887487228429632,0
-0.1404011284788811,0,-1.1900813612765468,-0.4218994514667664,0,1970-01-01 00:00:00.000000000,-0.6643318274574012,-1.0835167837046091,0.6583747159595755,0.2959835148620921,1.1572712427063196,3,6,-0.0884778873207064,0.5189161171471592,-0.543216539204411,-1.0301398101366974,1.4631535339199069,0,0,37,-0.7945466303660768,1.3875909322821653,-0.8798826901281196,0.0,0.5335716574263164,-0.6123724356957944,0.1058557781762013,0.4173436947163751,-1.1921288698046946,-1.1913732075929888,-0.25522773496663004,-0.3102002883934836,-1.9144185071813014,0.09149788042738796,-0.2065149889942563,0.9784434369551989,0.46083231155626464,0.887487228429632,0
-0.1377768083203974,4,0.0225250833501877,-1.596091075610067,0,1970-01-01 00:00:00.000000000,-0.6640929211796944,0.5649134247680344,-0.267136066858997,0.4424221354085545,-0.8889511688981327,0,1,-1.5006000718702437,-0.8278348929902795,0.1131019341640962,0.993650261868721,1.0306943613327422,1,1,48,-0.6500836066631537,1.3875909322821653,-0.8798826901281196,0.0,0.5335716574263164,-0.6123724356957944,-1.0544973649679057,0.10486183734821526,0.6599535557222693,-1.1913732075929888,-0.17952003486852006,-0.1008592486985105,-0.42051466321152303,0.09149788042738796,-0.16937107583020397,0.9855523520707153,0.46083231155626464,0.887487228429632,0
-0.1351524881619136,3,-1.1900813612765468,0.668917619482927,1,1970-01-01 00:00:00.000000000,-0.6640888021059409,-0.946147599665222,-1.1926468496775695,1.101395927867635,1.2502813523247038,2,1,-1.0437370121630405,-0.008073408558795,0.9961486074235424,-0.22062378133453,-1.564060674190245,1,0,51,-0.5056205829602307,1.3875909322821653,-0.8798826901281196,0.0,0.5335716574263164,-0.6123724356957944,0.5521454486162425,-1.055785061447807,-0.2660876570412127,0.6603129806234728,-0.7851816356533999,0.0038112711489760626,-0.42051466321152303,0.09149788042738796,-0.1319849269748023,0.9912517233535869,0.46083231155626464,0.887487228429632,0
-0.1325281680034299,4,0.0225250833501877,0.2937321301116949,3,1970-01-01 00:00:00.000000000,-0.6636315849192954,1.1143901609255822,-1.1926468496775695,-1.6809378625151497,0.3201802561408619,3,6,-1.5421330772981712,0.6360249006373713,0.9603494179670784,-0.6253817957356137,-0.699142329015916,0,1,74,-0.36115755925730764,1.3875909322821653,-0.8798826901281196,0.0,0.5335716574263164,-0.6123724356957944,-0.9206104638358934,0.5512644907313008,-1.1921288698046946,-0.2655301134847581,0.4261415659163598,0.4224933505389223,-1.9144185071813014,0.09149788042738796,-0.09441001235832401,0.9955333995233415,0.46083231155626464,0.887487228429632,0
-0.1299038478449461,4,0.0225250833501877,0.1130872648588794,4,1970-01-01 00:00:00.000000000,-0.6635327271492099,1.1601798889387114,0.6583747159595755,-1.2416220008757626,1.6223217907982408,1,4,-0.794538979595475,0.284698550166735,1.0916131126407798,-0.22062378133453,1.4631535339199069,1,2,50,-0.21669453555438456,1.3875909322821653,-0.8798826901281196,0.0,0.5335716574263164,-0.6123724356957944,1.0876930531442919,-0.9218642654328814,-1.1921288698046946,-1.1913732075929888,0.8046800664069097,0.6318343902338954,-0.42051466321152303,0.09149788042738796,-0.056700071885147196,0.9983912568969238,0.46083231155626464,0.887487228429632,0
-0.1272795276864623,4,-0.6080302678557142,-1.0611043592844212,2,1970-01-01 00:00:00.000000000,-0.6638478362913575,1.1143901609255822,-1.1926468496775695,0.1495448943156297,0.9712510234695512,1,4,-1.0437370121630405,0.0504809831863109,-1.7365228544198787,-0.4904624576019191,0.165776016158413,1,0,52,-0.07223151185146152,1.3875909322821653,-0.8798826901281196,0.0,0.5335716574263164,-0.6123724356957944,1.132322020188296,1.0869476747910034,0.6599535557222693,-1.1913732075929888,1.9402955678785594,-1.9849286059532685,-0.42051466321152303,0.09149788042738796,-0.01890903857456981,0.9998212081468293,0.46083231155626464,0.887487228429632,0
-0.1246552075279786,2,0.0225250833501877,-0.9638340472252128,0,1970-01-01 00:00:00.000000000,-0.6630528550569198,0.0154366886104866,0.6583747159595755,-0.948744759782838,-0.0518601823326749,2,1,-0.5868739524558372,1.2801232098335376,-0.2926222130091628,-0.6253817957356137,0.5982351887455776,0,0,62,0.07223151185146152,1.3875909322821653,-0.8798826901281196,0.0,0.5335716574263164,-0.6123724356957944,1.0876930531442919,1.1315879401293119,-1.1921288698046946,0.6603129806234728,1.2589262669955696,-0.6242118479359433,-0.42051466321152303,0.09149788042738796,0.01890903857456981,0.9998212081468293,0.46083231155626464,0.887487228429632,0
-0.1220308873694948,1,-1.1900813612765468,0.9468327967949508,4,1970-01-01 00:00:00.000000000,-0.6634482861372618,0.0154366886104866,-1.1926468496775695,-0.8023061392363756,0.0411499272857092,1,3,0.6175832049540623,0.8116880758726893,-0.6864132970302671,0.8587309237350265,-1.564060674190245,0,0,25,0.21669453555438456,1.3875909322821653,-0.8798826901281196,0.0,0.5335716574263164,-0.6123724356957944,0.01659784408819306,1.0869476747910034,0.6599535557222693,-1.1913732075929888,0.04760306542580989,0.0038112711489760626,-0.42051466321152303,0.09149788042738796,0.056700071885147196,0.9983912568969238,0.46083231155626464,0.887487228429632,0
-0.119406567211011,4,-0.6080302678557142,-0.3941079337355641,0,1970-01-01 00:00:00.000000000,-0.6626224118496724,-0.3508811354945452,-1.1926468496775695,1.39427316896056,0.2271701465224777,2,6,0.0776541343910038,-0.1251821920490071,-0.3045552761613174,0.9261905928018735,-0.2666831564287514,0,2,22,0.36115755925730764,1.3875909322821653,-0.8798826901281196,0.0,0.5335716574263164,-0.6123724356957944,0.01659784408819306,0.015581306671598155,-1.1921288698046946,0.6603129806234728,0.04760306542580989,0.0038112711489760626,-0.42051466321152303,0.09149788042738796,0.09441001235832401,0.9955333995233415,0.46083231155626464,0.887487228429632,0
-0.1167822470525273,1,-0.6080302678557142,0.050556349963674,0,1970-01-01 00:00:00.000000000,-0.6626306499971796,1.4807079850306142,-0.267136066858997,-1.3148413111489938,0.6922206946143987,2,2,0.8667812375216276,1.2215688180884317,1.7240654597049776,1.398408276269805,-1.1316015016030805,1,0,26,0.5056205829602307,1.3875909322821653,-0.8798826901281196,0.0,0.5335716574263164,-0.6123724356957944,-0.3404338922638399,0.015581306671598155,-1.1921288698046946,-1.1913732075929888,0.04760306542580989,0.0038112711489760626,-1.9144185071813014,-1.5604775497547658,0.1319849269748023,0.9912517233535869,0.46083231155626464,0.887487228429632,0
-0.1141579268940435,0,-1.1900813612765468,0.085295747127677,2,1970-01-01 00:00:00.000000000,-0.6628633776642558,0.0154366886104866,-1.1926468496775695,0.8817379970479415,-0.5169107304245959,1,1,-0.2130769036044891,-0.0666278003039011,-0.94894068637767,1.3309486072029573,1.0306943613327422,2,1,30,0.6500836066631537,1.3875909322821653,-0.8798826901281196,0.0,0.5335716574263164,-0.6123724356957944,1.4447247894963249,-0.34154081603487024,-0.2660876570412127,-1.1913732075929888,0.04760306542580989,0.0038112711489760626,-1.9144185071813014,-1.5604775497547658,0.16937107583020397,0.9855523520707153,0.46083231155626464,0.887487228429632,0
-0.1115336067355598,3,0.5075676612008815,-1.1583746713436296,1,1970-01-01 00:00:00.000000000,-0.6620148484710219,0.3359647847023895,-0.267136066858997,0.5156414456817857,-0.2378804015694433,3,6,1.5313093243684688,-1.2962700269511278,1.413805817748956,-0.4904624576019191,1.0306943613327422,0,1,-33,0.7945466303660768,1.3875909322821653,-0.8798826901281196,0.0,0.5335716574263164,-0.6123724356957944,0.01659784408819306,1.4440697974974717,-1.1921288698046946,-0.2655301134847581,0.04760306542580989,0.0038112711489760626,-0.42051466321152303,0.09149788042738796,0.2065149889942563,0.9784434369551989,0.46083231155626464,0.887487228429632,0
-0.108909286577076,0,-3.518285734959877,0.995467952824555,3,1970-01-01 00:00:00.000000000,-0.6621981472530554,-0.8545681436389642,-0.267136066858997,1.1746152381408663,-2.005072484318743,2,5,1.0744462646612656,1.2801232098335376,0.1011688710119415,-0.0857044432008354,0.5982351887455776,0,2,22,0.9390096540689998,1.3875909322821653,-0.8798826901281196,0.0,0.5335716574263164,-0.6123724356957944,0.3290006133962219,0.015581306671598155,-0.2660876570412127,-1.1913732075929888,0.04760306542580989,0.0038112711489760626,-0.42051466321152303,0.09149788042738796,0.24336354298385784,0.9699351452269085,0.46083231155626464,0.887487228429632,0
-0.1062849664185922,0,1.2351315279769222,1.5026631514189983,1,1970-01-01 00:00:00.000000000,-0.6615741075793906,0.1070161446367446,-0.267136066858997,0.5888607559550169,0.3201802561408619,3,2,0.7421822212378449,-0.8278348929902795,0.9364832916627688,0.52143257840079,0.5982351887455776,1,0,-6,1.0834726777719228,1.3875909322821653,-0.8798826901281196,0.0,0.5335716574263164,-0.6123724356957944,-0.8313525297478852,0.328063164039758,-0.2660876570412127,-0.2655301134847581,-0.25522773496663004,-0.6242118479359433,-0.42051466321152303,-1.5604775497547658,0.27986403674065413,0.9600396455038853,0.46083231155626464,0.887487228429632,0
-0.1036606462601085,2,2.253720941463379,-0.9360425294940103,4,1970-01-01 00:00:00.000000000,-0.6615823457268977,1.1143901609255822,-0.267136066858997,-1.388060621422225,0.8782409138511671,3,6,0.3268521669585693,0.5189161171471592,0.1608341867727149,1.1960292690692629,1.4631535339199069,2,1,27,1.227935701474846,1.3875909322821653,-0.8798826901281196,0.0,0.5335716574263164,-0.6123724356957944,0.1058557781762013,-0.8325837347562643,-0.2660876570412127,-0.2655301134847581,0.19901846562202985,0.21315231084394917,-0.42051466321152303,-1.5604775497547658,0.3159642670044579,0.9487710903986987,0.46083231155626464,0.887487228429632,0
-0.1010363261016247,3,-0.6080302678557142,-0.6025443167195819,1,1970-01-01 00:00:00.000000000,-0.6613825706498498,0.0612264166236156,0.6583747159595755,-0.948744759782838,-1.6330320458452063,2,3,1.0744462646612656,-0.1251821920490071,-1.7007236649634148,-0.7603011338693082,-0.2666831564287514,2,0,-2,1.372398725177769,1.3875909322821653,-0.8798826901281196,0.0,0.5335716574263164,-0.6123724356957944,1.0876930531442919,0.10486183734821526,-0.2660876570412127,-0.2655301134847581,0.7289723663087997,-0.7288823677834299,-0.42051466321152303,0.09149788042738796,0.35161260297471486,0.9361455962772808,0.46083231155626464,0.887487228429632,0
-0.098412005943141,0,1.2351315279769222,-1.116687394746826,4,1970-01-01 00:00:00.000000000,-0.6616152983169262,-1.312465423770254,-0.267136066858997,0.3692028251353233,-1.0749713881349012,3,1,1.614375335224324,0.5774705088922653,1.4376719440532653,-0.4230027885350718,1.4631535339199069,1,1,-3,1.516861748880692,1.3875909322821653,-0.8798826901281196,0.0,0.5335716574263164,-0.6123724356957944,0.06122681113219718,1.0869476747910034,0.6599535557222693,-0.2655301134847581,-0.028104634672300097,0.6318343902338954,-0.42051466321152303,-1.5604775497547658,0.3867580601532345,0.9221812202091881,0.46083231155626464,0.887487228429632,0
-0.0957876857846572,0,0.5075676612008815,-1.151426791910829,4,1970-01-01 00:00:00.000000000,-0.6451369437657967,-0.946147599665222,-0.267136066858997,-0.4362095878702197,0.0411499272857092,2,0,0.6591162103819899,-0.9449436764804916,0.602357523402438,0.3865132402670955,1.4631535339199069,0,2,-6,1.661324772583615,1.3875909322821653,-0.8798826901281196,0.0,0.5335716574263164,-0.6123724356957944,-1.2776422001879264,0.0602215720099067,-0.2660876570412127,0.6603129806234728,-1.1637201361439498,-0.41487080824097017,-0.42051466321152303,-1.5604775497547658,0.4213503732625737,0.906897934142255,0.46083231155626464,0.887487228429632,0
-0.0931633656261734,3,-1.1900813612765468,1.683308016671814,3,1970-01-01 00:00:00.000000000,-0.6452110870933608,-1.175096239730867,3.434907064415293,0.8085186867747104,0.6922206946143987,1,4,0.8252482320937001,-1.3548244186962335,1.7359985228571322,-1.1650591482703918,-1.564060674190245,1,1,-17,-1.661324772583615,1.5079655399722587,-0.8798826901281196,0.0,1.0395447808478233,1.6329931618554518,-0.9206104638358934,-1.2789863881393497,-0.2660876570412127,-0.2655301134847581,-1.9207971371250496,-1.670917046410809,2.5672930247280337,3.395448740791695,-0.4213503732625737,0.906897934142255,0.8034653310326239,0.5953515447436382,0
-0.0905390454676897,3,-0.462517494500506,1.5790898251798051,2,1970-01-01 00:00:00.000000000,-0.6448918588774597,-1.266675695757125,-1.1926468496775695,-1.2416220008757626,-0.7029309496613644,1,1,-0.1300108927486339,-0.9449436764804916,-0.0181617605096052,-0.1531641122676827,0.5982351887455776,2,1,13,-1.516861748880692,1.5079655399722587,-0.8798826901281196,0.0,1.0395447808478233,1.6329931618554518,-1.143755299055914,-0.9218642654328814,3.438077194012715,-0.2655301134847581,-1.8450894370269397,-1.7755875662582954,1.0733891807582552,3.395448740791695,-0.3867580601532345,0.9221812202091881,0.8034653310326239,0.5953515447436382,0
-0.0879147253092059,0,-1.1900813612765468,1.5096110308517992,3,1970-01-01 00:00:00.000000000,-0.6444902491864872,0.0612264166236156,-1.1926468496775695,0.0031062737691674,-1.447011826608438,1,6,-1.3344680501585335,1.1630144263433255,-0.1494254551833066,0.3865132402670955,-0.2666831564287514,0,1,78,-1.372398725177769,1.5079655399722587,-0.8798826901281196,0.0,1.0395447808478233,1.6329931618554518,-1.2330132331439223,-1.1450655921244242,-1.1921288698046946,3.4378422629481653,-1.3151355363401698,-0.41487080824097017,1.0733891807582552,3.395448740791695,-0.35161260297471486,0.9361455962772808,0.8034653310326239,0.5953515447436382,0
-0.0852904051507222,3,0.0225250833501877,0.1061393854260788,1,1970-01-01 00:00:00.000000000,-0.6443646174370036,-0.1677222234420293,-1.1926468496775695,0.0763255840423986,2.087372338890162,1,2,-0.4622749361720545,-0.008073408558795,1.7240654597049776,-0.6253817957356137,1.0306943613327422,2,2,37,-1.227935701474846,1.5079655399722587,-0.8798826901281196,0.0,1.0395447808478233,1.6329931618554518,0.06122681113219718,-1.2343461228010413,-1.1921288698046946,-1.1913732075929888,-0.7094739355552899,-0.5195413280884568,-1.9144185071813014,-1.5604775497547658,-0.3159642670044579,0.9487710903986987,0.8034653310326239,0.5953515447436382,0
-0.0826660849922384,0,-0.6080302678557142,-0.8040328202707991,4,1970-01-01 00:00:00.000000000,-0.644294593183193,0.1070161446367446,-0.267136066858997,0.0031062737691674,-1.447011826608438,1,2,-0.3792089253161994,1.1630144263433255,1.1512784284015531,-0.5579221266687664,0.5982351887455776,2,1,55,-1.0834726777719228,1.5079655399722587,-0.8798826901281196,0.0,1.0395447808478233,1.6329931618554518,-0.1619180240878234,0.0602215720099067,-1.1921288698046946,-1.1913732075929888,-0.028104634672300097,-1.7755875662582954,-0.42051466321152303,0.09149788042738796,-0.27986403674065413,0.9600396455038853,0.8034653310326239,0.5953515447436382,0
-0.0800417648337546,0,0.5075676612008815,1.683308016671814,0,1970-01-01 00:00:00.000000000,-0.6444984873339944,0.7480723368205504,0.6583747159595755,-0.948744759782838,-0.0518601823326749,3,6,0.9083142429495552,-0.1837365837941131,-0.7938108653996592,-0.692841464802461,1.0306943613327422,2,2,1,-0.9390096540689998,1.5079655399722587,-0.8798826901281196,0.0,1.0395447808478233,1.6329931618554518,0.1058557781762013,-0.16297975468163606,-0.2660876570412127,-1.1913732075929888,0.3504338658182498,-1.0428939273258895,-0.42051466321152303,0.09149788042738796,-0.24336354298385784,0.9699351452269085,0.8034653310326239,0.5953515447436382,0
-0.0774174446752709,2,-0.6080302678557142,1.030207349988558,0,1970-01-01 00:00:00.000000000,-0.6441792591180933,1.0686004329124532,-0.267136066858997,-1.5344992419686874,0.9712510234695512,3,4,-0.1300108927486339,-1.4133788104413398,0.1489011236205602,-0.4230027885350718,1.0306943613327422,2,2,5,-0.7945466303660768,1.5079655399722587,-0.8798826901281196,0.0,1.0395447808478233,1.6329931618554518,0.730661316792259,0.10486183734821526,0.6599535557222693,-0.2655301134847581,1.0318031667012397,-1.0428939273258895,-0.42051466321152303,-1.5604775497547658,-0.2065149889942563,0.9784434369551989,0.8034653310326239,0.5953515447436382,0
-0.0747931245167871,4,-0.6080302678557142,0.2728884918132931,4,1970-01-01 00:00:00.000000000,-0.643936233766633,1.66386689708313,0.6583747159595755,-0.3629902775969885,-0.0518601823326749,3,1,-0.5038079415999821,1.2801232098335376,-0.0181617605096052,-1.0975994792035446,0.165776016158413,0,1,60,-0.6500836066631537,1.5079655399722587,-0.8798826901281196,0.0,1.0395447808478233,1.6329931618554518,1.0430640861002878,0.7298255520845349,-0.2660876570412127,0.6603129806234728,1.9402955678785594,-1.0428939273258895,-0.42051466321152303,-1.5604775497547658,-0.16937107583020397,0.9855523520707153,0.8034653310326239,0.5953515447436382,0
-0.0721688043583034,0,-0.6080302678557142,1.6068813429110074,3,1970-01-01 00:00:00.000000000,-0.643314253629845,0.9312312488730664,-1.1926468496775695,0.8085186867747104,1.5293116811798566,0,2,-0.4207419307441269,-1.4133788104413398,1.378006628292492,0.4539729093339427,0.165776016158413,0,0,12,-0.5056205829602307,1.5079655399722587,-0.8798826901281196,0.0,1.0395447808478233,1.6329931618554518,1.6232406576723413,1.0423074094526947,0.6599535557222693,-0.2655301134847581,2.0160032679766693,-1.1475644471733761,-0.42051466321152303,0.09149788042738796,-0.1319849269748023,0.9912517233535869,0.8034653310326239,0.5953515447436382,0
-0.0695444841998196,1,-1.9176452280525875,-1.0750001181500224,2,1970-01-01 00:00:00.000000000,-0.6433245513142288,-1.129306511717738,-0.267136066858997,-1.461279931695456,0.5062004753776304,0,2,-0.5038079415999821,0.6360249006373713,0.0773027447076322,0.049214894932859,-1.564060674190245,0,1,49,-0.36115755925730764,1.5079655399722587,-0.8798826901281196,0.0,1.0395447808478233,1.6329931618554518,0.9091771849682755,1.622630858850706,-1.1921288698046946,0.6603129806234728,0.8803877665050197,1.1551869894713283,-0.42051466321152303,0.09149788042738796,-0.09441001235832401,0.9955333995233415,0.8034653310326239,0.5953515447436382,0
-0.0669201640413358,4,-0.6080302678557142,-0.2690461039451533,3,1970-01-01 00:00:00.000000000,-0.6428446792219388,0.1985956006630025,0.6583747159595755,1.39427316896056,-1.5400219362268222,2,0,0.5345171940982071,-0.7107261095000674,-1.2711333914858465,-1.3674381554709338,1.4631535339199069,1,2,1,-0.21669453555438456,1.5079655399722587,-0.8798826901281196,0.0,1.0395447808478233,1.6329931618554518,-1.09912633201191,0.9083866134377692,-0.2660876570412127,-1.1913732075929888,0.04760306542580989,0.31782283069143574,-0.42051466321152303,0.09149788042738796,-0.056700071885147196,0.9983912568969238,0.8034653310326239,0.5953515447436382,0
-0.0642958438828521,4,0.5075676612008815,-1.5752474373116654,4,1970-01-01 00:00:00.000000000,-0.6426860948824266,-0.9919373276783512,0.6583747159595755,1.540711789507022,0.4131903657592461,0,5,0.160720145246859,0.6360249006373713,1.521203386118348,0.1166745639997063,0.165776016158413,0,0,33,-0.07223151185146152,1.5079655399722587,-0.8798826901281196,0.0,1.0395447808478233,1.6329931618554518,0.19511371226420954,-1.1004253267861157,0.6599535557222693,-0.2655301134847581,-1.01230473594773,-0.41487080824097017,1.0733891807582552,0.09149788042738796,-0.01890903857456981,0.9998212081468293,0.8034653310326239,0.5953515447436382,0
-0.0616715237243683,4,0.0225250833501877,-0.6372837138835848,4,1970-01-01 00:00:00.000000000,-0.6426531422923981,-0.946147599665222,0.6583747159595755,0.2959835148620921,1.6223217907982408,1,0,-0.2130769036044891,-0.8278348929902795,0.9126171653584596,1.3309486072029573,-0.699142329015916,2,1,17,0.07223151185146152,1.5079655399722587,-0.8798826901281196,0.0,1.0395447808478233,1.6329931618554518,-0.9652394308798976,0.19414236802483237,0.6599535557222693,0.6603129806234728,-0.93659703584962,-0.5195413280884568,1.0733891807582552,-1.5604775497547658,0.01890903857456981,0.9998212081468293,0.8034653310326239,0.5953515447436382,0
-0.0590472035658846,2,0.0225250833501877,1.2594873712709778,2,1970-01-01 00:00:00.000000000,-0.6428838104225976,1.618077169070001,0.6583747159595755,-1.1684026906025315,-1.0749713881349012,1,5,1.115979270089193,-0.9449436764804916,-1.0324721284427527,0.993650261868721,-0.699142329015916,2,1,-17,0.21669453555438456,1.5079655399722587,-0.8798826901281196,0.0,1.0395447808478233,1.6329931618554518,-0.9206104638358934,-0.9665045307711899,0.6599535557222693,0.6603129806234728,-0.10381233477041008,1.3645280291663013,1.0733891807582552,-1.5604775497547658,0.056700071885147196,0.9983912568969238,0.8034653310326239,0.5953515447436382,0
-0.0564228834074008,0,-0.6080302678557142,0.0783478676948764,1,1970-01-01 00:00:00.000000000,-0.6421197222413116,1.709656625096259,0.6583747159595755,0.0031062737691674,-0.8889511688981327,1,2,-1.2098690338747506,-0.3593997590294313,0.3994954498158085,0.9261905928018735,-0.2666831564287514,0,1,49,0.36115755925730764,1.5079655399722587,-0.8798826901281196,0.0,1.0395447808478233,1.6329931618554518,1.5786116906283372,-0.9218642654328814,0.6599535557222693,0.6603129806234728,1.3346339670936795,1.3645280291663013,1.0733891807582552,-1.5604775497547658,0.09441001235832401,0.9955333995233415,0.8034653310326239,0.5953515447436382,0
-0.053798563248917,2,0.5075676612008815,-0.3802121748699628,1,1970-01-01 00:00:00.000000000,-0.6418787564267282,1.1143901609255822,0.6583747159595755,0.9549573073211728,-0.5169107304245959,2,5,-1.085270017590968,-0.008073408558795,0.8768179759019955,-1.2999784864040864,1.0306943613327422,0,1,52,0.5056205829602307,1.5079655399722587,-0.8798826901281196,0.0,1.0395447808478233,1.6329931618554518,1.6678696247163454,1.5779905935123975,0.6599535557222693,0.6603129806234728,2.4702494685653296,-1.3569054868683492,1.0733891807582552,-1.5604775497547658,0.1319849269748023,0.9912517233535869,0.8034653310326239,0.5953515447436382,0
-0.0511742430904333,0,-0.6080302678557142,0.5994388251549211,2,1970-01-01 00:00:00.000000000,-0.6416810408865572,1.1601798889387114,-1.1926468496775695,0.5888607559550169,0.5992105849960145,2,1,0.5345171940982071,0.4603617254020531,-0.20909077094408,-1.3674381554709338,-1.1316015016030805,1,1,21,0.6500836066631537,1.5079655399722587,-0.8798826901281196,0.0,1.0395447808478233,1.6329931618554518,1.0876930531442919,1.6672711241890146,0.6599535557222693,0.6603129806234728,2.2431263682709996,-1.3569054868683492,1.0733891807582552,0.09149788042738796,0.16937107583020397,0.9855523520707153,0.8034653310326239,0.5953515447436382,0
-0.0485499229319495,2,-1.1900813612765468,-1.4640813663868557,1,1970-01-01 00:00:00.000000000,-0.6416933981078179,-0.1219324954289003,-1.1926468496775695,0.0031062737691674,1.2502813523247038,2,2,-1.1268030230188957,0.9873512511080076,-0.4596850971393282,0.993650261868721,-0.699142329015916,0,0,70,0.7945466303660768,1.5079655399722587,-0.8798826901281196,0.0,1.0395447808478233,1.6329931618554518,1.132322020188296,1.0869476747910034,-1.1921288698046946,0.6603129806234728,1.1832185668974597,-0.41487080824097017,-0.42051466321152303,0.09149788042738796,0.2065149889942563,0.9784434369551989,0.8034653310326239,0.5953515447436382,0
-0.0459256027734658,2,0.5075676612008815,0.1964618180524865,0,1970-01-01 00:00:00.000000000,-0.6416831004234339,1.618077169070001,0.6583747159595755,0.8085186867747104,0.7852308042327829,2,2,-1.2514020393026783,1.0459056428531135,0.1847003130770243,0.1166745639997063,0.5982351887455776,1,1,74,0.9390096540689998,1.5079655399722587,-0.8798826901281196,0.0,1.0395447808478233,1.6329931618554518,-0.1172890570438193,1.1315879401293119,-1.1921288698046946,-1.1913732075929888,1.4860493672898996,0.0038112711489760626,-0.42051466321152303,0.09149788042738796,0.24336354298385784,0.9699351452269085,0.8034653310326239,0.5953515447436382,0
-0.043301282614982,1,-0.6080302678557142,1.683308016671814,1,1970-01-01 00:00:00.000000000,-0.6412979670274758,-0.2135119514551583,-1.1926468496775695,0.8817379970479415,-1.1679814977532854,3,5,0.9913802538054104,0.6360249006373713,1.521203386118348,-0.6253817957356137,0.165776016158413,0,2,13,1.0834726777719228,1.5079655399722587,-0.8798826901281196,0.0,1.0395447808478233,1.6329931618554518,1.5786116906283372,-0.1183394893433275,0.6599535557222693,-1.1913732075929888,0.7289723663087997,0.21315231084394917,-0.42051466321152303,0.09149788042738796,0.27986403674065413,0.9600396455038853,0.8034653310326239,0.5953515447436382,0
-0.0406769624564982,2,0.0225250833501877,1.0718946265853615,1,1970-01-01 00:00:00.000000000,-0.6408489879883373,-1.678783247875286,-1.1926468496775695,-1.6077185522419186,-0.8889511688981327,2,6,-0.2130769036044891,-1.1206068517158096,0.2085664393813336,0.7912712546681792,0.165776016158413,1,2,12,1.227935701474846,1.5079655399722587,-0.8798826901281196,0.0,1.0395447808478233,1.6329931618554518,-0.20654699113182753,1.5779905935123975,-1.1921288698046946,0.6603129806234728,-0.10381233477041008,1.678539588708761,-0.42051466321152303,0.09149788042738796,0.3159642670044579,0.9487710903986987,0.8034653310326239,0.5953515447436382,0
-0.0380526422980145,3,1.2351315279769222,-1.6516741110724718,1,1970-01-01 00:00:00.000000000,-0.6410631798235227,-1.6329935198621568,0.6583747159595755,0.7352993765014793,0.0411499272857092,2,5,-1.0437370121630405,0.226144158421629,-0.913141496921206,0.7912712546681792,1.0306943613327422,0,0,55,1.372398725177769,1.5079655399722587,-0.8798826901281196,0.0,1.0395447808478233,1.6329931618554518,-1.6346739365399594,-0.2076200200199446,-1.1921288698046946,-1.1913732075929888,-1.9207971371250496,-0.20552976854599705,-0.42051466321152303,0.09149788042738796,0.35161260297471486,0.9361455962772808,0.8034653310326239,0.5953515447436382,0
-0.0354283221395307,1,-0.6080302678557142,1.5026631514189983,0,1970-01-01 00:00:00.000000000,-0.6250338043115315,-0.5340400475470612,1.583885498778148,0.3692028251353233,0.5062004753776304,0,5,0.451451183242352,0.0504809831863109,-0.3880867182264002,0.993650261868721,1.4631535339199069,0,2,16,1.516861748880692,1.5079655399722587,-0.8798826901281196,0.0,1.0395447808478233,1.6329931618554518,-1.5900449694959553,-1.6361085108458182,0.6599535557222693,-1.1913732075929888,-2.0722125373212696,-0.6242118479359433,1.0733891807582552,0.09149788042738796,0.3867580601532345,0.9221812202091881,0.8034653310326239,0.5953515447436382,0
-0.032804001981047,2,-1.1900813612765468,0.6063867045877217,1,1970-01-01 00:00:00.000000000,-0.6245621703667485,0.8854415208599373,0.6583747159595755,0.2959835148620921,-1.3540017169900538,3,4,2.9018985034900786,-1.4719332021864455,1.3183413125317187,0.5888922474676374,-1.564060674190245,0,0,-69,1.661324772583615,1.5079655399722587,-0.8798826901281196,0.0,1.0395447808478233,1.6329931618554518,-0.5189497604398564,-1.5914682455075098,1.5859947684857512,0.6603129806234728,-0.7094739355552899,0.8411754299288685,1.0733891807582552,0.09149788042738796,0.4213503732625737,0.906897934142255,0.8034653310326239,0.5953515447436382,0
-0.0301796818225632,4,-2.354183548118212,0.4535333570661086,0,1970-01-01 00:00:00.000000000,-0.6247186951693839,-0.3508811354945452,0.6583747159595755,-1.021964070056069,-0.2378804015694433,1,4,-1.5421330772981712,0.0504809831863109,-0.0181617605096052,1.1960292690692629,-1.1316015016030805,1,2,64,-1.661324772583615,1.6283401476623518,-0.8798826901281196,0.0,1.5455179042693301,1.6329931618554518,0.8645482179242713,-0.5201018773881044,0.6599535557222693,1.5861560747317036,0.04760306542580989,-0.3102002883934836,1.0733891807582552,0.09149788042738796,-0.4213503732625737,0.906897934142255,0.9832032720901962,0.18251390563771203,0
-0.0275553616640794,3,-1.5781154235571018,0.6272303428861234,2,1970-01-01 00:00:00.000000000,-0.6245456940717343,0.7022826088074214,-1.1926468496775695,0.0031062737691674,1.3432914619430882,0,1,-0.794538979595475,0.1090353749314169,-0.94894068637767,0.3865132402670955,1.4631535339199069,2,0,47,-1.516861748880692,1.6283401476623518,-0.8798826901281196,0.0,1.5455179042693301,1.6329931618554518,-0.3404338922638399,0.8637463480994606,0.6599535557222693,0.6603129806234728,0.7289723663087997,-0.5195413280884568,-0.42051466321152303,0.09149788042738796,-0.3867580601532345,0.9221812202091881,0.9832032720901962,0.18251390563771203,0
-0.0249310415055957,3,1.2351315279769222,-0.5122218840931742,3,1970-01-01 00:00:00.000000000,-0.6241111317907334,0.3359647847023895,1.583885498778148,1.1746152381408663,-0.7959410592797486,2,1,0.2022531506747865,-1.4719332021864455,1.1154792389450892,-0.5579221266687664,1.4631535339199069,1,1,-4,-1.372398725177769,1.6283401476623518,-0.8798826901281196,0.0,1.5455179042693301,1.6329931618554518,0.6860323497482549,-0.34154081603487024,-1.1921288698046946,0.6603129806234728,0.4261415659163598,-0.8335528876309164,1.0733891807582552,0.09149788042738796,-0.35161260297471486,0.9361455962772808,0.9832032720901962,0.18251390563771203,0
-0.0223067213471119,3,1.2351315279769222,-0.428847330899567,2,1970-01-01 00:00:00.000000000,-0.6236868671941164,1.5264977130437432,1.583885498778148,-1.5344992419686874,-1.2609916073716696,1,6,-1.4175340610143885,0.5189161171471592,0.9484163548149236,-0.2880834504013773,-1.1316015016030805,0,2,69,-1.227935701474846,1.6283401476623518,-0.8798826901281196,0.0,1.5455179042693301,1.6329931618554518,0.3290006133962219,0.6851852867462264,1.5859947684857512,-1.1913732075929888,1.4860493672898996,-0.7288823677834299,1.0733891807582552,1.7434733106095417,-0.3159642670044579,0.9487710903986987,0.9832032720901962,0.18251390563771203,0
-0.0196824011886282,1,0.0225250833501877,0.8565103641685431,3,1970-01-01 00:00:00.000000000,-0.623728057931652,0.3817545127155185,-0.267136066858997,-0.582648208416682,1.1572712427063196,1,4,1.697441346080179,-1.0620524599707035,-1.1756688862686089,-0.0857044432008354,0.5982351887455776,2,2,-33,-1.0834726777719228,1.6283401476623518,-0.8798826901281196,0.0,1.5455179042693301,1.6329931618554518,1.489353756540329,0.328063164039758,1.5859947684857512,1.5861560747317036,1.2589262669955696,-0.5195413280884568,1.0733891807582552,0.09149788042738796,-0.27986403674065413,0.9600396455038853,0.9832032720901962,0.18251390563771203,0
-0.0170580810301444,2,0.5075676612008815,-0.4496909691979688,2,1970-01-01 00:00:00.000000000,-0.6237115816366378,-0.1219324954289003,1.583885498778148,-1.461279931695456,0.1341600369040935,1,0,1.6559083406522517,0.5189161171471592,-0.5551496023565656,-1.0975994792035446,-1.1316015016030805,1,0,-5,-0.9390096540689998,1.6283401476623518,-0.8798826901281196,0.0,1.5455179042693301,1.6329931618554518,0.37362958044022604,1.4887100628357803,-0.2660876570412127,1.5861560747317036,1.0318031667012397,-0.1008592486985105,1.0733891807582552,0.09149788042738796,-0.24336354298385784,0.9699351452269085,0.9832032720901962,0.18251390563771203,0
-0.0144337608716606,2,-1.1900813612765468,-0.6928667493459897,3,1970-01-01 00:00:00.000000000,-0.6237301174685288,1.1601798889387114,-0.267136066858997,-0.8023061392363756,-1.3540017169900538,0,1,0.9498472483774828,-0.6521717177549614,0.6262236497067474,-0.22062378133453,-0.2666831564287514,1,0,-8,-0.7945466303660768,1.6283401476623518,-0.8798826901281196,0.0,1.5455179042693301,1.6329931618554518,-0.1172890570438193,0.37270342937806655,1.5859947684857512,-0.2655301134847581,0.8046800664069097,-0.6242118479359433,-0.42051466321152303,0.09149788042738796,-0.2065149889942563,0.9784434369551989,0.9832032720901962,0.18251390563771203,0
-0.0118094407131769,4,-0.6080302678557142,0.8287188464373407,3,1970-01-01 00:00:00.000000000,-0.6232934956506511,-0.5340400475470612,0.6583747159595755,-1.2416220008757626,1.4363015715614724,3,1,-0.1715438981765615,1.1630144263433255,-0.2210238340962347,0.993650261868721,1.4631535339199069,2,0,50,-0.6500836066631537,1.6283401476623518,-0.8798826901281196,0.0,1.5455179042693301,1.6329931618554518,1.132322020188296,-0.1183394893433275,-0.2660876570412127,1.5861560747317036,0.27472616572013986,0.0038112711489760626,1.0733891807582552,0.09149788042738796,-0.16937107583020397,0.9855523520707153,0.9832032720901962,0.18251390563771203,0
-0.0091851205546931,4,0.0225250833501877,0.0366605910980728,4,1970-01-01 00:00:00.000000000,-0.6230937205736032,0.1070161446367446,0.6583747159595755,-0.5094288981434508,-1.5400219362268222,3,4,-0.8776049904513302,1.3386776015786437,1.6644001439442042,-0.7603011338693082,0.5982351887455776,0,2,70,-0.5056205829602307,1.6283401476623518,-0.8798826901281196,0.0,1.5455179042693301,1.6329931618554518,-0.5189497604398564,1.1315879401293119,0.6599535557222693,-0.2655301134847581,0.4261415659163598,-0.1008592486985105,1.0733891807582552,0.09149788042738796,-0.1319849269748023,0.9912517233535869,0.9832032720901962,0.18251390563771203,0
-0.0065608003962094,3,0.0225250833501877,-0.8040328202707991,3,1970-01-01 00:00:00.000000000,-0.622879528738418,0.7480723368205504,0.6583747159595755,-0.5094288981434508,-0.2378804015694433,1,4,-1.4590670664423162,-1.1791612434609158,1.4734711335097297,1.26348893813611,-0.2666831564287514,2,0,41,-0.36115755925730764,1.6283401476623518,-0.8798826901281196,0.0,1.5455179042693301,1.6329931618554518,0.1058557781762013,-0.5201018773881044,0.6599535557222693,0.6603129806234728,0.19901846562202985,-0.6242118479359433,1.0733891807582552,-1.5604775497547658,-0.09441001235832401,0.9955333995233415,0.9832032720901962,0.18251390563771203,0
-0.0039364802377256,4,1.2351315279769222,0.1408787825900818,3,1970-01-01 00:00:00.000000000,-0.6227333016201665,0.6564928807942925,0.6583747159595755,-1.461279931695456,-0.7959410592797486,2,6,1.3651773026567584,1.0459056428531135,1.0916131126407798,1.5333276144034993,1.4631535339199069,0,1,11,-0.21669453555438456,1.6283401476623518,-0.8798826901281196,0.0,1.5455179042693301,1.6329931618554518,0.730661316792259,0.10486183734821526,0.6599535557222693,0.6603129806234728,0.8803877665050197,-1.2522349670208626,1.0733891807582552,-1.5604775497547658,-0.056700071885147196,0.9983912568969238,0.9832032720901962,0.18251390563771203,0
-0.0013121600792418,1,0.0225250833501877,-1.408498330924451,4,1970-01-01 00:00:00.000000000,-0.622144274073407,0.0154366886104866,-0.267136066858997,0.9549573073211728,1.4363015715614724,3,4,-0.0469448818927788,0.4603617254020531,-1.3665978967030836,-0.8952204720030028,-0.2666831564287514,2,0,35,-0.07223151185146152,1.6283401476623518,-0.8798826901281196,0.0,1.5455179042693301,1.6329931618554518,0.6414033827042507,0.7298255520845349,0.6599535557222693,0.6603129806234728,0.04760306542580989,0.0038112711489760626,1.0733891807582552,-1.5604775497547658,-0.01890903857456981,0.9998212081468293,0.9832032720901962,0.18251390563771203,0
0.0013121600792418,2,0.0225250833501877,1.1761128180773706,1,1970-01-01 00:00:00.000000000,-0.6221277977783927,-0.8545681436389642,0.6583747159595755,-1.021964070056069,1.2502813523247038,3,3,0.5760501995261347,-0.0666278003039011,0.4591607655765818,0.9261905928018735,-0.2666831564287514,1,1,11,0.07223151185146152,1.6283401476623518,-0.8798826901281196,0.0,1.5455179042693301,1.6329931618554518,0.01659784408819306,0.6405450214079178,-0.2660876570412127,0.6603129806234728,0.04760306542580989,0.0038112711489760626,-0.42051466321152303,-1.5604775497547658,0.01890903857456981,0.9998212081468293,0.9832032720901962,0.18251390563771203,0
0.0039364802377256,3,-1.2870898768466854,1.2039043358085728,1,1970-01-01 00:00:00.000000000,-0.6219136059432074,-0.6256195035733192,0.6583747159595755,0.2959835148620921,-0.7959410592797486,2,5,0.9913802538054104,-3.111456171049414,-0.6983463601824218,1.465867945336652,-1.1316015016030805,1,1,-51,0.21669453555438456,1.6283401476623518,-0.8798826901281196,0.0,1.5455179042693301,1.6329931618554518,-0.8313525297478852,0.015581306671598155,0.6599535557222693,-0.2655301134847581,0.04760306542580989,0.0038112711489760626,-0.42051466321152303,-1.5604775497547658,0.056700071885147196,0.9983912568969238,0.9832032720901962,0.18251390563771203,0
0.0065608003962094,4,0.5075676612008815,0.7800836904077366,4,1970-01-01 00:00:00.000000000,-0.6218497603000271,0.1985956006630025,-0.267136066858997,-1.1684026906025315,0.8782409138511671,0,2,0.5760501995261347,1.0459056428531135,-0.0181617605096052,-1.5023574936046282,1.0306943613327422,1,0,30,0.36115755925730764,1.6283401476623518,-0.8798826901281196,0.0,1.5455179042693301,1.6329931618554518,-0.6082076945278646,-0.8325837347562643,0.6599535557222693,0.6603129806234728,-0.7094739355552899,-0.8335528876309164,1.0733891807582552,-1.5604775497547658,0.09441001235832401,0.9955333995233415,0.9832032720901962,0.18251390563771203,0
0.0091851205546931,1,0.0225250833501877,0.085295747127677,0,1970-01-01 00:00:00.000000000,-0.6217220690136668,-0.7171989595995771,0.6583747159595755,-0.1433323467772949,-1.1679814977532854,0,0,-0.0884778873207064,0.226144158421629,0.1131019341640962,-0.7603011338693082,0.165776016158413,0,1,32,0.5056205829602307,1.6283401476623518,-0.8798826901281196,0.0,1.5455179042693301,1.6329931618554518,0.19511371226420954,-0.6093824080647215,-0.2660876570412127,0.6603129806234728,-0.55805853535907,-0.9382234074784029,1.0733891807582552,-1.5604775497547658,0.1319849269748023,0.9912517233535869,0.9832032720901962,0.18251390563771203,0
0.0118094407131769,1,-1.1900813612765468,-0.6928667493459897,3,1970-01-01 00:00:00.000000000,-0.6214769841253297,0.2901750566892605,1.583885498778148,0.3692028251353233,-1.1679814977532854,2,2,1.115979270089193,0.8116880758726893,-0.4835512234436376,1.1285696000024157,0.165776016158413,0,1,13,0.6500836066631537,1.6283401476623518,-0.8798826901281196,0.0,1.5455179042693301,1.6329931618554518,-0.6974656286158728,0.19414236802483237,0.6599535557222693,-0.2655301134847581,-0.10381233477041008,-0.8335528876309164,1.0733891807582552,0.09149788042738796,0.16937107583020397,0.9855523520707153,0.9832032720901962,0.18251390563771203,0
0.0144337608716606,4,-1.1900813612765468,-0.0189224443643318,3,1970-01-01 00:00:00.000000000,-0.6214337338509173,-1.0835167837046091,0.6583747159595755,0.662080066228248,-1.3540017169900538,0,5,0.3268521669585693,-1.1791612434609158,-0.0062286973574505,0.5888922474676374,-1.1316015016030805,2,1,-2,0.7945466303660768,1.6283401476623518,-0.8798826901281196,0.0,1.5455179042693301,1.6329931618554518,0.2843716463522178,-0.6986629387413387,1.5859947684857512,0.6603129806234728,-0.7851816356533999,-0.5195413280884568,1.0733891807582552,-1.5604775497547658,0.2065149889942563,0.9784434369551989,0.9832032720901962,0.18251390563771203,0
0.0170580810301444,2,0.0225250833501877,-0.102296997557939,4,1970-01-01 00:00:00.000000000,-0.62100329064367,0.7022826088074214,-0.267136066858997,-1.388060621422225,1.4363015715614724,1,3,-0.9606710013071852,0.4603617254020531,0.8052195969890675,0.3190535712002482,0.5982351887455776,0,0,57,0.9390096540689998,1.6283401476623518,-0.8798826901281196,0.0,1.5455179042693301,1.6329931618554518,-1.0544973649679057,0.28342289870144943,0.6599535557222693,1.5861560747317036,-0.028104634672300097,0.0038112711489760626,1.0733891807582552,0.09149788042738796,0.24336354298385784,0.9699351452269085,0.9832032720901962,0.18251390563771203,0
0.0196824011886282,4,-0.6080302678557142,0.6828133783485283,4,1970-01-01 00:00:00.000000000,-0.620663467059001,1.0228107048993242,0.6583747159595755,-0.2165516570505261,-1.2609916073716696,3,3,-1.4590670664423162,0.167589766676523,0.7336212180761394,-0.0182447741339881,1.4631535339199069,0,0,64,1.0834726777719228,1.6283401476623518,-0.8798826901281196,0.0,1.5455179042693301,1.6329931618554518,0.6860323497482549,-1.055785061447807,-0.2660876570412127,0.6603129806234728,0.4261415659163598,0.5271638703864089,1.0733891807582552,0.09149788042738796,0.27986403674065413,0.9600396455038853,0.9832032720901962,0.18251390563771203,0
0.0223067213471119,3,-3.3727729616046687,-0.3107333805419569,0,1970-01-01 00:00:00.000000000,-0.6206140381739582,0.3817545127155185,-0.267136066858997,-0.3629902775969885,1.1572712427063196,0,5,0.3683851723864969,-0.3593997590294313,1.6405340176398948,0.1841342330665536,-0.699142329015916,2,1,11,1.227935701474846,1.6283401476623518,-0.8798826901281196,0.0,1.5455179042693301,1.6329931618554518,0.9984351190562837,0.6851852867462264,0.6599535557222693,-0.2655301134847581,1.1832185668974597,-1.3569054868683492,-0.42051466321152303,0.09149788042738796,0.3159642670044579,0.9487710903986987,0.9832032720901962,0.18251390563771203,0
0.0249310415055957,4,-1.1900813612765468,-1.2348013451044362,1,1970-01-01 00:00:00.000000000,-0.62040808448628,1.251759344964969,1.583885498778148,-1.1684026906025315,1.3432914619430882,1,2,-1.2098690338747506,0.284698550166735,0.6262236497067474,-1.2999784864040864,0.165776016158413,0,2,60,1.372398725177769,1.6283401476623518,-0.8798826901281196,0.0,1.5455179042693301,1.6329931618554518,0.37362958044022604,0.9976671441143863,-0.2660876570412127,0.6603129806234728,1.4860493672898996,-1.0428939273258895,1.0733891807582552,0.09149788042738796,0.35161260297471486,0.9361455962772808,0.9832032720901962,0.18251390563771203,0
0.0275553616640794,1,0.5075676612008815,1.0093637116901562,2,1970-01-01 00:00:00.000000000,-0.60416039806535,-0.0303530394026423,0.6583747159595755,1.6871504100534849,-0.2378804015694433,1,5,-1.5836660827260989,0.7531336841275833,1.2706090599231,-0.4904624576019191,0.5982351887455776,2,1,77,1.516861748880692,1.6283401476623518,-0.8798826901281196,0.0,1.5455179042693301,1.6329931618554518,1.2215799542763042,0.37270342937806655,1.5859947684857512,-0.2655301134847581,0.8803877665050197,-0.6242118479359433,1.0733891807582552,0.09149788042738796,0.3867580601532345,0.9221812202091881,0.9832032720901962,0.18251390563771203,0
0.0301796818225632,4,-1.1900813612765468,-1.6099868344756685,1,1970-01-01 00:00:00.000000000,-0.6201794758929573,1.2059696169518404,-0.267136066858997,-1.1684026906025315,-1.0749713881349012,1,1,-0.8360719850234026,1.4557863850688555,-0.94894068637767,1.465867945336652,0.5982351887455776,0,0,71,1.661324772583615,1.6283401476623518,-0.8798826901281196,0.0,1.5455179042693301,1.6329931618554518,-0.028031122955811057,1.220868470805929,0.6599535557222693,1.5861560747317036,1.3346339670936795,-0.41487080824097017,1.0733891807582552,0.09149788042738796,0.4213503732625737,0.906897934142255,0.9832032720901962,0.18251390563771203,0
0.032804001981047,2,-1.1900813612765468,-0.9360425294940103,3,1970-01-01 00:00:00.000000000,-0.60416039806535,1.66386689708313,0.6583747159595755,0.8085186867747104,0.9712510234695512,1,3,-0.7530059741675474,0.8702424676177954,0.8290857232933768,-0.3555431194682246,-1.564060674190245,0,1,59,-1.661324772583615,1.7487147553524451,-0.8798826901281196,0.0,-1.490320836259711,-0.6123724356957944,1.1769509872323,-0.029058958666710395,-0.2660876570412127,0.6603129806234728,1.5617570673880097,-0.1008592486985105,1.0733891807582552,0.09149788042738796,-0.4213503732625737,0.906897934142255,-0.9729578811050594,0.23098260020086597,0
0.0354283221395307,0,0.5075676612008815,-1.5057686429836594,4,1970-01-01 00:00:00.000000000,-0.604152159917843,-1.5414140638358989,0.6583747159595755,-1.1684026906025315,-0.4239006208062117,1,2,-0.3792089253161994,-0.5350629342647494,-0.6506141075738031,1.6682469525371937,-1.1316015016030805,1,1,26,-1.516861748880692,1.7487147553524451,-0.8798826901281196,0.0,-1.490320836259711,-0.6123724356957944,1.6232406576723413,1.1762282054676205,0.6599535557222693,-0.2655301134847581,0.7289723663087997,1.8878806284037342,1.0733891807582552,0.09149788042738796,-0.3867580601532345,0.9221812202091881,-0.9729578811050594,0.23098260020086597,0
0.0380526422980145,4,1.089618754621714,1.40539283935979,0,1970-01-01 00:00:00.000000000,-0.6035425370023156,0.5649134247680344,-0.267136066858997,0.9549573073211728,-0.3308905111878275,2,5,-1.3344680501585335,3.446635704402461,0.8648849127498409,-1.5698171626714756,-1.564060674190245,0,0,117,-1.372398725177769,1.7487147553524451,-0.8798826901281196,0.0,-1.490320836259711,-0.6123724356957944,-1.500787035407947,1.622630858850706,0.6599535557222693,0.6603129806234728,0.3504338658182498,1.678539588708761,1.0733891807582552,0.09149788042738796,-0.35161260297471486,0.9361455962772808,-0.9729578811050594,0.23098260020086597,0
0.0406769624564982,2,1.5261570746873383,1.238643732972576,1,1970-01-01 00:00:00.000000000,-0.6030914984263004,0.2901750566892605,0.6583747159595755,1.3210538586873286,-0.7959410592797486,3,1,-0.8776049904513302,-0.6521717177549614,-0.6983463601824218,0.5888922474676374,0.165776016158413,2,0,36,-1.227935701474846,1.7487147553524451,-0.8798826901281196,0.0,-1.490320836259711,-0.6123724356957944,0.5521454486162425,-1.5021877148308926,-0.2660876570412127,0.6603129806234728,-0.40664313516285,0.5271638703864089,1.0733891807582552,0.09149788042738796,-0.3159642670044579,0.9487710903986987,-0.9729578811050594,0.23098260020086597,0
0.043301282614982,2,-0.6080302678557142,-0.6372837138835848,0,1970-01-01 00:00:00.000000000,-0.6033530596096517,0.4733339687417764,-1.1926468496775695,1.101395927867635,-0.4239006208062117,3,4,-0.794538979595475,-0.6521717177549614,-1.092137444203526,1.465867945336652,-1.564060674190245,2,2,34,-1.0834726777719228,1.7487147553524451,-0.8798826901281196,0.0,-1.490320836259711,-0.6123724356957944,0.2843716463522178,0.5512644907313008,0.6599535557222693,-0.2655301134847581,0.7289723663087997,-1.7755875662582954,-0.42051466321152303,0.09149788042738796,-0.27986403674065413,0.9600396455038853,-0.9729578811050594,0.23098260020086597,0
0.0459256027734658,1,0.0225250833501877,-0.1509321535875432,1,1970-01-01 00:00:00.000000000,-0.6026878291984512,0.1070161446367446,0.6583747159595755,1.6139310997802534,-1.447011826608438,2,3,0.3268521669585693,0.8702424676177954,1.6286009544877402,0.7912712546681792,1.0306943613327422,1,1,33,-0.9390096540689998,1.7487147553524451,-0.8798826901281196,0.0,-1.490320836259711,-0.6123724356957944,0.46288751452823423,0.28342289870144943,-1.1921288698046946,0.6603129806234728,0.5018492660144698,-1.670917046410809,-0.42051466321152303,0.09149788042738796,-0.24336354298385784,0.9699351452269085,-0.9729578811050594,0.23098260020086597,0
0.0485499229319495,2,-1.1900813612765468,0.6828133783485283,3,1970-01-01 00:00:00.000000000,-0.6026857696615745,-0.3508811354945452,-1.1926468496775695,1.1746152381408663,1.2502813523247038,2,0,1.2405782863729755,-1.2377156352060217,0.7694204075326034,1.465867945336652,1.0306943613327422,2,1,-25,-0.7945466303660768,1.7487147553524451,-0.8798826901281196,0.0,-1.490320836259711,-0.6123724356957944,0.1058557781762013,0.4619839600546837,0.6599535557222693,-1.1913732075929888,0.12331076552391987,-1.1475644471733761,-0.42051466321152303,0.09149788042738796,-0.2065149889942563,0.9784434369551989,-0.9729578811050594,0.23098260020086597,0
0.0511742430904333,2,-1.1900813612765468,1.7597346904326203,2,1970-01-01 00:00:00.000000000,-0.6025148281008016,-1.724572975888415,0.6583747159595755,-0.582648208416682,-0.7959410592797486,1,0,1.2405782863729755,-0.3008453672843252,-0.0181617605096052,0.8587309237350265,0.165776016158413,1,1,-9,-0.6500836066631537,1.7487147553524451,-0.8798826901281196,0.0,-1.490320836259711,-0.6123724356957944,-0.3404338922638399,0.10486183734821526,-1.1921288698046946,0.6603129806234728,-1.01230473594773,0.10848179099646262,-0.42051466321152303,0.09149788042738796,-0.16937107583020397,0.9855523520707153,-0.9729578811050594,0.23098260020086597,0
0.053798563248917,2,1.2351315279769222,-0.0397660826627336,0,1970-01-01 00:00:00.000000000,-0.6023356483925216,-0.7171989595995771,-1.1926468496775695,-0.1433323467772949,-0.9819612785165168,0,5,0.2437861561027141,-0.0666278003039011,-0.2687560867048534,-1.2325188173372392,-1.564060674190245,0,2,19,-0.5056205829602307,1.7487147553524451,-0.8798826901281196,0.0,-1.490320836259711,-0.6123724356957944,-1.6793029035839635,-0.34154081603487024,0.6599535557222693,-1.1913732075929888,-1.5422586366344997,-0.5195413280884568,-0.42051466321152303,0.09149788042738796,-0.1319849269748023,0.9912517233535869,-0.9729578811050594,0.23098260020086597,0
0.0564228834074008,2,0.0225250833501877,-0.0397660826627336,0,1970-01-01 00:00:00.000000000,-0.6022697432124645,-1.404044879796512,-0.267136066858997,-1.6077185522419186,0.7852308042327829,3,0,-1.2514020393026783,0.4018073336569471,0.972282481119233,-1.2999784864040864,-0.2666831564287514,1,2,63,-0.36115755925730764,1.7487147553524451,-0.8798826901281196,0.0,-1.490320836259711,-0.6123724356957944,-0.6974656286158728,-1.6807487761841267,-1.1921288698046946,0.6603129806234728,-2.0722125373212696,-0.9382234074784029,-0.42051466321152303,0.09149788042738796,-0.09441001235832401,0.9955333995233415,-0.9729578811050594,0.23098260020086597,0
0.0590472035658846,3,-0.6080302678557142,1.7666825698654212,2,1970-01-01 00:00:00.000000000,-0.601859895373985,-1.5414140638358989,-1.1926468496775695,1.101395927867635,-0.4239006208062117,0,1,1.115979270089193,1.1044600345982196,-0.4596850971393282,-1.3674381554709338,-0.2666831564287514,0,1,18,-0.21669453555438456,1.7487147553524451,-0.8798826901281196,0.0,-1.490320836259711,-0.6123724356957944,-1.3669001342759346,-0.6986629387413387,-0.2660876570412127,-1.1913732075929888,-1.9965048372231597,-1.0428939273258895,-0.42051466321152303,0.09149788042738796,-0.056700071885147196,0.9983912568969238,-0.9729578811050594,0.23098260020086597,0
0.0616715237243683,3,0.5075676612008815,-0.1648279124531444,0,1970-01-01 00:00:00.000000000,-0.6017507399195156,0.4733339687417764,-0.267136066858997,-0.948744759782838,1.6223217907982408,3,4,-0.6284069578837648,-1.2962700269511278,-0.94894068637767,-0.0857044432008354,1.0306943613327422,2,0,19,-0.07223151185146152,1.7487147553524451,-0.8798826901281196,0.0,-1.490320836259711,-0.6123724356957944,-1.500787035407947,-1.3682669188159668,-1.1921288698046946,-0.2655301134847581,-1.3151355363401698,0.5271638703864089,-0.42051466321152303,0.09149788042738796,-0.01890903857456981,0.9998212081468293,-0.9729578811050594,0.23098260020086597,0
0.0642958438828521,1,0.0225250833501877,1.6972037755374152,0,1970-01-01 00:00:00.000000000,-0.6017569185301459,-0.6256195035733192,0.6583747159595755,0.5156414456817857,-1.0749713881349012,1,5,-0.3376759198882718,-0.7692805012451734,-0.3284214024656268,-0.96268014106985,-1.564060674190245,1,1,21,0.07223151185146152,1.7487147553524451,-0.8798826901281196,0.0,-1.490320836259711,-0.6123724356957944,0.46288751452823423,-1.5021877148308926,-0.2660876570412127,-1.1913732075929888,-0.93659703584962,0.21315231084394917,-0.42051466321152303,0.09149788042738796,0.01890903857456981,0.9998212081468293,-0.9729578811050594,0.23098260020086597,0
0.0669201640413358,4,0.0225250833501877,1.2594873712709778,1,1970-01-01 00:00:00.000000000,-0.6012379152371969,0.3817545127155185,-1.1926468496775695,-1.1684026906025315,0.2271701465224777,0,6,0.7421822212378449,-0.8863892847353856,0.2920978814464164,-0.22062378133453,0.5982351887455776,2,1,-7,0.21669453555438456,1.7487147553524451,-0.8798826901281196,0.0,-1.490320836259711,-0.6123724356957944,-0.6082076945278646,0.4619839600546837,0.6599535557222693,-0.2655301134847581,0.12331076552391987,-0.6242118479359433,-0.42051466321152303,0.09149788042738796,0.056700071885147196,0.9983912568969238,-0.9729578811050594,0.23098260020086597,0
0.0695444841998196,2,1.2836357857619916,1.5165589102845998,1,1970-01-01 00:00:00.000000000,-0.6009351633163101,-1.6329935198621568,0.6583747159595755,-0.3629902775969885,1.1572712427063196,3,2,-1.5006000718702437,-0.1837365837941131,-1.0324721284427527,0.7912712546681792,-1.564060674190245,2,1,59,0.36115755925730764,1.7487147553524451,-0.8798826901281196,0.0,-1.490320836259711,-0.6123724356957944,0.37362958044022604,-0.6093824080647215,-1.1921288698046946,0.6603129806234728,-1.01230473594773,0.21315231084394917,-0.42051466321152303,0.09149788042738796,0.09441001235832401,0.9955333995233415,-0.9729578811050594,0.23098260020086597,0
0.0721688043583034,4,0.4105591456307427,-0.6372837138835848,2,1970-01-01 00:00:00.000000000,-0.6007168524073713,0.0154366886104866,0.6583747159595755,1.6871504100534849,1.4363015715614724,3,3,0.8252482320937001,0.6360249006373713,-0.5312834760522563,1.26348893813611,0.165776016158413,2,0,17,0.5056205829602307,1.7487147553524451,-0.8798826901281196,0.0,-1.490320836259711,-0.6123724356957944,-1.5900449694959553,0.37270342937806655,0.6599535557222693,-1.1913732075929888,0.04760306542580989,0.0038112711489760626,-0.42051466321152303,0.09149788042738796,0.1319849269748023,0.9912517233535869,-0.9729578811050594,0.23098260020086597,0
0.0747931245167871,4,1.2351315279769222,-0.8318243380020016,3,1970-01-01 00:00:00.000000000,-0.6004449935396361,1.4349182570174852,-0.267136066858997,-0.582648208416682,0.7852308042327829,1,0,1.2405782863729755,-0.7692805012451734,-0.1136262657268426,-1.5698171626714756,-1.1316015016030805,2,2,-17,0.6500836066631537,1.7487147553524451,-0.8798826901281196,0.0,-1.490320836259711,-0.6123724356957944,0.01659784408819306,-1.5914682455075098,0.6599535557222693,0.6603129806234728,0.04760306542580989,0.0038112711489760626,1.0733891807582552,-1.5604775497547658,0.16937107583020397,0.9855523520707153,-0.9729578811050594,0.23098260020086597,0
0.0774174446752709,1,-1.1900813612765468,-0.6859188699131891,0,1970-01-01 00:00:00.000000000,-0.6004223386339915,1.709656625096259,0.6583747159595755,-1.1684026906025315,-0.8889511688981327,0,0,-1.1683360284468232,1.3386776015786437,1.485404196661884,-0.692841464802461,-0.699142329015916,2,2,77,0.7945466303660768,1.7487147553524451,-0.8798826901281196,0.0,-1.490320836259711,-0.6123724356957944,1.4000958224523208,0.015581306671598155,-0.2660876570412127,0.6603129806234728,0.04760306542580989,0.0038112711489760626,1.0733891807582552,-1.5604775497547658,0.2065149889942563,0.9784434369551989,-0.9729578811050594,0.23098260020086597,0
0.0800417648337546,2,1.2351315279769222,1.6346728606422098,3,1970-01-01 00:00:00.000000000,-0.6000330861642797,0.6564928807942925,-1.1926468496775695,0.3692028251353233,-1.5400219362268222,1,5,-1.1268030230188957,-0.7107261095000674,-1.4023970861595478,-0.96268014106985,0.165776016158413,1,1,41,0.9390096540689998,1.7487147553524451,-0.8798826901281196,0.0,-1.490320836259711,-0.6123724356957944,1.6678696247163454,1.3994295321591632,0.6599535557222693,-0.2655301134847581,2.1674186681728895,-0.8335528876309164,-0.42051466321152303,0.09149788042738796,0.24336354298385784,0.9699351452269085,-0.9729578811050594,0.23098260020086597,0
0.0826660849922384,2,-0.6080302678557142,-0.3732642954371623,2,1970-01-01 00:00:00.000000000,-0.6002864092001239,-0.1677222234420293,0.6583747159595755,0.0031062737691674,-0.9819612785165168,0,2,-1.4590670664423162,-0.4765085425196433,1.1870776178580171,1.398408276269805,-0.2666831564287514,2,1,53,1.0834726777719228,1.7487147553524451,-0.8798826901281196,0.0,-1.490320836259711,-0.6123724356957944,0.6414033827042507,1.6672711241890146,-1.1921288698046946,0.6603129806234728,1.2589262669955696,0.0038112711489760626,-0.42051466321152303,0.09149788042738796,0.27986403674065413,0.9600396455038853,-0.9729578811050594,0.23098260020086597,0
0.0852904051507222,0,1.2351315279769222,0.085295747127677,2,1970-01-01 00:00:00.000000000,-0.5998642041403837,-1.49562433582277,-1.1926468496775695,-0.5094288981434508,-1.2609916073716696,0,2,0.2437861561027141,-0.8863892847353856,-0.1136262657268426,0.3865132402670955,-0.699142329015916,1,1,5,1.227935701474846,1.7487147553524451,-0.8798826901281196,0.0,-1.490320836259711,-0.6123724356957944,-0.1619180240878234,0.6405450214079178,0.6599535557222693,-1.1913732075929888,-0.48235083526096,0.4224933505389223,-0.42051466321152303,0.09149788042738796,0.3159642670044579,0.9487710903986987,-0.9729578811050594,0.23098260020086597,0
0.0879147253092059,4,0.5075676612008815,-1.2139577068060343,1,1970-01-01 00:00:00.000000000,-0.5995923452726485,0.1985956006630025,-0.267136066858997,-0.2165516570505261,-1.1679814977532854,3,0,1.0744462646612656,1.1044600345982196,1.4973372598140386,0.8587309237350265,1.4631535339199069,1,0,19,1.372398725177769,1.7487147553524451,-0.8798826901281196,0.0,-1.490320836259711,-0.6123724356957944,-1.4561580683639428,-0.16297975468163606,-1.1921288698046946,0.6603129806234728,-0.7851816356533999,-0.1008592486985105,-0.42051466321152303,0.09149788042738796,0.35161260297471486,0.9361455962772808,-0.9729578811050594,0.23098260020086597,0
0.0905390454676897,4,0.0225250833501877,-0.9638340472252128,0,1970-01-01 00:00:00.000000000,-0.5835485530025198,0.9770209768861954,1.583885498778148,-0.3629902775969885,0.8782409138511671,2,0,-0.1300108927486339,0.8116880758726893,0.9245502285106144,0.2515939021334009,-1.1316015016030805,1,1,43,1.516861748880692,1.7487147553524451,-0.8798826901281196,0.0,-1.490320836259711,-0.6123724356957944,0.19511371226420954,-1.457547449492584,-0.2660876570412127,-1.1913732075929888,-0.10381233477041008,0.8411754299288685,-0.42051466321152303,1.7434733106095417,0.3867580601532345,0.9221812202091881,-0.9729578811050594,0.23098260020086597,0
0.0931633656261734,3,0.5075676612008815,0.6480739811845253,4,1970-01-01 00:00:00.000000000,-0.58331170626169,-0.2135119514551583,-0.267136066858997,-1.6809378625151497,-1.3540017169900538,0,6,0.2437861561027141,1.5728951685590675,0.232432565685643,0.5888922474676374,0.165776016158413,2,0,47,1.661324772583615,1.7487147553524451,-0.8798826901281196,0.0,-1.490320836259711,-0.6123724356957944,0.9538061520122796,0.19414236802483237,1.5859947684857512,-0.2655301134847581,0.5775569661125798,-0.7288823677834299,1.0733891807582552,0.09149788042738796,0.4213503732625737,0.906897934142255,-0.9729578811050594,0.23098260020086597,0
0.0957876857846572,0,-0.6565345256407836,-0.5817006784211801,2,1970-01-01 00:00:00.000000000,-0.5836123986457001,0.0154366886104866,0.6583747159595755,1.101395927867635,-1.2609916073716696,0,2,-0.5453409470279097,0.226144158421629,0.5546252707938193,1.5333276144034993,-1.564060674190245,2,1,43,-1.661324772583615,1.8690893630425383,-0.8798826901281196,0.0,-0.9843477128382041,-0.6123724356957944,-0.20654699113182753,0.9530268787760777,-0.2660876570412127,1.5861560747317036,0.04760306542580989,0.0038112711489760626,1.0733891807582552,0.09149788042738796,-0.4213503732625737,0.906897934142255,-0.7729949150001408,0.6344122172404351,0
0.098412005943141,3,-0.6080302678557142,0.4604812364989092,0,1970-01-01 00:00:00.000000000,-0.5835609102237805,1.66386689708313,-1.1926468496775695,0.1495448943156297,0.5062004753776304,1,1,1.2821112918009034,0.3432529419118411,-0.5312834760522563,0.1166745639997063,1.4631535339199069,1,1,1,-1.516861748880692,1.8690893630425383,-0.8798826901281196,0.0,-0.9843477128382041,-0.6123724356957944,0.01659784408819306,-0.2076200200199446,0.6599535557222693,-0.2655301134847581,0.04760306542580989,0.0038112711489760626,-0.42051466321152303,0.09149788042738796,-0.3867580601532345,0.9221812202091881,-0.7729949150001408,0.6344122172404351,0
0.1010363261016247,3,1.2351315279769222,0.8287188464373407,3,1970-01-01 00:00:00.000000000,-0.5833652542204864,-0.1677222234420293,0.6583747159595755,1.2478345484140976,-1.1679814977532854,0,3,0.9083142429495552,-1.1791612434609158,1.5450695124226574,1.26348893813611,-0.699142329015916,2,1,-16,-1.372398725177769,1.8690893630425383,-0.8798826901281196,0.0,-0.9843477128382041,-0.6123724356957944,1.6232406576723413,0.015581306671598155,-1.1921288698046946,0.6603129806234728,0.04760306542580989,0.0038112711489760626,-0.42051466321152303,0.09149788042738796,-0.35161260297471486,0.9361455962772808,-0.7729949150001408,0.6344122172404351,0
0.1036606462601085,3,-0.6080302678557142,1.1552691797789687,1,1970-01-01 00:00:00.000000000,-0.5827432740836983,-0.8545681436389642,-1.1926468496775695,0.3692028251353233,0.1341600369040935,0,5,0.7006492158099173,-1.4133788104413398,-1.4501293387681664,0.5888922474676374,-1.564060674190245,1,2,-15,-1.227935701474846,1.8690893630425383,-0.8798826901281196,0.0,-0.9843477128382041,-0.6123724356957944,-0.1619180240878234,1.622630858850706,0.6599535557222693,-1.1913732075929888,0.3504338658182498,0.8411754299288685,-0.42051466321152303,0.09149788042738796,-0.3159642670044579,0.9487710903986987,-0.7729949150001408,0.6344122172404351,0
0.1062849664185922,1,0.0225250833501877,0.3979503216037038,3,1970-01-01 00:00:00.000000000,-0.582934811013239,-0.7629886876127061,1.583885498778148,0.0031062737691674,0.4131903657592461,0,5,0.7421822212378449,0.3432529419118411,1.0796800494886252,-1.3674381554709338,-1.1316015016030805,2,1,14,-1.0834726777719228,1.8690893630425383,-0.8798826901281196,0.0,-0.9843477128382041,-0.6123724356957944,-0.8313525297478852,-0.16297975468163606,-1.1921288698046946,0.6603129806234728,-0.93659703584962,-1.2522349670208626,1.0733891807582552,0.09149788042738796,-0.27986403674065413,0.9600396455038853,-0.7729949150001408,0.6344122172404351,0
0.108909286577076,1,0.0225250833501877,1.064946747152561,2,1970-01-01 00:00:00.000000000,-0.5824981891953612,0.0154366886104866,0.6583747159595755,1.39427316896056,0.0411499272857092,0,6,-0.1300108927486339,-1.0034980682255976,-0.0181617605096052,1.1285696000024157,0.5982351887455776,2,1,12,-0.9390096540689998,1.8690893630425383,-0.8798826901281196,0.0,-0.9843477128382041,-0.6123724356957944,-0.742094595659877,-0.8325837347562643,1.5859947684857512,-1.1913732075929888,0.04760306542580989,0.0038112711489760626,1.0733891807582552,0.09149788042738796,-0.24336354298385784,0.9699351452269085,-0.7729949150001408,0.6344122172404351,0
0.1115336067355598,3,-0.6080302678557142,-1.0611043592844212,2,1970-01-01 00:00:00.000000000,-0.5825146654903756,-0.6256195035733192,0.6583747159595755,-0.7290868289631444,0.7852308042327829,0,3,-1.4590670664423162,0.4018073336569471,1.1274123020972435,-0.8277608029361555,1.0306943613327422,1,1,68,-0.7945466303660768,1.8690893630425383,-0.8798826901281196,0.0,-0.9843477128382041,-0.6123724356957944,0.01659784408819306,-0.7433032040796472,0.6599535557222693,1.5861560747317036,0.04760306542580989,0.0038112711489760626,1.0733891807582552,-1.5604775497547658,-0.2065149889942563,0.9784434369551989,-0.7729949150001408,0.6344122172404351,0
0.1141579268940435,0,-0.6080302678557142,0.7939794492733377,3,1970-01-01 00:00:00.000000000,-0.5820986390412657,-0.3508811354945452,0.6583747159595755,-0.1433323467772949,0.2271701465224777,2,6,1.323644297228831,1.1630144263433255,1.3302743756838733,-1.434897824537781,1.0306943613327422,2,1,14,-0.6500836066631537,1.8690893630425383,-0.8798826901281196,0.0,-0.9843477128382041,-0.6123724356957944,-0.6082076945278646,0.015581306671598155,0.6599535557222693,0.6603129806234728,0.04760306542580989,0.0038112711489760626,1.0733891807582552,-1.5604775497547658,-0.16937107583020397,0.9855523520707153,-0.7729949150001408,0.6344122172404351,0
0.1167822470525273,4,1.2351315279769222,0.0922436265604776,2,1970-01-01 00:00:00.000000000,-0.5814601826094633,0.6564928807942925,-1.1926468496775695,-0.3629902775969885,-0.8889511688981327,3,1,1.489776318940541,0.8116880758726893,-0.0181617605096052,0.1166745639997063,-1.564060674190245,1,0,4,-0.5056205829602307,1.8690893630425383,-0.8798826901281196,0.0,-0.9843477128382041,-0.6123724356957944,-0.3404338922638399,-0.6093824080647215,0.6599535557222693,0.6603129806234728,-0.17952003486852006,-0.5195413280884568,-0.42051466321152303,0.09149788042738796,-0.1319849269748023,0.9912517233535869,-0.7729949150001408,0.6344122172404351,0
0.119406567211011,0,-1.1900813612765468,1.7597346904326203,0,1970-01-01 00:00:00.000000000,-0.5817258628665681,-1.678783247875286,0.6583747159595755,0.7352993765014793,1.1572712427063196,0,4,0.8252482320937001,1.2215688180884317,-0.3403544656177815,0.1166745639997063,-0.2666831564287514,1,0,27,-0.36115755925730764,1.8690893630425383,-0.8798826901281196,0.0,-0.9843477128382041,-0.6123724356957944,0.6414033827042507,-0.34154081603487024,-1.1921288698046946,0.6603129806234728,-0.7851816356533999,0.6318343902338954,-0.42051466321152303,0.09149788042738796,-0.09441001235832401,0.9955333995233415,-0.7729949150001408,0.6344122172404351,0
0.1220308873694948,2,0.5075676612008815,0.7661879315421354,2,1970-01-01 00:00:00.000000000,-0.5811121208772873,-1.49562433582277,-0.267136066858997,0.8817379970479415,-0.5169107304245959,1,5,-0.0469448818927788,-0.2422909755392192,-0.1016932025746879,-1.1650591482703918,0.165776016158413,2,1,23,-0.21669453555438456,1.8690893630425383,-0.8798826901281196,0.0,-0.9843477128382041,-0.6123724356957944,-1.6346739365399594,0.6405450214079178,0.6599535557222693,-1.1913732075929888,-1.39084323643828,0.8411754299288685,-0.42051466321152303,0.09149788042738796,-0.056700071885147196,0.9983912568969238,-0.7729949150001408,0.6344122172404351,0
0.1246552075279786,1,5.746027501988374,-0.1578800330203438,1,1970-01-01 00:00:00.000000000,-0.5813057173437047,0.0154366886104866,-1.1926468496775695,1.028176617594404,-0.7959410592797486,1,2,-1.2098690338747506,-0.4179541507745373,-0.4119528445307095,-1.2999784864040864,0.165776016158413,2,0,48,-0.07223151185146152,1.8690893630425383,-0.8798826901281196,0.0,-0.9843477128382041,-0.6123724356957944,-1.4561580683639428,-1.6361085108458182,-0.2660876570412127,0.6603129806234728,-1.7693817369288298,0.0038112711489760626,-0.42051466321152303,0.09149788042738796,-0.01890903857456981,0.9998212081468293,-0.7729949150001408,0.6344122172404351,0
0.1272795276864623,4,0.0225250833501877,-1.6238825933412695,0,1970-01-01 00:00:00.000000000,-0.5806734395225328,0.7022826088074214,-0.267136066858997,0.5156414456817857,0.8782409138511671,0,3,-0.6284069578837648,0.5189161171471592,0.6142905865545927,0.7238115856013319,0.5982351887455776,1,1,50,0.07223151185146152,1.8690893630425383,-0.8798826901281196,0.0,-0.9843477128382041,-0.6123724356957944,0.01659784408819306,-1.457547449492584,-1.1921288698046946,-0.2655301134847581,-0.40664313516285,0.5271638703864089,-0.42051466321152303,0.09149788042738796,0.01890903857456981,0.9998212081468293,-0.7729949150001408,0.6344122172404351,0
0.1299038478449461,4,-1.1900813612765468,-1.6030389550428676,4,1970-01-01 00:00:00.000000000,-0.5809226434846233,0.2443853286761315,1.583885498778148,0.0031062737691674,-0.8889511688981327,0,0,1.3651773026567584,0.4603617254020531,0.9842155442713876,1.398408276269805,0.5982351887455776,1,1,1,0.21669453555438456,1.8690893630425383,-0.8798826901281196,0.0,-0.9843477128382041,-0.6123724356957944,0.6860323497482549,0.015581306671598155,-0.2660876570412127,-1.1913732075929888,0.5775569661125798,-1.2522349670208626,1.0733891807582552,1.7434733106095417,0.056700071885147196,0.9983912568969238,-0.7729949150001408,0.6344122172404351,0
0.1325281680034299,2,-0.6080302678557142,0.5716473074237187,2,1970-01-01 00:00:00.000000000,-0.5807125707231916,-1.449834607809641,1.583885498778148,-0.6558675186899132,0.6922206946143987,0,3,0.6591162103819899,-0.9449436764804916,-1.3785309598552384,1.1285696000024157,-1.564060674190245,1,0,-6,0.36115755925730764,1.8690893630425383,-0.8798826901281196,0.0,-0.9843477128382041,-0.6123724356957944,0.23974267930821366,0.6851852867462264,1.5859947684857512,-0.2655301134847581,-0.25522773496663004,0.5271638703864089,2.5672930247280337,0.09149788042738796,0.09441001235832401,0.9955333995233415,-0.7729949150001408,0.6344122172404351,0
0.1351524881619136,2,-0.6080302678557142,1.356757683330186,2,1970-01-01 00:00:00.000000000,-0.5805436886992955,-1.404044879796512,0.6583747159595755,-1.1684026906025315,1.4363015715614724,2,1,-0.0054118764648512,0.167589766676523,-0.8534761811604326,0.5888922474676374,-0.699142329015916,0,0,29,0.5056205829602307,1.8690893630425383,-0.8798826901281196,0.0,-0.9843477128382041,-0.6123724356957944,-1.4115291013199387,0.2387826333631409,1.5859947684857512,1.5861560747317036,-1.39084323643828,0.10848179099646262,2.5672930247280337,0.09149788042738796,0.1319849269748023,0.9912517233535869,-0.7729949150001408,0.6344122172404351,0
0.1377768083203974,3,0.0225250833501877,0.0088690733668704,1,1970-01-01 00:00:00.000000000,-0.580426295097319,0.1528058726498735,-1.1926468496775695,0.0031062737691674,-1.0749713881349012,3,5,-0.3376759198882718,1.2801232098335376,0.4830268918808912,0.8587309237350265,0.5982351887455776,2,1,56,0.6500836066631537,1.8690893630425383,-0.8798826901281196,0.0,-0.9843477128382041,-0.6123724356957944,-1.3669001342759346,-1.4129071841542755,0.6599535557222693,1.5861560747317036,-1.4665509365363898,0.0038112711489760626,1.0733891807582552,1.7434733106095417,0.16937107583020397,0.9855523520707153,-0.7729949150001408,0.6344122172404351,0
0.1404011284788811,1,0.0225250833501877,-0.4218994514667664,1,1970-01-01 00:00:00.000000000,-0.5796498496947723,-1.5872037918490278,-0.267136066858997,0.0031062737691674,0.4131903657592461,1,2,-1.1268030230188957,1.4557863850688555,0.8290857232933768,1.26348893813611,-1.564060674190245,0,2,78,0.7945466303660768,1.8690893630425383,-0.8798826901281196,0.0,-0.9843477128382041,-0.6123724356957944,0.1504847452202054,-1.3682669188159668,-1.1921288698046946,0.6603129806234728,-1.5422586366344997,0.10848179099646262,-0.42051466321152303,0.09149788042738796,0.2065149889942563,0.9784434369551989,-0.7729949150001408,0.6344122172404351,0
0.1430254486373649,1,-1.1900813612765468,0.2867842506788943,3,1970-01-01 00:00:00.000000000,-0.5798372675505594,-1.49562433582277,1.583885498778148,0.662080066228248,0.6922206946143987,2,1,0.8252482320937001,-0.7692805012451734,-1.4859285282246304,-0.0182447741339881,-1.564060674190245,1,1,-7,0.9390096540689998,1.8690893630425383,-0.8798826901281196,0.0,-0.9843477128382041,-0.6123724356957944,-1.5454160024519512,0.1495021026865238,-0.2660876570412127,-1.1913732075929888,-1.6179663367326098,0.10848179099646262,-0.42051466321152303,1.7434733106095417,0.24336354298385784,0.9699351452269085,-0.7729949150001408,0.6344122172404351,0
0.1456497687958486,0,1.2351315279769222,0.4813248747973109,3,1970-01-01 00:00:00.000000000,-0.5798393270874362,-0.6714092315864482,-0.267136066858997,0.8817379970479415,1.4363015715614724,2,4,-1.5421330772981712,1.3386776015786437,-0.7580116759431952,-1.1650591482703918,1.0306943613327422,0,1,86,1.0834726777719228,1.8690893630425383,-0.8798826901281196,0.0,-0.9843477128382041,-0.6123724356957944,-1.4561580683639428,-1.546827980169201,1.5859947684857512,-0.2655301134847581,-2.0722125373212696,-0.9382234074784029,1.0733891807582552,0.09149788042738796,0.27986403674065413,0.9600396455038853,-0.7729949150001408,0.6344122172404351,0
0.1482740889543324,3,0.5075676612008815,-0.9985734443892158,3,1970-01-01 00:00:00.000000000,-0.5794130029539425,-0.9003578716520931,-1.1926468496775695,-1.5344992419686874,0.7852308042327829,0,2,-1.2929350447306058,1.2801232098335376,0.7216881549239847,0.52143257840079,-1.564060674190245,1,2,79,1.227935701474846,1.8690893630425383,-0.8798826901281196,0.0,-0.9843477128382041,-0.6123724356957944,-0.6528366615718687,-1.457547449492584,-0.2660876570412127,1.5861560747317036,-1.6936740368307197,-1.1475644471733761,-0.42051466321152303,1.7434733106095417,0.3159642670044579,0.9487710903986987,-0.7729949150001408,0.6344122172404351,0
0.1508984091128162,3,-1.1900813612765468,-0.3176812599747575,1,1970-01-01 00:00:00.000000000,-0.5791040724224252,-0.9919373276783512,1.583885498778148,0.1495448943156297,1.6223217907982408,3,5,1.1990452809450485,0.9873512511080076,0.5426922076416646,-1.3674381554709338,-1.1316015016030805,0,0,14,1.372398725177769,1.8690893630425383,-0.8798826901281196,0.0,-0.9843477128382041,-0.6123724356957944,-0.8759814967918893,-0.6540226734030301,-1.1921288698046946,-0.2655301134847581,-1.39084323643828,-1.7755875662582954,-0.42051466321152303,1.7434733106095417,0.35161260297471486,0.9361455962772808,-0.7729949150001408,0.6344122172404351,0
0.1535227292712999,3,-1.1900813612765468,1.662464378373412,3,1970-01-01 00:00:00.000000000,-0.5792049897293875,1.572287441056872,0.6583747159595755,1.540711789507022,1.4363015715614724,0,3,0.6175832049540623,-0.3593997590294313,1.4376719440532653,-1.2325188173372392,-1.1316015016030805,0,2,5,1.516861748880692,1.8690893630425383,-0.8798826901281196,0.0,-0.9843477128382041,-0.6123724356957944,-0.9652394308798976,-0.8772240000945728,1.5859947684857512,-1.1913732075929888,-0.10381233477041008,1.2598575093188147,-0.42051466321152303,1.7434733106095417,0.3867580601532345,0.9221812202091881,-0.7729949150001408,0.6344122172404351,0
0.1561470494297837,3,-0.6080302678557142,0.8565103641685431,3,1970-01-01 00:00:00.000000000,-0.5627225161045044,-0.4882503195339322,1.583885498778148,3.371194546337802,1.1572712427063196,1,0,-0.1715438981765615,0.226144158421629,-1.5336607808332492,-1.1650591482703918,0.165776016158413,2,1,34,1.661324772583615,1.8690893630425383,-0.8798826901281196,0.0,-0.9843477128382041,-0.6123724356957944,1.533982723584333,-0.9665045307711899,0.6599535557222693,1.5861560747317036,0.12331076552391987,1.0505164696238416,1.0733891807582552,-1.5604775497547658,0.4213503732625737,0.906897934142255,-0.7729949150001408,0.6344122172404351,0
0.1587713695882674,1,-1.1900813612765468,-0.1161927564235402,4,1970-01-01 00:00:00.000000000,-0.562829612022097,-1.129306511717738,0.6583747159595755,0.662080066228248,-1.0749713881349012,3,2,1.5728423297963965,0.1090353749314169,0.7813534706847581,-1.5698171626714756,-0.699142329015916,2,0,-10,-1.661324772583615,1.9894639707326316,-0.8798826901281196,0.0,-0.4783745894166973,-0.6123724356957944,-0.47432079339585226,1.5333503281740888,1.5859947684857512,0.6603129806234728,0.04760306542580989,1.1551869894713283,1.0733891807582552,-1.5604775497547658,-0.4213503732625737,0.906897934142255,-0.4163144622372215,0.9092206929740068,0
0.1613956897467512,1,1.2351315279769222,0.6272303428861234,3,1970-01-01 00:00:00.000000000,-0.5628069571164525,1.572287441056872,-1.1926468496775695,-1.461279931695456,-1.3540017169900538,0,5,0.160720145246859,-0.0666278003039011,-0.8057439285518139,-1.6372768317383228,0.5982351887455776,0,2,21,-1.516861748880692,1.9894639707326316,-0.8798826901281196,0.0,-0.4783745894166973,-0.6123724356957944,-1.09912633201191,-0.4754616120497959,0.6599535557222693,1.5861560747317036,-0.028104634672300097,1.1551869894713283,-0.42051466321152303,1.7434733106095417,-0.3867580601532345,0.9221812202091881,-0.4163144622372215,0.9092206929740068,0
0.164020009905235,3,0.0225250833501877,-0.9707819266580134,2,1970-01-01 00:00:00.000000000,-0.562565991301869,-0.7629886876127061,-0.267136066858997,-1.388060621422225,0.5062004753776304,1,1,0.2437861561027141,-1.0620524599707035,1.2825421230752545,0.3190535712002482,0.5982351887455776,1,2,2,-1.372398725177769,1.9894639707326316,-0.8798826901281196,0.0,-0.4783745894166973,-0.6123724356957944,1.533982723584333,-1.1004253267861157,-1.1921288698046946,0.6603129806234728,-0.10381233477041008,1.2598575093188147,-0.42051466321152303,0.09149788042738796,-0.35161260297471486,0.9361455962772808,-0.4163144622372215,0.9092206929740068,0
0.1666443300637187,0,-1.1900813612765468,-0.9499382883596116,1,1970-01-01 00:00:00.000000000,-0.561896641816915,0.5649134247680344,0.6583747159595755,0.8085186867747104,0.1341600369040935,2,4,0.9498472483774828,0.7531336841275833,-0.5551496023565656,0.993650261868721,-1.1316015016030805,2,1,16,-1.227935701474846,1.9894639707326316,-0.8798826901281196,0.0,-0.4783745894166973,-0.6123724356957944,-0.742094595659877,1.5333503281740888,-0.2660876570412127,-1.1913732075929888,0.8046800664069097,0.5271638703864089,-0.42051466321152303,0.09149788042738796,-0.3159642670044579,0.9487710903986987,-0.4163144622372215,0.9092206929740068,0
0.1692686502222025,4,1.2351315279769222,0.8495624847357426,0,1970-01-01 00:00:00.000000000,-0.5617071644242511,-1.49562433582277,-0.267136066858997,-0.8755254495096068,0.6922206946143987,1,2,-1.4590670664423162,-0.1837365837941131,1.7359985228571322,-1.3674381554709338,-0.2666831564287514,0,2,58,-1.0834726777719228,1.9894639707326316,-0.8798826901281196,0.0,-0.4783745894166973,-0.6123724356957944,0.5521454486162425,-0.7433032040796472,0.6599535557222693,-0.2655301134847581,-0.8608893357515099,0.31782283069143574,-0.42051466321152303,-1.5604775497547658,-0.27986403674065413,0.9600396455038853,-0.4163144622372215,0.9092206929740068,0
0.1718929703806863,4,-1.5781154235571018,0.8704061230341443,4,1970-01-01 00:00:00.000000000,-0.5621273099471146,0.9312312488730664,-1.1926468496775695,0.8817379970479415,-0.4239006208062117,1,1,0.8667812375216276,0.8702424676177954,-1.3665978967030836,-0.96268014106985,-1.1316015016030805,1,1,20,-0.9390096540689998,1.9894639707326316,-0.8798826901281196,0.0,-0.4783745894166973,-0.6123724356957944,-1.4561580683639428,0.5512644907313008,-0.2660876570412127,0.6603129806234728,0.04760306542580989,0.8411754299288685,-0.42051466321152303,0.09149788042738796,-0.24336354298385784,0.9699351452269085,-0.4163144622372215,0.9092206929740068,0
0.17451729053917,0,-3.2272601882494607,-1.2834365011340405,1,1970-01-01 00:00:00.000000000,-0.5617751291411849,-0.3050914074814163,-0.267136066858997,-1.0951833803293003,0.7852308042327829,1,1,-0.2546099090324166,0.9873512511080076,-0.1136262657268426,0.1166745639997063,-1.1316015016030805,2,0,49,-0.7945466303660768,1.9894639707326316,-0.8798826901281196,0.0,-0.4783745894166973,-0.6123724356957944,0.9091771849682755,-1.457547449492584,-1.1921288698046946,-0.2655301134847581,-0.48235083526096,0.6318343902338954,-0.42051466321152303,-1.5604775497547658,-0.2065149889942563,0.9784434369551989,-0.4163144622372215,0.9092206929740068,0
0.1771416106976538,3,-0.6080302678557142,-1.1444789124780284,1,1970-01-01 00:00:00.000000000,-0.5615321037897246,-1.404044879796512,-1.1926468496775695,1.3210538586873286,0.1341600369040935,3,6,-0.0884778873207064,-0.3593997590294313,-0.0181617605096052,-0.0182447741339881,0.165776016158413,0,2,22,-0.6500836066631537,1.9894639707326316,-0.8798826901281196,0.0,-0.4783745894166973,-0.6123724356957944,-0.29580492521983576,0.9083866134377692,-0.2660876570412127,-1.1913732075929888,-0.40664313516285,0.5271638703864089,-0.42051466321152303,-1.5604775497547658,-0.16937107583020397,0.9855523520707153,-0.4163144622372215,0.9092206929740068,0
0.1797659308561375,1,0.0225250833501877,-1.1653225507764302,2,1970-01-01 00:00:00.000000000,-0.560934838095458,-0.6714092315864482,0.6583747159595755,0.0763255840423986,-0.5169107304245959,2,1,0.2022531506747865,-0.4765085425196433,-0.0539609499660692,0.1166745639997063,1.0306943613327422,1,0,13,-0.5056205829602307,1.9894639707326316,-0.8798826901281196,0.0,-0.4783745894166973,-0.6123724356957944,-1.3669001342759346,-0.2969005506965617,-1.1921288698046946,-0.2655301134847581,-1.2394278362420599,-0.8335528876309164,-0.42051466321152303,0.09149788042738796,-0.1319849269748023,0.9912517233535869,-0.4163144622372215,0.9092206929740068,0
0.1823902510146213,4,-0.6080302678557142,-1.3946025720588495,3,1970-01-01 00:00:00.000000000,-0.560708289039012,0.4733339687417764,-0.267136066858997,-1.5344992419686874,1.3432914619430882,3,3,0.4099181778144244,1.1630144263433255,0.1608341867727149,1.465867945336652,1.4631535339199069,1,0,36,-0.36115755925730764,1.9894639707326316,-0.8798826901281196,0.0,-0.4783745894166973,-0.6123724356957944,-0.6528366615718687,-1.3682669188159668,0.6599535557222693,-1.1913732075929888,-0.8608893357515099,0.10848179099646262,-0.42051466321152303,0.09149788042738796,-0.09441001235832401,0.9955333995233415,-0.4163144622372215,0.9092206929740068,0
0.185014571173105,2,-0.6080302678557142,1.2455916124053763,2,1970-01-01 00:00:00.000000000,-0.5605270497938553,0.9770209768861954,-0.267136066858997,1.101395927867635,-1.1679814977532854,2,2,0.2437861561027141,1.3972319933237496,-0.7460786127910405,-0.4230027885350718,-1.1316015016030805,0,1,44,-0.21669453555438456,1.9894639707326316,-0.8798826901281196,0.0,-0.4783745894166973,-0.6123724356957944,0.46288751452823423,-0.6540226734030301,-0.2660876570412127,0.6603129806234728,0.4261415659163598,-0.20552976854599705,-0.42051466321152303,-1.5604775497547658,-0.056700071885147196,0.9983912568969238,-0.4163144622372215,0.9092206929740068,0
0.1876388913315888,2,0.0225250833501877,0.5646994279909181,3,1970-01-01 00:00:00.000000000,-0.5606856341333674,0.2901750566892605,-0.267136066858997,0.7352993765014793,-0.7029309496613644,0,4,-0.0054118764648512,0.9873512511080076,0.2920978814464164,0.3865132402670955,-1.564060674190245,1,2,43,-0.07223151185146152,1.9894639707326316,-0.8798826901281196,0.0,-0.4783745894166973,-0.6123724356957944,0.9538061520122796,0.4619839600546837,-0.2660876570412127,-0.2655301134847581,0.9560954666031297,-1.2522349670208626,-0.42051466321152303,-1.5604775497547658,-0.01890903857456981,0.9998212081468293,-0.4163144622372215,0.9092206929740068,0
0.1902632114900726,0,0.0225250833501877,-0.428847330899567,3,1970-01-01 00:00:00.000000000,-0.5601460354716506,0.3817545127155185,-0.267136066858997,-0.8023061392363756,1.2502813523247038,0,0,-0.3792089253161994,0.284698550166735,1.2467429336187903,1.1285696000024157,3.625449396855729,0,0,40,0.07223151185146152,1.9894639707326316,-0.8798826901281196,0.0,-0.4783745894166973,-0.6123724356957944,0.2843716463522178,0.9530268787760777,-0.2660876570412127,-0.2655301134847581,0.9560954666031297,-1.2522349670208626,-0.42051466321152303,-1.5604775497547658,0.01890903857456981,0.9998212081468293,-0.4163144622372215,0.9092206929740068,0
0.1928875316485563,3,0.0225250833501877,-1.457133486954055,1,1970-01-01 00:00:00.000000000,-0.5598721170670387,1.1601798889387114,0.6583747159595755,1.6871504100534849,0.9712510234695512,1,6,0.3683851723864969,0.7531336841275833,1.4615380703575749,-0.0182447741339881,-0.699142329015916,1,2,30,0.21669453555438456,1.9894639707326316,-0.8798826901281196,0.0,-0.4783745894166973,-0.6123724356957944,0.37362958044022604,0.28342289870144943,-0.2660876570412127,-0.2655301134847581,1.0318031667012397,-0.9382234074784029,-0.42051466321152303,0.09149788042738796,0.056700071885147196,0.9983912568969238,-0.4163144622372215,0.9092206929740068,0
0.1955118518070401,4,-0.6080302678557142,-1.1931140685076325,3,1970-01-01 00:00:00.000000000,-0.5601151424184989,1.251759344964969,-1.1926468496775695,-0.3629902775969885,0.2271701465224777,1,1,-0.71147296873962,-0.008073408558795,1.783730775465751,-1.434897824537781,1.0306943613327422,0,2,43,0.36115755925730764,1.9894639707326316,-0.8798826901281196,0.0,-0.4783745894166973,-0.6123724356957944,1.132322020188296,0.37270342937806655,0.6599535557222693,-0.2655301134847581,1.5617570673880097,-0.9382234074784029,-0.42051466321152303,0.09149788042738796,0.09441001235832401,0.9955333995233415,-0.4163144622372215,0.9092206929740068,0
0.1981361719655238,3,0.0225250833501877,-1.2973322599996415,4,1970-01-01 00:00:00.000000000,-0.5594766859866966,0.6564928807942925,0.6583747159595755,-1.6077185522419186,1.5293116811798566,3,2,-0.8360719850234026,0.7531336841275833,-1.68879060181126,-0.2880834504013773,1.0306943613327422,2,2,59,0.5056205829602307,1.9894639707326316,-0.8798826901281196,0.0,-0.4783745894166973,-0.6123724356957944,1.2215799542763042,1.1315879401293119,-1.1921288698046946,0.6603129806234728,1.7131724675842295,-1.3569054868683492,-0.42051466321152303,0.09149788042738796,0.1319849269748023,0.9912517233535869,-0.4163144622372215,0.9092206929740068,0
0.2007604921240076,4,0.5075676612008815,-0.9568861677924124,4,1970-01-01 00:00:00.000000000,-0.5596290917155784,-1.175096239730867,0.6583747159595755,-0.8023061392363756,-0.9819612785165168,2,3,-0.7530059741675474,0.4018073336569471,0.5426922076416646,0.7238115856013319,1.0306943613327422,1,2,51,0.6500836066631537,1.9894639707326316,-0.8798826901281196,0.0,-0.4783745894166973,-0.6123724356957944,0.6414033827042507,1.220868470805929,0.6599535557222693,-1.1913732075929888,0.4261415659163598,0.8411754299288685,-0.42051466321152303,0.09149788042738796,0.16937107583020397,0.9855523520707153,-0.4163144622372215,0.9092206929740068,0
0.2033848122824914,0,-0.6080302678557142,-0.2968376216763557,4,1970-01-01 00:00:00.000000000,-0.5594869836710805,1.5264977130437432,1.583885498778148,0.0031062737691674,1.3432914619430882,2,3,0.9913802538054104,-1.3548244186962335,1.389939691444647,1.6007872834703465,1.0306943613327422,0,0,-21,0.7945466303660768,1.9894639707326316,-0.8798826901281196,0.0,-0.4783745894166973,-0.6123724356957944,-1.143755299055914,0.6405450214079178,0.6599535557222693,0.6603129806234728,0.5775569661125798,1.0505164696238416,1.0733891807582552,0.09149788042738796,0.2065149889942563,0.9784434369551989,-0.4163144622372215,0.9092206929740068,0
0.2060091324409751,0,1.2351315279769222,-0.9846776855236148,1,1970-01-01 00:00:00.000000000,-0.559227482024606,-1.678783247875286,1.583885498778148,1.540711789507022,-0.6099208400429801,2,3,-1.2098690338747506,-0.2422909755392192,-0.7341455496388858,0.7912712546681792,0.165776016158413,0,2,51,0.9390096540689998,1.9894639707326316,-0.8798826901281196,0.0,-0.4783745894166973,-0.6123724356957944,1.489353756540329,-1.1450655921244242,1.5859947684857512,0.6603129806234728,-0.7094739355552899,1.8878806284037342,1.0733891807582552,0.09149788042738796,0.24336354298385784,0.9699351452269085,-0.4163144622372215,0.9092206929740068,0
0.2086334525994589,2,-0.6080302678557142,0.0922436265604776,2,1970-01-01 00:00:00.000000000,-0.5590565404638331,-1.49562433582277,-0.267136066858997,0.7352993765014793,0.4131903657592461,1,5,-0.5868739524558372,1.4557863850688555,0.7694204075326034,1.735706621604041,-1.1316015016030805,1,1,65,1.0834726777719228,1.9894639707326316,-0.8798826901281196,0.0,-0.4783745894166973,-0.6123724356957944,-1.6346739365399594,1.4887100628357803,1.5859947684857512,1.5861560747317036,-0.8608893357515099,2.0972216680987072,1.0733891807582552,0.09149788042738796,0.27986403674065413,0.9600396455038853,-0.4163144622372215,0.9092206929740068,0
0.2112577727579427,3,0.0225250833501877,0.446585477633308,0,1970-01-01 00:00:00.000000000,-0.5585952042034341,0.9312312488730664,0.6583747159595755,-0.1433323467772949,-0.0518601823326749,1,6,-1.4175340610143885,-0.3008453672843252,1.234809870466636,0.2515939021334009,0.5982351887455776,2,1,55,1.227935701474846,1.9894639707326316,-0.8798826901281196,0.0,-0.4783745894166973,-0.6123724356957944,-1.4561580683639428,-1.6361085108458182,-0.2660876570412127,1.5861560747317036,-1.2394278362420599,1.1551869894713283,1.0733891807582552,0.09149788042738796,0.3159642670044579,0.9487710903986987,-0.4163144622372215,0.9092206929740068,0
0.2138820929164264,2,-0.6080302678557142,-1.1722704302092308,3,1970-01-01 00:00:00.000000000,-0.55882175325988,0.0154366886104866,-0.267136066858997,0.4424221354085545,-0.4239006208062117,2,4,1.323644297228831,0.5189161171471592,0.0534366184033228,1.398408276269805,1.0306943613327422,0,2,3,1.372398725177769,1.9894639707326316,-0.8798826901281196,0.0,-0.4783745894166973,-0.6123724356957944,0.9091771849682755,-1.457547449492584,0.6599535557222693,-0.2655301134847581,0.04760306542580989,0.0038112711489760626,-0.42051466321152303,0.09149788042738796,0.35161260297471486,0.9361455962772808,-0.4163144622372215,0.9092206929740068,0
0.2165064130749102,3,-1.8206367124824487,-0.4983261252275729,0,1970-01-01 00:00:00.000000000,-0.5585066441177324,-1.220885967743996,-0.267136066858997,-1.1684026906025315,-0.9819612785165168,1,5,0.0776541343910038,1.1044600345982196,0.8529518495976862,1.1285696000024157,-1.564060674190245,2,2,43,1.516861748880692,1.9894639707326316,-0.8798826901281196,0.0,-0.4783745894166973,-0.6123724356957944,0.01659784408819306,0.9083866134377692,-0.2660876570412127,0.6603129806234728,0.04760306542580989,0.0038112711489760626,-0.42051466321152303,0.09149788042738796,0.3867580601532345,0.9221812202091881,-0.4163144622372215,0.9092206929740068,0
0.2191307332333939,2,0.944105981266506,0.9329370379293496,2,1970-01-01 00:00:00.000000000,0.8785125567509802,-1.5414140638358989,-1.1926468496775695,0.0031062737691674,-1.2609916073716696,2,4,0.2022531506747865,-1.4133788104413398,0.4472277024244271,-0.5579221266687664,-0.699142329015916,1,1,-3,1.661324772583615,1.9894639707326316,-0.8798826901281196,0.0,-0.4783745894166973,-0.6123724356957944,-1.1883842660999182,0.015581306671598155,-0.2660876570412127,-0.2655301134847581,0.04760306542580989,0.0038112711489760626,-0.42051466321152303,0.09149788042738796,0.4213503732625737,0.906897934142255,-0.4163144622372215,0.9092206929740068,0
0.2217550533918777,1,-1.1900813612765468,-0.6928667493459897,2,1970-01-01 00:00:00.000000000,0.8785393307303784,0.0612264166236156,1.583885498778148,0.2959835148620921,0.1341600369040935,3,5,1.697441346080179,-0.4179541507745373,-0.173291581487616,-1.5023574936046282,-1.564060674190245,2,2,-22,-1.661324772583615,-1.621774259970165,1.1365151414154882,0.0,0.02759853400480953,-0.6123724356957944,-1.500787035407947,-1.1897058574627326,-1.1921288698046946,-0.2655301134847581,-1.4665509365363898,-0.20552976854599705,-0.42051466321152303,0.09149788042738796,-0.4213503732625737,0.906897934142255,0.02476985258885596,0.9996931801321475,0
0.2243793735503615,1,-0.6080302678557142,-0.533065522391576,1,1970-01-01 00:00:00.000000000,0.8788709161675402,-0.0303530394026423,2.509396281596721,-0.2897709673237573,1.3432914619430882,0,0,-0.2961429144603442,-1.4133788104413398,-1.652991412354796,1.6007872834703465,1.0306943613327422,1,0,9,-1.516861748880692,-1.621774259970165,1.1365151414154882,0.0,0.02759853400480953,-0.6123724356957944,0.06122681113219718,-1.5021877148308926,1.5859947684857512,-1.1913732075929888,-0.7851816356533999,0.0038112711489760626,1.0733891807582552,1.7434733106095417,-0.3867580601532345,0.9221812202091881,0.02476985258885596,0.9996931801321475,0
0.2270036937088452,1,1.2351315279769222,1.0857903854509627,4,1970-01-01 00:00:00.000000000,0.8791324773508914,-1.6329935198621568,-0.267136066858997,-1.6077185522419186,1.0642611330879357,2,4,1.3651773026567584,-3.931217655480899,-0.579015728660875,-0.8952204720030028,0.5982351887455776,0,2,-74,-1.372398725177769,-1.621774259970165,1.1365151414154882,0.0,0.02759853400480953,-0.6123724356957944,-0.028031122955811057,0.0602215720099067,2.512035981249233,1.5861560747317036,-0.8608893357515099,0.10848179099646262,1.0733891807582552,0.09149788042738796,-0.35161260297471486,0.9361455962772808,0.02476985258885596,0.9996931801321475,0
0.229628013867329,1,-0.6080302678557142,0.1269830237244806,4,1970-01-01 00:00:00.000000000,0.8794723009355604,1.2059696169518404,1.583885498778148,-0.6558675186899132,-0.8889511688981327,1,5,-1.085270017590968,-1.4133788104413398,1.3541405019881827,-0.3555431194682246,0.5982351887455776,2,2,28,-1.227935701474846,-1.621774259970165,1.1365151414154882,0.0,0.02759853400480953,-0.6123724356957944,-1.5900449694959553,-0.029058958666710395,-0.2660876570412127,2.5119991688399343,-0.25522773496663004,1.1551869894713283,1.0733891807582552,0.09149788042738796,-0.3159642670044579,0.9487710903986987,0.02476985258885596,0.9996931801321475,0
0.2322523340258127,4,0.0225250833501877,-0.1509321535875432,2,1970-01-01 00:00:00.000000000,0.8795114321362193,-0.1677222234420293,0.6583747159595755,-0.8023061392363756,-0.7959410592797486,3,3,-0.8360719850234026,-0.7692805012451734,1.2706090599231,-1.434897824537781,0.5982351887455776,1,0,33,-1.0834726777719228,-1.621774259970165,1.1365151414154882,0.0,0.02759853400480953,-0.6123724356957944,1.1769509872323,-1.5914682455075098,1.5859947684857512,-0.2655301134847581,-0.33093543506474005,1.1551869894713283,1.0733891807582552,0.09149788042738796,-0.27986403674065413,0.9600396455038853,0.02476985258885596,0.9996931801321475,0
0.2348766541842965,1,0.3135506300606039,-1.1097395153140257,1,1970-01-01 00:00:00.000000000,0.8797791719302008,0.7022826088074214,0.6583747159595755,-1.461279931695456,-0.7959410592797486,1,4,0.3683851723864969,-0.6521717177549614,-0.4596850971393282,-0.4904624576019191,0.5982351887455776,0,2,6,-0.9390096540689998,-1.621774259970165,1.1365151414154882,0.0,0.02759853400480953,-0.6123724356957944,-0.1619180240878234,1.1762282054676205,0.6599535557222693,1.5861560747317036,0.9560954666031297,-0.41487080824097017,1.0733891807582552,-1.5604775497547658,-0.24336354298385784,0.9699351452269085,0.02476985258885596,0.9996931801321475,0
0.2375009743427802,0,0.0225250833501877,-0.4218994514667664,1,1970-01-01 00:00:00.000000000,0.8801622457892823,1.4349182570174852,-0.267136066858997,1.4674924792337911,-0.7029309496613644,1,6,0.9913802538054104,-1.3548244186962335,0.2801648182942617,-0.8277608029361555,-0.2666831564287514,2,0,-21,-0.7945466303660768,-1.621774259970165,1.1365151414154882,0.0,0.02759853400480953,-0.6123724356957944,0.6860323497482549,-0.16297975468163606,0.6599535557222693,0.6603129806234728,1.1075108667993496,-0.20552976854599705,1.0733891807582552,-1.5604775497547658,-0.2065149889942563,0.9784434369551989,0.02476985258885596,0.9996931801321475,0
0.240125294501264,0,1.2351315279769222,0.446585477633308,3,1970-01-01 00:00:00.000000000,0.8801251741255002,-0.1219324954289003,-0.267136066858997,-1.021964070056069,-0.7029309496613644,1,4,-0.7530059741675474,0.6945792923824773,-0.6506141075738031,-0.96268014106985,1.4631535339199069,1,0,56,-0.6500836066631537,-1.621774259970165,1.1365151414154882,0.0,0.02759853400480953,-0.6123724356957944,1.4000958224523208,0.6851852867462264,-0.2660876570412127,0.6603129806234728,1.1075108667993496,-0.3102002883934836,-0.42051466321152303,0.09149788042738796,-0.16937107583020397,0.9855523520707153,0.02476985258885596,0.9996931801321475,0
0.2427496146597478,4,-1.1900813612765468,-1.6169347139084689,4,1970-01-01 00:00:00.000000000,0.880343485034439,0.1985956006630025,0.6583747159595755,1.3210538586873286,0.4131903657592461,2,2,0.6591162103819899,0.5189161171471592,-0.7938108653996592,-0.7603011338693082,1.0306943613327422,2,1,19,-0.5056205829602307,-1.621774259970165,1.1365151414154882,0.0,0.02759853400480953,-0.6123724356957944,-0.1172890570438193,1.3994295321591632,-0.2660876570412127,-0.2655301134847581,0.8803877665050197,-0.20552976854599705,-0.42051466321152303,0.09149788042738796,-0.1319849269748023,0.9912517233535869,0.02476985258885596,0.9996931801321475,0
0.2453739348182315,1,1.2351315279769222,1.064946747152561,2,1970-01-01 00:00:00.000000000,0.880607105754667,-0.9003578716520931,1.583885498778148,0.662080066228248,-1.0749713881349012,3,4,-0.3792089253161994,-0.9449436764804916,-0.877342307464742,0.049214894932859,1.0306943613327422,0,1,19,-0.36115755925730764,-1.621774259970165,1.1365151414154882,0.0,0.02759853400480953,-0.6123724356957944,0.19511371226420954,-0.1183394893433275,0.6599535557222693,-0.2655301134847581,-0.40664313516285,-0.7288823677834299,1.0733891807582552,0.09149788042738796,-0.09441001235832401,0.9955333995233415,0.02476985258885596,0.9996931801321475,0
0.2479982549767153,1,-0.6080302678557142,-1.6586219905052724,0,1970-01-01 00:00:00.000000000,0.8805638554802546,1.1601798889387114,-0.267136066858997,0.5888607559550169,-0.5169107304245959,2,5,-0.1300108927486339,0.7531336841275833,-0.0181617605096052,-1.70473650080517,1.4631535339199069,0,2,42,-0.21669453555438456,-1.621774259970165,1.1365151414154882,0.0,0.02759853400480953,-0.6123724356957944,-0.8759814967918893,0.19414236802483237,1.5859947684857512,0.6603129806234728,0.27472616572013986,0.31782283069143574,1.0733891807582552,0.09149788042738796,-0.056700071885147196,0.9983912568969238,0.02476985258885596,0.9996931801321475,0
0.2506225751351991,1,-1.1900813612765468,0.7522921726765343,4,1970-01-01 00:00:00.000000000,0.880786285462947,1.4349182570174852,-0.267136066858997,0.3692028251353233,0.8782409138511671,0,4,0.4929841886702795,-0.6521717177549614,1.1035461757929343,-0.8952204720030028,-0.699142329015916,1,1,3,-0.07223151185146152,-1.621774259970165,1.1365151414154882,0.0,0.02759853400480953,-0.6123724356957944,1.132322020188296,-0.8772240000945728,-0.2660876570412127,1.5861560747317036,0.9560954666031297,0.8411754299288685,1.0733891807582552,0.09149788042738796,-0.01890903857456981,0.9998212081468293,0.02476985258885596,0.9996931801321475,0
0.2532468952936828,2,0.0225250833501877,1.1066340237493646,3,1970-01-01 00:00:00.000000000,0.8815689094761241,1.4349182570174852,-1.1926468496775695,0.0031062737691674,-1.5400219362268222,2,0,1.323644297228831,0.7531336841275833,0.3159640077507257,0.3865132402670955,0.165776016158413,2,2,7,0.07223151185146152,-1.621774259970165,1.1365151414154882,0.0,0.02759853400480953,-0.6123724356957944,1.4000958224523208,1.1315879401293119,-0.2660876570412127,-0.2655301134847581,2.2431263682709996,-1.7755875662582954,-0.42051466321152303,0.09149788042738796,0.01890903857456981,0.9998212081468293,0.02476985258885596,0.9996931801321475,0
0.2558712154521666,3,-1.1900813612765468,0.6480739811845253,1,1970-01-01 00:00:00.000000000,0.8815689094761241,0.9770209768861954,-0.267136066858997,-0.8023061392363756,-1.2609916073716696,0,1,-1.376001055586461,1.3972319933237496,0.5546252707938193,0.6563519165344845,-0.2666831564287514,2,2,83,0.21669453555438456,-1.621774259970165,1.1365151414154882,0.0,0.02759853400480953,-0.6123724356957944,1.4000958224523208,1.3994295321591632,-1.1921288698046946,-0.2655301134847581,2.1674186681728895,-1.5662465265633223,-0.42051466321152303,0.09149788042738796,0.056700071885147196,0.9983912568969238,0.02476985258885596,0.9996931801321475,0
0.2584955356106503,2,-1.1900813612765468,1.7041516549702158,2,1970-01-01 00:00:00.000000000,0.881579207160508,-1.404044879796512,-1.1926468496775695,1.6139310997802534,1.1572712427063196,3,6,-0.2961429144603442,0.4603617254020531,-0.244889960400544,0.5888922474676374,0.5982351887455776,0,1,41,0.36115755925730764,-1.621774259970165,1.1365151414154882,0.0,0.02759853400480953,-0.6123724356957944,0.9538061520122796,1.3994295321591632,-0.2660876570412127,-1.1913732075929888,0.5775569661125798,1.3645280291663013,-1.9144185071813014,0.09149788042738796,0.09441001235832401,0.9955333995233415,0.02476985258885596,0.9996931801321475,0
0.2611198557691341,3,-2.1601665169779345,0.3423672861412991,4,1970-01-01 00:00:00.000000000,0.8816080406767829,-0.3050914074814163,1.583885498778148,0.0763255840423986,-0.0518601823326749,3,2,1.323644297228831,0.9287968593629016,-1.426263212463857,0.52143257840079,-0.2666831564287514,2,1,10,0.5056205829602307,-1.621774259970165,1.1365151414154882,0.0,0.02759853400480953,-0.6123724356957944,-1.3669001342759346,0.9530268787760777,-1.1921288698046946,-0.2655301134847581,-0.33093543506474005,0.6318343902338954,-0.42051466321152303,1.7434733106095417,0.1319849269748023,0.9912517233535869,0.02476985258885596,0.9996931801321475,0
0.2637441759276179,1,1.2351315279769222,0.2659406123804925,0,1970-01-01 00:00:00.000000000,0.8824277363537419,-0.6256195035733192,0.6583747159595755,-1.0951833803293003,-1.1679814977532854,2,3,-0.2961429144603442,0.8702424676177954,1.7359985228571322,-1.0301398101366974,0.165776016158413,2,2,48,0.6500836066631537,-1.621774259970165,1.1365151414154882,0.0,0.02759853400480953,-0.6123724356957944,-0.29580492521983576,-1.3682669188159668,1.5859947684857512,-1.1913732075929888,-1.2394278362420599,-0.8335528876309164,1.0733891807582552,1.7434733106095417,0.16937107583020397,0.9855523520707153,0.02476985258885596,0.9996931801321475,0
0.2663684960861016,1,0.5075676612008815,-0.1926194301843467,3,1970-01-01 00:00:00.000000000,0.8824627484806473,1.572287441056872,0.6583747159595755,1.101395927867635,-0.1448702919510591,2,5,-0.7530059741675474,1.1044600345982196,0.9484163548149236,-0.0857044432008354,-1.1316015016030805,2,2,63,0.7945466303660768,-1.621774259970165,1.1365151414154882,0.0,0.02759853400480953,-0.6123724356957944,-0.6082076945278646,-0.2969005506965617,0.6599535557222693,1.5861560747317036,0.3504338658182498,0.6318343902338954,1.0733891807582552,0.09149788042738796,0.2065149889942563,0.9784434369551989,0.02476985258885596,0.9996931801321475,0
0.2689928162445854,2,-1.1900813612765468,1.5096110308517992,3,1970-01-01 00:00:00.000000000,0.8826295709676666,1.4349182570174852,-0.267136066858997,1.6139310997802534,-1.0749713881349012,1,3,0.9498472483774828,1.3972319933237496,-0.0300948236617598,0.1841342330665536,1.0306943613327422,1,2,27,0.9390096540689998,-1.621774259970165,1.1365151414154882,0.0,0.02759853400480953,-0.6123724356957944,1.533982723584333,-0.6093824080647215,0.6599535557222693,0.6603129806234728,1.3346339670936795,0.736504910081382,1.0733891807582552,0.09149788042738796,0.24336354298385784,0.9699351452269085,0.02476985258885596,0.9996931801321475,0
0.2716171364030691,2,1.2351315279769222,-1.0055213238220164,4,1970-01-01 00:00:00.000000000,0.8827757980859181,1.4349182570174852,-0.267136066858997,-1.0951833803293003,-1.6330320458452063,0,3,0.160720145246859,0.9873512511080076,-0.3284214024656268,0.6563519165344845,0.165776016158413,0,0,39,1.0834726777719228,-1.621774259970165,1.1365151414154882,0.0,0.02759853400480953,-0.6123724356957944,1.4000958224523208,1.5333503281740888,-0.2660876570412127,0.6603129806234728,2.4702494685653296,-1.880258086105782,-0.42051466321152303,-1.5604775497547658,0.27986403674065413,0.9600396455038853,0.02476985258885596,0.9996931801321475,0
0.2742414565615529,3,-1.1900813612765468,1.2316958535397753,0,1970-01-01 00:00:00.000000000,0.8828005125284395,-0.3508811354945452,-0.267136066858997,-0.2897709673237573,0.5992105849960145,1,4,-0.9606710013071852,-0.9449436764804916,0.6500897760110567,-1.6372768317383228,-0.699142329015916,1,2,33,1.227935701474846,-1.621774259970165,1.1365151414154882,0.0,0.02759853400480953,-0.6123724356957944,1.4000958224523208,1.3994295321591632,-0.2660876570412127,-0.2655301134847581,1.4103416671917897,0.21315231084394917,-0.42051466321152303,-1.5604775497547658,0.3159642670044579,0.9487710903986987,0.02476985258885596,0.9996931801321475,0
0.2768657767200367,0,-0.6080302678557142,-0.9846776855236148,3,1970-01-01 00:00:00.000000000,0.8828417032659751,0.0154366886104866,-0.267136066858997,-1.0951833803293003,-0.7029309496613644,1,4,0.6175832049540623,-0.8278348929902795,0.232432565685643,1.6007872834703465,1.4631535339199069,0,2,-3,1.372398725177769,-1.621774259970165,1.1365151414154882,0.0,0.02759853400480953,-0.6123724356957944,-0.3404338922638399,1.3994295321591632,-0.2660876570412127,-0.2655301134847581,0.04760306542580989,0.0038112711489760626,-0.42051466321152303,-1.5604775497547658,0.35161260297471486,0.9361455962772808,0.02476985258885596,0.9996931801321475,0
0.2794900968785204,3,0.5075676612008815,1.4470801159565938,2,1970-01-01 00:00:00.000000000,0.8831753482400138,-0.3050914074814163,-0.267136066858997,-0.948744759782838,-0.2378804015694433,3,4,-1.376001055586461,-1.2962700269511278,-0.0420278868139145,-0.0182447741339881,0.165776016158413,1,2,37,1.516861748880692,-1.621774259970165,1.1365151414154882,0.0,0.02759853400480953,-0.6123724356957944,0.01659784408819306,-0.34154081603487024,-0.2660876570412127,-0.2655301134847581,0.04760306542580989,0.0038112711489760626,-0.42051466321152303,-1.5604775497547658,0.3867580601532345,0.9221812202091881,0.02476985258885596,0.9996931801321475,0
0.2821144170370042,2,-0.6080302678557142,-1.6238825933412695,3,1970-01-01 00:00:00.000000000,0.8995569045579345,0.2443853286761315,-0.267136066858997,-0.8023061392363756,-0.7029309496613644,2,6,0.2853191615306417,-0.5350629342647494,0.9006841022063049,0.1841342330665536,0.165776016158413,1,1,10,1.661324772583615,-1.621774259970165,1.1365151414154882,0.0,0.02759853400480953,-0.6123724356957944,-0.29580492521983576,0.015581306671598155,-0.2660876570412127,-0.2655301134847581,0.04760306542580989,0.0038112711489760626,-0.42051466321152303,-1.5604775497547658,0.4213503732625737,0.906897934142255,0.02476985258885596,0.9996931801321475,0
0.284738737195488,2,0.0225250833501877,-1.2625928628356384,0,1970-01-01 00:00:00.000000000,0.8994642253984794,0.5191236967549054,-0.267136066858997,-0.1433323467772949,0.6922206946143987,3,2,-1.376001055586461,-1.0034980682255976,-0.0181617605096052,-1.434897824537781,1.4631535339199069,1,1,42,-1.661324772583615,-1.5013996522800717,1.1365151414154882,0.0,0.5335716574263164,-0.6123724356957944,0.23974267930821366,-0.2969005506965617,-0.2660876570412127,-0.2655301134847581,0.27472616572013986,-1.1475644471733761,-0.42051466321152303,-1.5604775497547658,-0.4213503732625737,0.906897934142255,0.46083231155626464,0.887487228429632,0
0.2873630573539717,4,0.0225250833501877,0.4604812364989092,1,1970-01-01 00:00:00.000000000,0.8995404282629202,-1.220885967743996,-1.1926468496775695,1.3210538586873286,0.5992105849960145,2,1,1.406710308084686,-0.8278348929902795,1.0796800494886252,0.7238115856013319,-1.1316015016030805,2,0,-22,-1.516861748880692,-1.5013996522800717,1.1365151414154882,0.0,0.5335716574263164,-0.6123724356957944,0.5075164815722384,0.2387826333631409,-0.2660876570412127,-0.2655301134847581,-0.25522773496663004,0.10848179099646262,-0.42051466321152303,0.09149788042738796,-0.3867580601532345,0.9221812202091881,0.46083231155626464,0.887487228429632,0
0.2899873775124555,2,-1.1900813612765468,-0.6720231110475878,1,1970-01-01 00:00:00.000000000,0.8997154888974467,-0.0761427674157713,0.6583747159595755,-1.1684026906025315,1.3432914619430882,3,0,-0.6284069578837648,-0.4179541507745373,-0.4119528445307095,-0.0857044432008354,-1.564060674190245,0,2,34,-1.372398725177769,-1.5013996522800717,1.1365151414154882,0.0,0.5335716574263164,-0.6123724356957944,-1.1883842660999182,0.5066242253929922,-1.1921288698046946,-0.2655301134847581,-0.40664313516285,-0.1008592486985105,-0.42051466321152303,0.09149788042738796,-0.35161260297471486,0.9361455962772808,0.46083231155626464,0.887487228429632,0
0.2926116976709392,4,-0.6080302678557142,1.2803310095693794,4,1970-01-01 00:00:00.000000000,0.899721667508077,-1.404044879796512,1.583885498778148,-1.1684026906025315,-1.5400219362268222,3,2,-0.9606710013071852,-0.2422909755392192,0.0534366184033228,1.398408276269805,-1.1316015016030805,1,2,45,-1.227935701474846,-1.5013996522800717,1.1365151414154882,0.0,0.5335716574263164,-0.6123724356957944,-0.07266008999981517,-1.1897058574627326,0.6599535557222693,-1.1913732075929888,-1.4665509365363898,-0.41487080824097017,-0.42051466321152303,0.09149788042738796,-0.3159642670044579,0.9487710903986987,0.46083231155626464,0.887487228429632,0
0.295236017829423,0,0.0225250833501877,1.224747974106975,0,1970-01-01 00:00:00.000000000,0.9000903246090209,-0.1219324954289003,4.360417847233865,1.2478345484140976,-0.7029309496613644,3,0,0.9498472483774828,-1.0620524599707035,-1.652991412354796,-1.6372768317383228,-0.699142329015916,2,2,-15,-1.0834726777719228,-1.5013996522800717,1.1365151414154882,0.0,0.5335716574263164,-0.6123724356957944,-1.3669001342759346,-0.07369922400501895,1.5859947684857512,0.6603129806234728,-0.8608893357515099,-0.3102002883934836,2.5672930247280337,1.7434733106095417,-0.27986403674065413,0.9600396455038853,0.46083231155626464,0.887487228429632,0
0.2978603379879068,3,1.2351315279769222,-1.2486971039700372,3,1970-01-01 00:00:00.000000000,0.9005063510581308,-1.678783247875286,-0.267136066858997,-1.0951833803293003,0.2271701465224777,0,3,0.7006492158099173,-1.3548244186962335,-1.6052591597461772,-0.2880834504013773,-0.2666831564287514,1,2,-14,-0.9390096540689998,-1.5013996522800717,1.1365151414154882,0.0,0.5335716574263164,-0.6123724356957944,-0.1172890570438193,-1.3682669188159668,4.364118406776197,1.5861560747317036,-1.7693817369288298,-0.20552976854599705,2.5672930247280337,3.395448740791695,-0.24336354298385784,0.9699351452269085,0.46083231155626464,0.887487228429632,0
0.3004846581463905,3,-1.1900813612765468,-0.8457200968676027,3,1970-01-01 00:00:00.000000000,0.9005351845744057,0.5191236967549054,-0.267136066858997,0.0031062737691674,-1.0749713881349012,3,2,0.7837152266657725,-1.1791612434609158,-0.984739875834134,-0.692841464802461,-1.1316015016030805,2,2,-13,-0.7945466303660768,-1.5013996522800717,1.1365151414154882,0.0,0.5335716574263164,-0.6123724356957944,-1.6346739365399594,-0.1183394893433275,-0.2660876570412127,4.363685357056395,-0.7094739355552899,0.5271638703864089,1.0733891807582552,3.395448740791695,-0.2065149889942563,0.9784434369551989,0.46083231155626464,0.887487228429632,0
0.3031089783048742,4,-0.6080302678557142,-0.1161927564235402,1,1970-01-01 00:00:00.000000000,0.9007246619670696,-0.9919373276783512,1.583885498778148,0.0763255840423986,-0.8889511688981327,0,5,1.4482433135126136,4.969049889775218,1.5808687018791214,0.4539729093339427,0.5982351887455776,1,2,76,-0.6500836066631537,-1.5013996522800717,1.1365151414154882,0.0,0.5335716574263164,-0.6123724356957944,0.5075164815722384,-1.6361085108458182,-0.2660876570412127,-0.2655301134847581,-1.1637201361439498,0.5271638703864089,-0.42051466321152303,0.09149788042738796,-0.16937107583020397,0.9855523520707153,0.46083231155626464,0.887487228429632,0
0.305733298463358,3,-0.6080302678557142,-0.9568861677924124,1,1970-01-01 00:00:00.000000000,0.9007864480733732,-1.312465423770254,1.583885498778148,1.101395927867635,1.4363015715614724,3,1,0.7837152266657725,-0.9449436764804916,-0.5909487918130297,-0.692841464802461,1.4631535339199069,0,1,-9,-0.5056205829602307,-1.5013996522800717,1.1365151414154882,0.0,0.5335716574263164,-0.6123724356957944,-0.9652394308798976,0.5066242253929922,1.5859947684857512,-0.2655301134847581,-0.93659703584962,0.21315231084394917,1.0733891807582552,0.09149788042738796,-0.1319849269748023,0.9912517233535869,0.46083231155626464,0.887487228429632,0
0.3083576186218418,2,-1.1900813612765468,1.5235067897174004,2,1970-01-01 00:00:00.000000000,0.9016020246765788,-1.0377270556914802,-0.267136066858997,0.7352993765014793,0.0411499272857092,2,1,0.9913802538054104,-0.9449436764804916,1.7359985228571322,-0.0857044432008354,-0.699142329015916,0,0,-14,-0.36115755925730764,-1.5013996522800717,1.1365151414154882,0.0,0.5335716574263164,-0.6123724356957944,-1.2776422001879264,-0.9665045307711899,1.5859947684857512,1.5861560747317036,-1.8450894370269397,-1.670917046410809,1.0733891807582552,0.09149788042738796,-0.09441001235832401,0.9955333995233415,0.46083231155626464,0.887487228429632,0
0.3109819387803256,1,-1.1900813612765468,0.12003514429168,1,1970-01-01 00:00:00.000000000,0.9015402385702752,1.3891285290043562,0.6583747159595755,1.4674924792337911,-0.9819612785165168,0,6,0.5760501995261347,-0.7692805012451734,0.3159640077507257,-0.4904624576019191,0.165776016158413,1,1,-1,-0.21669453555438456,-1.5013996522800717,1.1365151414154882,0.0,0.5335716574263164,-0.6123724356957944,-1.0098683979239016,-1.2789863881393497,-0.2660876570412127,1.5861560747317036,-0.48235083526096,1.3645280291663013,1.0733891807582552,0.09149788042738796,-0.056700071885147196,0.9983912568969238,0.46083231155626464,0.887487228429632,0
0.3136062589388093,4,0.0225250833501877,0.738396413810933,2,1970-01-01 00:00:00.000000000,0.901787382995489,1.5264977130437432,1.583885498778148,0.8085186867747104,-0.4239006208062117,2,2,1.5728423297963965,0.0504809831863109,-0.9250745600733606,-0.6253817957356137,1.0306943613327422,1,1,-11,-0.07223151185146152,-1.5013996522800717,1.1365151414154882,0.0,0.5335716574263164,-0.6123724356957944,1.3554668554083167,-1.0111447961094986,0.6599535557222693,-0.2655301134847581,1.0318031667012397,1.1551869894713283,1.0733891807582552,0.09149788042738796,-0.01890903857456981,0.9998212081468293,0.46083231155626464,0.887487228429632,0
0.3162305790972931,3,-0.462517494500506,1.2664352507037782,3,1970-01-01 00:00:00.000000000,0.9017832639217354,-1.220885967743996,-1.1926468496775695,1.7603697203267157,-0.3308905111878275,2,4,0.2022531506747865,-0.9449436764804916,-1.4501293387681664,1.398408276269805,1.0306943613327422,1,1,5,0.07223151185146152,-1.5013996522800717,1.1365151414154882,0.0,0.5335716574263164,-0.6123724356957944,1.489353756540329,1.3547892668208548,1.5859947684857512,0.6603129806234728,0.9560954666031297,1.469198549013788,1.0733891807582552,0.09149788042738796,0.01890903857456981,0.9998212081468293,0.46083231155626464,0.887487228429632,0
0.3188548992557768,4,-1.1900813612765468,0.085295747127677,2,1970-01-01 00:00:00.000000000,0.9020139320519348,-0.2593016794682873,-1.1926468496775695,-0.6558675186899132,0.7852308042327829,2,1,-0.5453409470279097,-1.0620524599707035,-1.12793663365999,-1.1650591482703918,0.5982351887455776,1,0,21,0.21669453555438456,-1.5013996522800717,1.1365151414154882,0.0,0.5335716574263164,-0.6123724356957944,-1.1883842660999182,1.4887100628357803,-1.1921288698046946,1.5861560747317036,0.04760306542580989,1.0505164696238416,-0.42051466321152303,1.7434733106095417,0.056700071885147196,0.9983912568969238,0.46083231155626464,0.887487228429632,0
0.3214792194142606,4,-1.1900813612765468,1.2942267684349806,2,1970-01-01 00:00:00.000000000,0.9021663377808168,-1.678783247875286,0.6583747159595755,-0.2897709673237573,0.1341600369040935,0,2,1.697441346080179,0.5189161171471592,0.304030944598571,-0.3555431194682246,-0.699142329015916,2,2,-6,0.36115755925730764,-1.5013996522800717,1.1365151414154882,0.0,0.5335716574263164,-0.6123724356957944,-0.25117595817583166,-1.1897058574627326,-1.1921288698046946,-1.1913732075929888,-1.6936740368307197,-0.41487080824097017,-0.42051466321152303,0.09149788042738796,0.09441001235832401,0.9955333995233415,0.46083231155626464,0.887487228429632,0
0.3241035395727443,1,-1.1900813612765468,1.3289661655989835,4,1970-01-01 00:00:00.000000000,0.9025844237668036,0.4275442407286475,0.6583747159595755,0.8817379970479415,-0.8889511688981327,1,4,-1.5421330772981712,-0.008073408558795,1.2706090599231,-1.2325188173372392,-0.2666831564287514,0,0,63,0.5056205829602307,-1.5013996522800717,1.1365151414154882,0.0,0.5335716574263164,-0.6123724356957944,-1.6346739365399594,-0.2522602853582531,0.6599535557222693,-1.1913732075929888,-0.7851816356533999,0.31782283069143574,-0.42051466321152303,0.09149788042738796,0.1319849269748023,0.9912517233535869,0.46083231155626464,0.887487228429632,0
0.3267278597312281,2,0.0225250833501877,-0.2482024656467515,1,1970-01-01 00:00:00.000000000,0.9027347699588084,0.0154366886104866,-0.267136066858997,0.2959835148620921,1.3432914619430882,0,6,-0.3376759198882718,-1.1791612434609158,-1.3785309598552384,-0.692841464802461,1.0306943613327422,2,1,14,0.6500836066631537,-1.5013996522800717,1.1365151414154882,0.0,0.5335716574263164,-0.6123724356957944,0.41825854748423014,-1.6361085108458182,0.6599535557222693,0.6603129806234728,0.04760306542580989,0.0038112711489760626,-0.42051466321152303,0.09149788042738796,0.16937107583020397,0.9855523520707153,0.46083231155626464,0.887487228429632,0
0.3293521798897119,4,-0.6565345256407836,-1.4918728841180582,2,1970-01-01 00:00:00.000000000,0.9026153168199552,-1.175096239730867,-1.1926468496775695,1.6139310997802534,-0.7029309496613644,1,3,0.2022531506747865,0.0504809831863109,-1.5933260965940226,0.3190535712002482,-1.1316015016030805,0,1,22,0.7945466303660768,-1.5013996522800717,1.1365151414154882,0.0,0.5335716574263164,-0.6123724356957944,0.01659784408819306,0.4173436947163751,-0.2660876570412127,0.6603129806234728,0.04760306542580989,0.0038112711489760626,-0.42051466321152303,0.09149788042738796,0.2065149889942563,0.9784434369551989,0.46083231155626464,0.887487228429632,0
0.3319765000481956,3,-1.1900813612765468,-0.5052740046603735,3,1970-01-01 00:00:00.000000000,0.9031837489979468,0.2443853286761315,0.6583747159595755,-0.7290868289631444,0.8782409138511671,0,3,-1.3344680501585335,1.4557863850688555,-1.4381962756160118,1.1285696000024157,-1.564060674190245,1,1,83,0.9390096540689998,-1.5013996522800717,1.1365151414154882,0.0,0.5335716574263164,-0.6123724356957944,-1.143755299055914,0.015581306671598155,-1.1921288698046946,-0.2655301134847581,0.04760306542580989,0.0038112711489760626,-0.42051466321152303,0.09149788042738796,0.24336354298385784,0.9699351452269085,0.46083231155626464,0.887487228429632,0
0.3346008202066794,0,-0.6080302678557142,0.6480739811845253,0,1970-01-01 00:00:00.000000000,0.9033691073168572,-0.8087784156258352,-1.1926468496775695,0.4424221354085545,-0.7959410592797486,3,2,0.3683851723864969,1.1044600345982196,1.413805817748956,-1.434897824537781,-0.2666831564287514,0,1,36,1.0834726777719228,-1.5013996522800717,1.1365151414154882,0.0,0.5335716574263164,-0.6123724356957944,0.23974267930821366,-1.1450655921244242,0.6599535557222693,-1.1913732075929888,-0.93659703584962,-0.41487080824097017,-0.42051466321152303,0.09149788042738796,0.27986403674065413,0.9600396455038853,0.46083231155626464,0.887487228429632,0
0.3372251403651631,4,0.5075676612008815,-1.1583746713436296,2,1970-01-01 00:00:00.000000000,0.9036121326683174,1.1601798889387114,-1.1926468496775695,1.101395927867635,0.3201802561408619,1,2,-0.1300108927486339,0.7531336841275833,-0.4000197813785549,0.7238115856013319,-1.1316015016030805,1,2,42,1.227935701474846,-1.5013996522800717,1.1365151414154882,0.0,0.5335716574263164,-0.6123724356957944,-0.7867235627038811,0.2387826333631409,-1.1921288698046946,0.6603129806234728,0.3504338658182498,0.10848179099646262,-0.42051466321152303,0.09149788042738796,0.3159642670044579,0.9487710903986987,0.46083231155626464,0.887487228429632,0
0.3398494605236469,4,0.5075676612008815,-0.8804594940316057,1,1970-01-01 00:00:00.000000000,0.9036471447952228,0.0154366886104866,0.6583747159595755,-0.5094288981434508,-0.8889511688981327,3,5,-1.376001055586461,0.5774705088922653,0.0295704920990134,0.8587309237350265,-1.1316015016030805,1,1,69,1.372398725177769,-1.5013996522800717,1.1365151414154882,0.0,0.5335716574263164,-0.6123724356957944,1.132322020188296,-0.7879434694179558,-1.1921288698046946,-1.1913732075929888,0.19901846562202985,0.10848179099646262,-0.42051466321152303,0.09149788042738796,0.35161260297471486,0.9361455962772808,0.46083231155626464,0.887487228429632,0
0.3424737806821307,1,-0.6080302678557142,-1.2070098273732337,4,1970-01-01 00:00:00.000000000,0.9198392237204795,0.9312312488730664,-0.267136066858997,-0.4362095878702197,-0.5169107304245959,1,2,1.4482433135126136,0.9873512511080076,0.6739559023153661,0.3865132402670955,-0.2666831564287514,2,1,8,1.516861748880692,-1.5013996522800717,1.1365151414154882,0.0,0.5335716574263164,-0.6123724356957944,0.01659784408819306,1.1315879401293119,0.6599535557222693,-1.1913732075929888,1.1832185668974597,-0.7288823677834299,-0.42051466321152303,0.09149788042738796,0.3867580601532345,0.9221812202091881,0.46083231155626464,0.887487228429632,0
0.3450981008406144,2,0.5075676612008815,0.773135810974936,3,1970-01-01 00:00:00.000000000,0.903861336630408,0.0612264166236156,0.6583747159595755,1.1746152381408663,3.3895138735475405,0,5,-0.4622749361720545,0.1090353749314169,-1.4739954650724758,1.26348893813611,1.4631535339199069,0,2,39,1.661324772583615,-1.5013996522800717,1.1365151414154882,0.0,0.5335716574263164,-0.6123724356957944,0.9091771849682755,0.015581306671598155,-0.2660876570412127,0.6603129806234728,0.5775569661125798,-0.9382234074784029,1.0733891807582552,0.09149788042738796,0.4213503732625737,0.906897934142255,0.46083231155626464,0.887487228429632,0
0.3477224209990982,0,1.2351315279769222,-0.0606097209611354,4,1970-01-01 00:00:00.000000000,0.9202655478539734,-0.5340400475470612,-0.267136066858997,-1.021964070056069,-0.5169107304245959,0,4,0.8667812375216276,-2.994347387559203,-1.6052591597461772,0.8587309237350265,1.0306943613327422,2,1,-46,-1.661324772583615,-1.3810250445899785,1.1365151414154882,0.0,1.0395447808478233,1.6329931618554518,0.06122681113219718,0.9083866134377692,0.6599535557222693,-0.2655301134847581,0.27472616572013986,-0.41487080824097017,-0.42051466321152303,0.09149788042738796,-0.4213503732625737,0.906897934142255,0.8034653310326239,0.5953515447436382,0
0.3503467411575819,3,0.0225250833501877,-1.6794656288036742,0,1970-01-01 00:00:00.000000000,0.9203190958127696,1.4807079850306142,-1.1926468496775695,1.2478345484140976,0.3201802561408619,1,3,-1.0437370121630405,-1.2377156352060217,1.0200147337278518,1.0611099309355685,-0.2666831564287514,2,2,30,-1.516861748880692,-1.3810250445899785,1.1365151414154882,0.0,1.0395447808478233,1.6329931618554518,-0.5189497604398564,0.0602215720099067,-0.2660876570412127,0.6603129806234728,0.5775569661125798,0.21315231084394917,-0.42051466321152303,0.09149788042738796,-0.3867580601532345,0.9221812202091881,0.8034653310326239,0.5953515447436382,0
0.3529710613160657,0,0.5075676612008815,-0.5261176429587754,2,1970-01-01 00:00:00.000000000,0.9203232148865234,0.0154366886104866,-0.267136066858997,-1.2416220008757626,0.0411499272857092,3,4,-1.4175340610143885,-0.4765085425196433,-1.8200542964849613,0.6563519165344845,1.4631535339199069,2,0,52,-1.372398725177769,-1.3810250445899785,1.1365151414154882,0.0,1.0395447808478233,1.6329931618554518,1.4447247894963249,-0.5201018773881044,-1.1921288698046946,-0.2655301134847581,0.04760306542580989,0.0038112711489760626,-0.42051466321152303,-1.5604775497547658,-0.35161260297471486,0.9361455962772808,0.8034653310326239,0.5953515447436382,0
0.3555953814745495,3,0.0225250833501877,0.7592400521093348,2,1970-01-01 00:00:00.000000000,0.920712467356235,1.66386689708313,-1.1926468496775695,0.3692028251353233,-1.447011826608438,2,3,0.5345171940982071,0.3432529419118411,-0.94894068637767,0.1166745639997063,0.165776016158413,2,2,19,-1.227935701474846,-1.3810250445899785,1.1365151414154882,0.0,1.0395447808478233,1.6329931618554518,0.01659784408819306,1.4440697974974717,-0.2660876570412127,-1.1913732075929888,0.04760306542580989,0.0038112711489760626,-1.9144185071813014,-1.5604775497547658,-0.3159642670044579,0.9487710903986987,0.8034653310326239,0.5953515447436382,0
0.3582197016330332,2,-0.6080302678557142,-0.171775791885945,1,1970-01-01 00:00:00.000000000,0.9206692170818226,-1.49562433582277,-1.1926468496775695,0.2227642045888609,1.1572712427063196,1,3,-1.4175340610143885,-0.2422909755392192,1.7001993334006682,0.1841342330665536,-0.2666831564287514,0,1,56,-1.0834726777719228,-1.3810250445899785,1.1365151414154882,0.0,1.0395447808478233,1.6329931618554518,1.6232406576723413,0.015581306671598155,-1.1921288698046946,-0.2655301134847581,0.04760306542580989,0.0038112711489760626,-1.9144185071813014,-1.5604775497547658,-0.27986403674065413,0.9600396455038853,0.8034653310326239,0.5953515447436382,0
0.360844021791517,3,0.5075676612008815,0.2103575769180877,2,1970-01-01 00:00:00.000000000,0.9212994353661178,-1.724572975888415,-0.267136066858997,-1.2416220008757626,-0.1448702919510591,1,1,1.4482433135126136,0.3432529419118411,-1.0324721284427527,-0.4230027885350718,-1.564060674190245,0,2,-3,-0.9390096540689998,-1.3810250445899785,1.1365151414154882,0.0,1.0395447808478233,1.6329931618554518,-1.4561580683639428,1.622630858850706,-1.1921288698046946,-1.1913732075929888,-0.8608893357515099,2.2018921879461937,-0.42051466321152303,-1.5604775497547658,-0.24336354298385784,0.9699351452269085,0.8034653310326239,0.5953515447436382,0
0.3634683419500008,1,-1.1900813612765468,0.8704061230341443,3,1970-01-01 00:00:00.000000000,0.9214786150743978,0.7938620648336794,1.583885498778148,0.2959835148620921,-0.7959410592797486,3,6,-0.2961429144603442,1.1630144263433255,1.0200147337278518,-0.5579221266687664,1.4631535339199069,2,1,53,-0.7945466303660768,-1.3810250445899785,1.1365151414154882,0.0,1.0395447808478233,1.6329931618554518,-1.6793029035839635,-1.457547449492584,-0.2660876570412127,-1.1913732075929888,-1.3151355363401698,1.0505164696238416,-0.42051466321152303,0.09149788042738796,-0.2065149889942563,0.9784434369551989,0.8034653310326239,0.5953515447436382,0
0.3660926621084845,1,-0.6080302678557142,0.0575042293964746,0,1970-01-01 00:00:00.000000000,0.921552758401962,-1.5872037918490278,0.6583747159595755,0.662080066228248,1.2502813523247038,2,5,-1.5006000718702437,1.2801232098335376,-1.318865644094465,-0.8277608029361555,1.4631535339199069,0,1,84,-0.6500836066631537,-1.3810250445899785,1.1365151414154882,0.0,1.0395447808478233,1.6329931618554518,0.7752902838362631,-1.6807487761841267,1.5859947684857512,-0.2655301134847581,-1.39084323643828,1.1551869894713283,1.0733891807582552,0.09149788042738796,-0.16937107583020397,0.9855523520707153,0.8034653310326239,0.5953515447436382,0
0.3687169822669683,1,-0.8020472989959917,0.7245006549453318,4,1970-01-01 00:00:00.000000000,0.921373578693682,-0.0761427674157713,-1.1926468496775695,1.101395927867635,0.2271701465224777,1,3,0.3683851723864969,0.6945792923824773,0.5188260813373553,1.398408276269805,-0.2666831564287514,1,0,29,-0.5056205829602307,-1.3810250445899785,1.1365151414154882,0.0,1.0395447808478233,1.6329931618554518,-1.5454160024519512,0.7744658174228435,0.6599535557222693,1.5861560747317036,-0.48235083526096,0.6318343902338954,1.0733891807582552,1.7434733106095417,-0.1319849269748023,0.9912517233535869,0.8034653310326239,0.5953515447436382,0
0.371341302425452,1,0.5075676612008815,0.70365701664693,0,1970-01-01 00:00:00.000000000,0.92157953238136,-1.0835167837046091,-1.1926468496775695,-0.6558675186899132,0.5062004753776304,2,1,0.2022531506747865,-1.0034980682255976,-0.9608737495298248,1.1960292690692629,-0.699142329015916,0,1,4,-0.36115755925730764,-1.3810250445899785,1.1365151414154882,0.0,1.0395447808478233,1.6329931618554518,-0.07266008999981517,-1.546827980169201,-1.1921288698046946,0.6603129806234728,-1.4665509365363898,-0.3102002883934836,-0.42051466321152303,0.09149788042738796,-0.09441001235832401,0.9955333995233415,0.8034653310326239,0.5953515447436382,0
0.3739656225839358,0,-1.1900813612765468,1.224747974106975,2,1970-01-01 00:00:00.000000000,0.9221994529812714,0.0154366886104866,-0.267136066858997,0.5888607559550169,-0.8889511688981327,2,0,0.7837152266657725,-1.0034980682255976,-1.617192222898332,-0.1531641122676827,-0.2666831564287514,2,1,-10,-0.21669453555438456,-1.3810250445899785,1.1365151414154882,0.0,1.0395447808478233,1.6329931618554518,-1.0544973649679057,-0.07369922400501895,-1.1921288698046946,-1.1913732075929888,-0.6337662354571799,-0.7288823677834299,-0.42051466321152303,0.09149788042738796,-0.056700071885147196,0.9983912568969238,0.8034653310326239,0.5953515447436382,0
0.3765899427424196,2,-0.6080302678557142,-0.4774824869291711,4,1970-01-01 00:00:00.000000000,0.9219626062404416,-1.358255151783383,0.6583747159595755,0.0763255840423986,0.6922206946143987,0,1,0.7006492158099173,-0.4179541507745373,1.1632114915537075,0.52143257840079,-1.1316015016030805,1,1,2,-0.07223151185146152,-1.3810250445899785,1.1365151414154882,0.0,1.0395447808478233,1.6329931618554518,0.01659784408819306,-1.055785061447807,-0.2660876570412127,-1.1913732075929888,-1.3151355363401698,-0.41487080824097017,-0.42051466321152303,0.09149788042738796,-0.01890903857456981,0.9998212081468293,0.8034653310326239,0.5953515447436382,0
0.3792142629009033,3,0.0225250833501877,-0.5052740046603735,1,1970-01-01 00:00:00.000000000,0.9221767980756268,-1.5414140638358989,-0.267136066858997,-0.7290868289631444,-1.2609916073716696,3,4,-1.3344680501585335,-1.1206068517158096,-1.652991412354796,-0.4230027885350718,-1.1316015016030805,1,2,39,0.07223151185146152,-1.3810250445899785,1.1365151414154882,0.0,1.0395447808478233,1.6329931618554518,-1.3222711672319305,0.015581306671598155,0.6599535557222693,-0.2655301134847581,-1.5422586366344997,-0.1008592486985105,-0.42051466321152303,0.09149788042738796,0.01890903857456981,0.9998212081468293,0.8034653310326239,0.5953515447436382,0
0.3818385830593871,3,-0.6080302678557142,0.0227648322324716,0,1970-01-01 00:00:00.000000000,0.9229244099618984,-1.95352161595406,-1.1926468496775695,1.4674924792337911,1.4363015715614724,1,0,1.5313093243684688,0.1090353749314169,-1.0444051915949075,0.993650261868721,-0.699142329015916,1,1,-9,0.21669453555438456,-1.3810250445899785,1.1365151414154882,0.0,1.0395447808478233,1.6329931618554518,-1.500787035407947,-1.3236266534776584,-0.2660876570412127,0.6603129806234728,-2.6778741381061497,-1.3569054868683492,-0.42051466321152303,0.09149788042738796,0.056700071885147196,0.9983912568969238,0.8034653310326239,0.5953515447436382,0
0.3844629032178708,1,-0.6080302678557142,1.2525394918381771,4,1970-01-01 00:00:00.000000000,0.9231283041127,-1.449834607809641,-0.267136066858997,-0.3629902775969885,-0.7029309496613644,1,1,1.489776318940541,-0.5936173260098554,1.234809870466636,1.1285696000024157,0.5982351887455776,1,1,-20,0.36115755925730764,-1.3810250445899785,1.1365151414154882,0.0,1.0395447808478233,1.6329931618554518,-1.902447738803984,-1.5021877148308926,-1.1921288698046946,-0.2655301134847581,-2.6778741381061497,-1.4615760067158357,-0.42051466321152303,-1.5604775497547658,0.09441001235832401,0.9955333995233415,0.8034653310326239,0.5953515447436382,0
0.3870872233763546,1,0.0225250833501877,-1.0611043592844212,4,1970-01-01 00:00:00.000000000,0.9229553030150502,-1.5872037918490278,0.6583747159595755,-1.5344992419686874,1.3432914619430882,2,2,1.3651773026567584,1.2215688180884317,1.5689356387269668,0.5888922474676374,-1.564060674190245,1,1,14,0.5056205829602307,-1.3810250445899785,1.1365151414154882,0.0,1.0395447808478233,1.6329931618554518,-1.4115291013199387,-1.9039501028756696,-0.2660876570412127,-1.1913732075929888,-2.7535818382042594,-1.4615760067158357,-0.42051466321152303,0.09149788042738796,0.1319849269748023,0.9912517233535869,0.8034653310326239,0.5953515447436382,0
0.3897115435348384,4,0.0225250833501877,-1.3459674160292456,4,1970-01-01 00:00:00.000000000,0.9231880306821264,1.251759344964969,1.583885498778148,-0.948744759782838,-0.7959410592797486,1,6,-1.5421330772981712,-1.2962700269511278,0.0295704920990134,-0.96268014106985,-0.2666831564287514,2,0,41,0.6500836066631537,-1.3810250445899785,1.1365151414154882,0.0,1.0395447808478233,1.6329931618554518,-1.5454160024519512,-1.4129071841542755,0.6599535557222693,-0.2655301134847581,-0.93659703584962,1.5738690688612744,1.0733891807582552,0.09149788042738796,0.16937107583020397,0.9855523520707153,0.8034653310326239,0.5953515447436382,0
0.3923358636933221,2,-0.6080302678557142,1.4123407187925907,3,1970-01-01 00:00:00.000000000,0.9233692699272832,-1.266675695757125,0.6583747159595755,-0.948744759782838,0.3201802561408619,2,5,-1.5421330772981712,-0.8863892847353856,1.1870776178580171,1.465867945336652,-0.699142329015916,2,0,48,0.7945466303660768,-1.3810250445899785,1.1365151414154882,0.0,1.0395447808478233,1.6329931618554518,1.2215799542763042,-1.546827980169201,1.5859947684857512,0.6603129806234728,-0.8608893357515099,1.469198549013788,1.0733891807582552,0.09149788042738796,0.2065149889942563,0.9784434369551989,0.8034653310326239,0.5953515447436382,0
0.3949601838518058,0,0.5075676612008815,0.3562630450069002,0,1970-01-01 00:00:00.000000000,0.9240633338547588,1.618077169070001,-1.1926468496775695,0.2959835148620921,1.3432914619430882,1,2,0.5760501995261347,-0.4765085425196433,-1.581393033441868,-0.96268014106985,-1.564060674190245,1,2,4,0.9390096540689998,-1.3810250445899785,1.1365151414154882,0.0,1.0395447808478233,1.6329931618554518,-1.2330132331439223,1.220868470805929,0.6599535557222693,1.5861560747317036,0.8803877665050197,1.469198549013788,-0.42051466321152303,1.7434733106095417,0.24336354298385784,0.9699351452269085,0.8034653310326239,0.5953515447436382,0
0.3975845040102896,3,-0.6080302678557142,1.1413734209133677,4,1970-01-01 00:00:00.000000000,0.9237523437863648,-0.2593016794682873,-1.1926468496775695,-1.6077185522419186,-0.4239006208062117,3,0,-0.0054118764648512,0.5774705088922653,1.378006628292492,0.3190535712002482,-1.564060674190245,2,0,36,1.0834726777719228,-1.3810250445899785,1.1365151414154882,0.0,1.0395447808478233,1.6329931618554518,1.5786116906283372,-1.2343461228010413,-1.1921288698046946,0.6603129806234728,0.04760306542580989,1.2598575093188147,-0.42051466321152303,0.09149788042738796,0.27986403674065413,0.9600396455038853,0.8034653310326239,0.5953515447436382,0
0.4002088241687734,4,-0.6080302678557142,-0.6442315933163855,0,1970-01-01 00:00:00.000000000,0.9241683702354746,-0.7629886876127061,-0.267136066858997,0.5156414456817857,0.5992105849960145,1,3,-0.5038079415999821,0.5774705088922653,0.4352946392722725,-0.4904624576019191,0.5982351887455776,0,0,48,1.227935701474846,-1.3810250445899785,1.1365151414154882,0.0,1.0395447808478233,1.6329931618554518,-0.25117595817583166,1.5779905935123975,-1.1921288698046946,-1.1913732075929888,0.3504338658182498,0.736504910081382,-1.9144185071813014,0.09149788042738796,0.3159642670044579,0.9487710903986987,0.8034653310326239,0.5953515447436382,0
0.4028331443272572,4,-1.1900813612765468,-0.7692934231067962,4,1970-01-01 00:00:00.000000000,0.9403007225913048,-1.5414140638358989,-0.267136066858997,-0.8755254495096068,-0.5169107304245959,2,6,0.0361211289630763,-0.5936173260098554,1.485404196661884,-1.6372768317383228,0.5982351887455776,2,2,15,1.372398725177769,-1.3810250445899785,1.1365151414154882,0.0,1.0395447808478233,1.6329931618554518,-0.742094595659877,-0.2522602853582531,-0.2660876570412127,-1.1913732075929888,-1.39084323643828,-0.6242118479359433,-0.42051466321152303,0.09149788042738796,0.35161260297471486,0.9361455962772808,0.8034653310326239,0.5953515447436382,0
0.4054574644857409,3,0.0225250833501877,1.322018286166183,1,1970-01-01 00:00:00.000000000,0.9403274965707028,-0.7171989595995771,0.6583747159595755,1.4674924792337911,1.5293116811798566,2,3,1.614375335224324,-0.8278348929902795,1.7359985228571322,-0.4230027885350718,-0.699142329015916,0,0,-27,1.516861748880692,-1.3810250445899785,1.1365151414154882,0.0,1.0395447808478233,1.6329931618554518,-1.500787035407947,-0.7433032040796472,-0.2660876570412127,-0.2655301134847581,-1.6179663367326098,-1.0428939273258895,1.0733891807582552,0.09149788042738796,0.3867580601532345,0.9221812202091881,0.8034653310326239,0.5953515447436382,0
0.4080817846442247,0,-1.1900813612765468,-1.2764886217012397,1,1970-01-01 00:00:00.000000000,0.9407085108929076,-1.6329935198621568,1.583885498778148,-1.0951833803293003,0.7852308042327829,1,1,1.406710308084686,-0.5936173260098554,-0.0181617605096052,0.3865132402670955,1.0306943613327422,2,1,-18,1.661324772583615,-1.3810250445899785,1.1365151414154882,0.0,1.0395447808478233,1.6329931618554518,-0.6974656286158728,-1.5021877148308926,0.6599535557222693,-0.2655301134847581,-2.1479202374193798,-0.9382234074784029,1.0733891807582552,0.09149788042738796,0.4213503732625737,0.906897934142255,0.8034653310326239,0.5953515447436382,0
0.4107061048027084,4,1.2351315279769222,1.4887673925533973,1,1970-01-01 00:00:00.000000000,0.9404613664676936,0.5191236967549054,0.6583747159595755,1.540711789507022,-0.7029309496613644,1,2,-1.1683360284468232,1.3386776015786437,1.6644001439442042,-0.22062378133453,-0.699142329015916,0,1,77,-1.661324772583615,-1.2606504368998852,1.1365151414154882,0.0,1.5455179042693301,1.6329931618554518,-1.5900449694959553,-0.6986629387413387,1.5859947684857512,0.6603129806234728,-1.01230473594773,0.4224933505389223,2.5672930247280337,-1.5604775497547658,-0.4213503732625737,0.906897934142255,0.9832032720901962,0.18251390563771203,0
0.4133304249611922,4,0.5075676612008815,0.5646994279909181,2,1970-01-01 00:00:00.000000000,0.9409268218018464,-0.0761427674157713,0.6583747159595755,1.7603697203267157,1.4363015715614724,2,4,1.032913259233338,-1.1206068517158096,0.4352946392722725,-0.4904624576019191,-1.564060674190245,0,1,-18,-1.516861748880692,-1.2606504368998852,1.1365151414154882,0.0,1.5455179042693301,1.6329931618554518,0.5075164815722384,-1.5914682455075098,0.6599535557222693,1.5861560747317036,-0.6337662354571799,0.4224933505389223,2.5672930247280337,-1.5604775497547658,-0.3867580601532345,0.9221812202091881,0.9832032720901962,0.18251390563771203,0
0.4159547451196759,2,1.2351315279769222,-0.3037855011091563,4,1970-01-01 00:00:00.000000000,0.9411410136370316,1.2975490729780983,-1.1926468496775695,1.39427316896056,0.1341600369040935,0,4,-0.0054118764648512,1.0459056428531135,1.5928017650312762,-0.7603011338693082,0.165776016158413,1,0,44,-1.372398725177769,-1.2606504368998852,1.1365151414154882,0.0,1.5455179042693301,1.6329931618554518,-0.07266008999981517,0.5066242253929922,0.6599535557222693,0.6603129806234728,0.9560954666031297,-0.5195413280884568,1.0733891807582552,0.09149788042738796,-0.35161260297471486,0.9361455962772808,0.9832032720901962,0.18251390563771203,0
0.4185790652781597,0,0.5075676612008815,-0.1926194301843467,2,1970-01-01 00:00:00.000000000,0.941484956295454,-1.220885967743996,-1.1926468496775695,-0.2897709673237573,0.3201802561408619,0,6,0.7837152266657725,-1.2377156352060217,-0.9370076232255152,-1.5698171626714756,0.165776016158413,2,2,-14,-1.227935701474846,-1.2606504368998852,1.1365151414154882,0.0,1.5455179042693301,1.6329931618554518,1.2662089213203085,-0.07369922400501895,-1.1921288698046946,0.6603129806234728,0.04760306542580989,0.8411754299288685,-0.42051466321152303,0.09149788042738796,-0.3159642670044579,0.9487710903986987,0.9832032720901962,0.18251390563771203,0
0.4212033854366435,4,-1.2870898768466854,0.995467952824555,0,1970-01-01 00:00:00.000000000,0.9412934193659136,0.7480723368205504,-0.267136066858997,-0.2165516570505261,-1.1679814977532854,1,4,-0.794538979595475,-1.3548244186962335,-0.173291581487616,-1.6372768317383228,-1.1316015016030805,1,0,22,-1.0834726777719228,-1.2606504368998852,1.1365151414154882,0.0,1.5455179042693301,1.6329931618554518,-1.1883842660999182,1.2655087361442376,-1.1921288698046946,-1.1913732075929888,0.5018492660144698,0.945845949776355,-0.42051466321152303,0.09149788042738796,-0.27986403674065413,0.9600396455038853,0.9832032720901962,0.18251390563771203,0
0.4238277055951272,0,1.2351315279769222,-1.3459674160292456,2,1970-01-01 00:00:00.000000000,0.9416929695200092,-1.5414140638358989,0.6583747159595755,-1.021964070056069,-1.6330320458452063,3,5,0.160720145246859,0.9287968593629016,-1.2353342020293825,-0.692841464802461,-1.564060674190245,0,2,38,-0.9390096540689998,-1.2606504368998852,1.1365151414154882,0.0,1.5455179042693301,1.6329931618554518,0.730661316792259,-1.1897058574627326,-0.2660876570412127,-1.1913732075929888,-1.0880124360458399,0.736504910081382,-0.42051466321152303,0.09149788042738796,-0.24336354298385784,0.9699351452269085,0.9832032720901962,0.18251390563771203,0
0.426452025753611,3,1.2351315279769222,1.5929855840454064,0,1970-01-01 00:00:00.000000000,0.9421831392966832,-0.4882503195339322,-1.1926468496775695,1.028176617594404,-0.1448702919510591,1,3,-1.085270017590968,-1.1206068517158096,-0.3403544656177815,0.049214894932859,0.165776016158413,2,1,33,-0.7945466303660768,-1.2606504368998852,1.1365151414154882,0.0,1.5455179042693301,1.6329931618554518,-1.500787035407947,0.7298255520845349,0.6599535557222693,-0.2655301134847581,-0.7094739355552899,0.5271638703864089,-0.42051466321152303,0.09149788042738796,-0.2065149889942563,0.9784434369551989,0.9832032720901962,0.18251390563771203,0
0.4290763459120947,1,-1.1900813612765468,-0.0745054798267366,0,1970-01-01 00:00:00.000000000,0.9423149496567972,0.9770209768861954,-1.1926468496775695,1.4674924792337911,1.4363015715614724,3,6,-1.5836660827260989,1.3972319933237496,0.566558333945974,0.993650261868721,-1.564060674190245,2,2,88,-0.6500836066631537,-1.2606504368998852,1.1365151414154882,0.0,1.5455179042693301,1.6329931618554518,-0.47432079339585226,-1.5021877148308926,-1.1921288698046946,0.6603129806234728,-0.55805853535907,0.8411754299288685,-0.42051466321152303,0.09149788042738796,-0.16937107583020397,0.9855523520707153,0.9832032720901962,0.18251390563771203,0
0.4317006660705785,4,1.2351315279769222,0.0297127116652722,0,1970-01-01 00:00:00.000000000,0.9420945792109816,0.6107031527811635,-0.267136066858997,-0.5094288981434508,-0.8889511688981327,1,6,-0.4622749361720545,1.3386776015786437,-0.0181617605096052,-0.22062378133453,1.4631535339199069,1,1,60,-0.5056205829602307,-1.2606504368998852,1.1365151414154882,0.0,1.5455179042693301,1.6329931618554518,0.9538061520122796,-0.4754616120497959,-1.1921288698046946,-1.1913732075929888,0.6532646662106898,-0.3102002883934836,-1.9144185071813014,0.09149788042738796,-0.1319849269748023,0.9912517233535869,0.9832032720901962,0.18251390563771203,0
0.4343249862290623,2,-0.6080302678557142,0.9676764350933528,2,1970-01-01 00:00:00.000000000,0.9425188438075984,-1.49562433582277,-0.267136066858997,-0.5094288981434508,0.2271701465224777,2,4,1.5728423297963965,0.4603617254020531,-0.7938108653996592,1.1960292690692629,-0.2666831564287514,2,0,-4,-0.36115755925730764,-1.2606504368998852,1.1365151414154882,0.0,1.5455179042693301,1.6329931618554518,0.5967744156602466,0.9530268787760777,-0.2660876570412127,-1.1913732075929888,0.04760306542580989,0.945845949776355,-0.42051466321152303,0.09149788042738796,-0.09441001235832401,0.9955333995233415,0.9832032720901962,0.18251390563771203,0
0.436949306387546,3,1.2351315279769222,1.6416207400750105,4,1970-01-01 00:00:00.000000000,0.9429842991417512,1.3891285290043562,1.583885498778148,-0.8023061392363756,-0.3308905111878275,1,6,1.489776318940541,0.8702424676177954,0.232432565685643,0.5888922474676374,0.5982351887455776,2,0,5,-0.21669453555438456,-1.2606504368998852,1.1365151414154882,0.0,1.5455179042693301,1.6329931618554518,-1.4561580683639428,0.5959047560696094,-0.2660876570412127,-0.2655301134847581,0.27472616572013986,1.2598575093188147,1.0733891807582552,0.09149788042738796,-0.056700071885147196,0.9983912568969238,0.9832032720901962,0.18251390563771203,0
0.4395736265460298,0,0.5075676612008815,-0.0258703237971324,2,1970-01-01 00:00:00.000000000,0.943118169038742,1.1601798889387114,-0.267136066858997,0.2959835148620921,-1.2609916073716696,3,1,-0.6699399633116924,-1.0034980682255976,1.1512784284015531,0.049214894932859,-0.2666831564287514,2,2,25,-0.07223151185146152,-1.2606504368998852,1.1365151414154882,0.0,1.5455179042693301,1.6329931618554518,1.3554668554083167,-1.457547449492584,1.5859947684857512,-0.2655301134847581,0.5775569661125798,1.5738690688612744,1.0733891807582552,0.09149788042738796,-0.01890903857456981,0.9998212081468293,0.9832032720901962,0.18251390563771203,0
0.4421979467045135,3,0.0225250833501877,1.1969564563757724,4,1970-01-01 00:00:00.000000000,0.9433055868945291,-0.0761427674157713,0.6583747159595755,0.5156414456817857,1.1572712427063196,3,0,-1.2929350447306058,-1.4133788104413398,0.0057043657947041,-0.8277608029361555,0.5982351887455776,0,0,33,0.07223151185146152,-1.2606504368998852,1.1365151414154882,0.0,1.5455179042693301,1.6329931618554518,1.132322020188296,1.3547892668208548,-0.2660876570412127,1.5861560747317036,1.4103416671917897,-0.3102002883934836,1.0733891807582552,0.09149788042738796,0.01890903857456981,0.9998212081468293,0.9832032720901962,0.18251390563771203,0
0.4448222668629973,4,1.2351315279769222,0.8634582436013437,4,1970-01-01 00:00:00.000000000,0.9435362550247288,-0.3508811354945452,-1.1926468496775695,0.4424221354085545,-1.2609916073716696,1,2,-1.376001055586461,0.9873512511080076,-0.3880867182264002,-0.0182447741339881,0.5982351887455776,1,2,76,0.21669453555438456,-1.2606504368998852,1.1365151414154882,0.0,1.5455179042693301,1.6329931618554518,-0.07266008999981517,1.1315879401293119,0.6599535557222693,-0.2655301134847581,0.4261415659163598,-0.3102002883934836,-0.42051466321152303,0.09149788042738796,0.056700071885147196,0.9983912568969238,0.9832032720901962,0.18251390563771203,0
0.4474465870214811,0,1.2351315279769222,-0.5191697635259748,0,1970-01-01 00:00:00.000000000,0.9435856839097714,0.5649134247680344,-0.267136066858997,-1.3148413111489938,0.8782409138511671,1,0,-0.3792089253161994,0.6360249006373713,-1.139869696812145,-0.8277608029361555,-1.1316015016030805,0,0,46,0.36115755925730764,-1.2606504368998852,1.1365151414154882,0.0,1.5455179042693301,1.6329931618554518,-0.3404338922638399,-0.07369922400501895,-1.1921288698046946,0.6603129806234728,0.12331076552391987,-1.0428939273258895,-0.42051466321152303,0.09149788042738796,0.09441001235832401,0.9955333995233415,0.9832032720901962,0.18251390563771203,0
0.4500709071799648,1,0.0225250833501877,-1.3529152954620465,2,1970-01-01 00:00:00.000000000,0.9437442682492836,0.3817545127155185,0.6583747159595755,1.4674924792337911,1.5293116811798566,0,3,0.0776541343910038,-0.7692805012451734,1.4018727545968013,-0.2880834504013773,-1.1316015016030805,1,0,11,0.5056205829602307,-1.2606504368998852,1.1365151414154882,0.0,1.5455179042693301,1.6329931618554518,0.5521454486162425,-0.34154081603487024,-0.2660876570412127,-1.1913732075929888,0.3504338658182498,-0.9382234074784029,-0.42051466321152303,0.09149788042738796,0.1319849269748023,0.9912517233535869,0.9832032720901962,0.18251390563771203,0
0.4526952273384486,3,-3.033243157109183,-1.3320716571636444,4,1970-01-01 00:00:00.000000000,0.943589802983525,0.9312312488730664,-1.1926468496775695,-1.2416220008757626,-0.4239006208062117,1,2,-1.4590670664423162,1.1630144263433255,1.6166678913355854,2.1404646360051247,-1.564060674190245,0,0,81,0.6500836066631537,-1.2606504368998852,1.1365151414154882,0.0,1.5455179042693301,1.6329931618554518,0.37362958044022604,0.5512644907313008,0.6599535557222693,-0.2655301134847581,1.0318031667012397,-1.4615760067158357,-0.42051466321152303,0.09149788042738796,0.16937107583020397,0.9855523520707153,0.9832032720901962,0.18251390563771203,0
0.4553195474969324,4,1.4776528169022691,0.3910024421709032,1,1970-01-01 00:00:00.000000000,0.944145877940256,0.0154366886104866,-0.267136066858997,-1.3148413111489938,1.3432914619430882,1,4,-0.1715438981765615,-3.462782521520051,1.4734711335097297,-1.0301398101366974,1.0306943613327422,0,2,-29,0.7945466303660768,-1.2606504368998852,1.1365151414154882,0.0,1.5455179042693301,1.6329931618554518,0.9091771849682755,0.37270342937806655,-1.1921288698046946,0.6603129806234728,0.04760306542580989,0.0038112711489760626,-0.42051466321152303,0.09149788042738796,0.2065149889942563,0.9784434369551989,0.9832032720901962,0.18251390563771203,0
0.4579438676554161,2,-0.6080302678557142,-1.0055213238220164,4,1970-01-01 00:00:00.000000000,0.9444506893980196,-0.0303530394026423,-0.267136066858997,0.7352993765014793,-0.0518601823326749,2,5,1.2821112918009034,-1.4133788104413398,1.2467429336187903,0.2515939021334009,-1.1316015016030805,0,2,-29,0.9390096540689998,-1.2606504368998852,1.1365151414154882,0.0,1.5455179042693301,1.6329931618554518,0.01659784408819306,0.9083866134377692,-0.2660876570412127,-1.1913732075929888,0.04760306542580989,0.0038112711489760626,-0.42051466321152303,0.09149788042738796,0.24336354298385784,0.9699351452269085,0.9832032720901962,0.18251390563771203,0
0.4605681878138999,0,3.223806097164766,1.3637055627629866,1,1970-01-01 00:00:00.000000000,0.9445763211475032,0.7938620648336794,-0.267136066858997,1.4674924792337911,-0.5169107304245959,3,5,-0.4622749361720545,1.1044600345982196,0.8171526601412221,-1.7721961698720174,1.0306943613327422,0,2,56,1.0834726777719228,-1.2606504368998852,1.1365151414154882,0.0,1.5455179042693301,1.6329931618554518,-0.028031122955811057,0.015581306671598155,-0.2660876570412127,-0.2655301134847581,0.04760306542580989,0.0038112711489760626,-0.42051466321152303,-1.5604775497547658,0.27986403674065413,0.9600396455038853,0.9832032720901962,0.18251390563771203,0
0.4631925079723836,3,1.2351315279769222,-0.1856715507515461,2,1970-01-01 00:00:00.000000000,0.9447802152983048,0.1985956006630025,1.583885498778148,1.2478345484140976,0.5992105849960145,0,4,-0.5453409470279097,0.8702424676177954,-0.8057439285518139,1.5333276144034993,0.5982351887455776,1,0,54,1.227935701474846,-1.2606504368998852,1.1365151414154882,0.0,1.5455179042693301,1.6329931618554518,0.7752902838362631,-0.029058958666710395,-0.2660876570412127,-0.2655301134847581,0.5775569661125798,-1.1475644471733761,1.0733891807582552,0.09149788042738796,0.3159642670044579,0.9487710903986987,0.9832032720901962,0.18251390563771203,0
0.4658168281308674,3,-1.1900813612765468,-0.4566388486307694,2,1970-01-01 00:00:00.000000000,0.9609166867278884,0.7480723368205504,-0.267136066858997,-0.5094288981434508,-1.1679814977532854,2,3,0.1191871398189314,-0.7107261095000674,-0.9966729389862888,-1.1650591482703918,1.4631535339199069,2,1,11,1.372398725177769,-1.2606504368998852,1.1365151414154882,0.0,1.5455179042693301,1.6329931618554518,0.19511371226420954,0.7744658174228435,1.5859947684857512,-0.2655301134847581,0.9560954666031297,-1.3569054868683492,1.0733891807582552,0.09149788042738796,0.35161260297471486,0.9361455962772808,0.9832032720901962,0.18251390563771203,0
0.4684411482893512,1,0.0225250833501877,0.9537806762277514,2,1970-01-01 00:00:00.000000000,0.9609105081172582,-1.0835167837046091,-0.267136066858997,-1.461279931695456,-0.4239006208062117,1,4,0.0361211289630763,-1.3548244186962335,0.4114285129679632,1.6007872834703465,-1.1316015016030805,1,2,2,1.516861748880692,-1.2606504368998852,1.1365151414154882,0.0,1.5455179042693301,1.6329931618554518,0.730661316792259,0.19414236802483237,-0.2660876570412127,1.5861560747317036,-0.10381233477041008,0.10848179099646262,1.0733891807582552,0.09149788042738796,0.3867580601532345,0.9221812202091881,0.9832032720901962,0.18251390563771203,0
0.4710654684478349,1,0.0225250833501877,1.6068813429110074,4,1970-01-01 00:00:00.000000000,0.9613018201238468,-1.0377270556914802,-0.267136066858997,1.1746152381408663,0.5062004753776304,3,6,-1.2098690338747506,-2.29169468661793,0.4472277024244271,0.6563519165344845,0.165776016158413,2,1,16,1.661324772583615,-1.2606504368998852,1.1365151414154882,0.0,1.5455179042693301,1.6329931618554518,-1.0544973649679057,0.7298255520845349,-0.2660876570412127,-0.2655301134847581,-0.7851816356533999,0.31782283069143574,-0.42051466321152303,-1.5604775497547658,0.4213503732625737,0.906897934142255,0.9832032720901962,0.18251390563771203,0
0.4736897886063187,2,0.0225250833501877,-1.1305831536124271,3,1970-01-01 00:00:00.000000000,0.9613347727138752,0.8396517928468084,-1.1926468496775695,0.0031062737691674,0.5992105849960145,1,5,0.7837152266657725,-0.0666278003039011,-0.6864132970302671,-0.8952204720030028,1.4631535339199069,1,2,6,-1.661324772583615,-1.140275829209792,1.1365151414154882,0.0,-1.490320836259711,-0.6123724356957944,-1.0098683979239016,-1.055785061447807,-0.2660876570412127,-0.2655301134847581,-0.7094739355552899,0.4224933505389223,-0.42051466321152303,0.09149788042738796,-0.4213503732625737,0.906897934142255,-0.9729578811050594,0.23098260020086597,0
0.4763141087648024,2,1.2351315279769222,-0.4010558131683646,4,1970-01-01 00:00:00.000000000,0.9614336304839608,0.2443853286761315,0.6583747159595755,0.9549573073211728,-1.0749713881349012,1,0,0.2437861561027141,0.226144158421629,1.6644001439442042,0.1841342330665536,-0.699142329015916,1,2,24,-1.516861748880692,-1.140275829209792,1.1365151414154882,0.0,-1.490320836259711,-0.6123724356957944,0.8199192508802672,-1.0111447961094986,-1.1921288698046946,-0.2655301134847581,0.04760306542580989,0.10848179099646262,-0.42051466321152303,0.09149788042738796,-0.3867580601532345,0.9221812202091881,-0.9729578811050594,0.23098260020086597,0
0.4789384289232862,4,1.2351315279769222,0.8634582436013437,4,1970-01-01 00:00:00.000000000,0.9614933570533872,0.8396517928468084,0.6583747159595755,-1.3148413111489938,1.5293116811798566,1,4,0.1191871398189314,-0.3008453672843252,0.0415035552511681,2.410303312272514,1.0306943613327422,1,1,18,-1.372398725177769,-1.140275829209792,1.1365151414154882,0.0,-1.490320836259711,-0.6123724356957944,0.23974267930821366,0.819106082761152,0.6599535557222693,-1.1913732075929888,1.1075108667993496,-1.3569054868683492,-0.42051466321152303,0.09149788042738796,-0.35161260297471486,0.9361455962772808,-0.9729578811050594,0.23098260020086597,0
0.48156274908177,4,-1.1900813612765468,1.5165589102845998,0,1970-01-01 00:00:00.000000000,0.961742561015478,-0.3050914074814163,-1.1926468496775695,-1.3148413111489938,-1.2609916073716696,1,3,-1.085270017590968,1.1630144263433255,0.7813534706847581,-1.6372768317383228,1.4631535339199069,1,1,72,-1.227935701474846,-1.140275829209792,1.1365151414154882,0.0,-1.490320836259711,-0.6123724356957944,0.8199192508802672,0.2387826333631409,0.6599535557222693,0.6603129806234728,0.4261415659163598,-0.8335528876309164,-0.42051466321152303,0.09149788042738796,-0.3159642670044579,0.9487710903986987,-0.9729578811050594,0.23098260020086597,0
0.4841870692402537,2,0.0225250833501877,1.0857903854509627,0,1970-01-01 00:00:00.000000000,0.9617446205523548,1.572287441056872,0.6583747159595755,0.0031062737691674,0.5062004753776304,3,3,0.1191871398189314,-1.1791612434609158,-0.2926222130091628,0.2515939021334009,-1.1316015016030805,0,0,3,-1.0834726777719228,-1.140275829209792,1.1365151414154882,0.0,-1.490320836259711,-0.6123724356957944,-0.29580492521983576,0.819106082761152,-1.1921288698046946,0.6603129806234728,1.1832185668974597,0.10848179099646262,-0.42051466321152303,0.09149788042738796,-0.27986403674065413,0.9600396455038853,-0.9729578811050594,0.23098260020086597,0
0.4868113893987374,2,0.0225250833501877,-1.4988207635508588,4,1970-01-01 00:00:00.000000000,0.9619238002606348,0.1070161446367446,-0.267136066858997,-1.1684026906025315,-1.2609916073716696,2,0,0.5760501995261347,-0.5350629342647494,1.0916131126407798,0.52143257840079,0.165776016158413,1,1,3,-0.9390096540689998,-1.140275829209792,1.1365151414154882,0.0,-1.490320836259711,-0.6123724356957944,1.533982723584333,-0.2969005506965617,0.6599535557222693,-1.1913732075929888,0.8046800664069097,0.21315231084394917,-0.42051466321152303,0.09149788042738796,-0.24336354298385784,0.9699351452269085,-0.9729578811050594,0.23098260020086597,0
0.4894357095572212,0,0.0225250833501877,1.4540279953893944,1,1970-01-01 00:00:00.000000000,0.9625766734505744,0.8854415208599373,1.583885498778148,1.101395927867635,-1.3540017169900538,1,2,-1.3344680501585335,-0.9449436764804916,1.5092703229661937,-1.1650591482703918,-1.1316015016030805,1,2,42,-0.7945466303660768,-1.140275829209792,1.1365151414154882,0.0,-1.490320836259711,-0.6123724356957944,0.1058557781762013,1.5333503281740888,-0.2660876570412127,0.6603129806234728,1.4103416671917897,-0.41487080824097017,1.0733891807582552,0.09149788042738796,-0.2065149889942563,0.9784434369551989,-0.9729578811050594,0.23098260020086597,0
0.492060029715705,1,-1.1900813612765468,1.5374025485830014,0,1970-01-01 00:00:00.000000000,0.9623624816153892,-0.8087784156258352,1.583885498778148,0.7352993765014793,-0.7959410592797486,1,0,-1.1683360284468232,-2.5259122535983543,-1.2114680757250729,0.52143257840079,1.4631535339199069,2,1,11,-0.6500836066631537,-1.140275829209792,1.1365151414154882,0.0,-1.490320836259711,-0.6123724356957944,0.8645482179242713,0.10486183734821526,1.5859947684857512,-0.2655301134847581,0.12331076552391987,-0.20552976854599705,1.0733891807582552,0.09149788042738796,-0.16937107583020397,0.9855523520707153,-0.9729578811050594,0.23098260020086597,0
0.4946843498741888,4,-0.6080302678557142,1.426236477658192,4,1970-01-01 00:00:00.000000000,0.9625396017867924,1.3891285290043562,3.434907064415293,-1.3148413111489938,1.3432914619430882,0,3,-0.5038079415999821,1.1630144263433255,0.8887510390541502,-1.0301398101366974,-0.699142329015916,0,1,58,-0.5056205829602307,-1.140275829209792,1.1365151414154882,0.0,-1.490320836259711,-0.6123724356957944,-0.7867235627038811,0.8637463480994606,1.5859947684857512,1.5861560747317036,0.8046800664069097,0.5271638703864089,2.5672930247280337,0.09149788042738796,-0.1319849269748023,0.9912517233535869,-0.9729578811050594,0.23098260020086597,0
0.4973086700326725,1,0.5075676612008815,1.6346728606422098,3,1970-01-01 00:00:00.000000000,0.9629370924040112,-1.6329935198621568,-0.267136066858997,-0.948744759782838,-0.7959410592797486,0,5,0.5345171940982071,0.167589766676523,-0.0181617605096052,1.465867945336652,-0.699142329015916,0,1,16,-0.36115755925730764,-1.140275829209792,1.1365151414154882,0.0,-1.490320836259711,-0.6123724356957944,1.3554668554083167,-0.7879434694179558,3.438077194012715,1.5861560747317036,-0.55805853535907,1.469198549013788,2.5672930247280337,1.7434733106095417,-0.09441001235832401,0.9955333995233415,-0.9729578811050594,0.23098260020086597,0
0.4999329901911563,1,-0.6080302678557142,1.731943172701418,1,1970-01-01 00:00:00.000000000,0.963589965593951,-0.9003578716520931,0.6583747159595755,-0.0701130365040637,-0.0518601823326749,3,2,0.1191871398189314,-0.0666278003039011,-1.2472672651815369,0.5888922474676374,-1.564060674190245,1,1,22,-0.21669453555438456,-1.140275829209792,1.1365151414154882,0.0,-1.490320836259711,-0.6123724356957944,-1.5900449694959553,1.3547892668208548,-0.2660876570412127,3.4378422629481653,-0.6337662354571799,1.5738690688612744,2.5672930247280337,1.7434733106095417,-0.056700071885147196,0.9983912568969238,-0.9729578811050594,0.23098260020086597,0
0.50255731034964,2,1.089618754621714,1.1900085769429718,2,1970-01-01 00:00:00.000000000,0.9635590725407992,0.6564928807942925,0.6583747159595755,1.6139310997802534,1.4363015715614724,1,0,0.3683851723864969,0.5189161171471592,-1.4620624019203212,3.624577355475765,-1.564060674190245,1,0,26,-0.07223151185146152,-1.140275829209792,1.1365151414154882,0.0,-1.490320836259711,-0.6123724356957944,-0.8759814967918893,-1.5914682455075098,0.6599535557222693,-0.2655301134847581,-1.01230473594773,0.6318343902338954,1.0733891807582552,0.09149788042738796,-0.01890903857456981,0.9998212081468293,-0.9729578811050594,0.23098260020086597,0
0.5051816305081238,0,0.0225250833501877,1.2316958535397753,4,1970-01-01 00:00:00.000000000,0.9635261199507708,0.0154366886104866,0.6583747159595755,-1.5344992419686874,-0.7029309496613644,1,6,-1.5006000718702437,-0.9449436764804916,1.5092703229661937,0.1841342330665536,-1.1316015016030805,0,2,46,0.07223151185146152,-1.140275829209792,1.1365151414154882,0.0,-1.490320836259711,-0.6123724356957944,0.6414033827042507,-0.8772240000945728,0.6599535557222693,0.6603129806234728,0.04760306542580989,0.0038112711489760626,1.0733891807582552,-1.5604775497547658,0.01890903857456981,0.9998212081468293,-0.9729578811050594,0.23098260020086597,0
0.5078059506666076,3,0.5075676612008815,-0.3315770188403587,4,1970-01-01 00:00:00.000000000,0.9641851717513408,1.5264977130437432,-0.267136066858997,-0.3629902775969885,-1.0749713881349012,1,6,-1.2514020393026783,-0.7692805012451734,-1.318865644094465,1.1960292690692629,-0.2666831564287514,0,2,43,0.21669453555438456,-1.140275829209792,1.1365151414154882,0.0,-1.490320836259711,-0.6123724356957944,0.01659784408819306,0.6405450214079178,0.6599535557222693,0.6603129806234728,0.04760306542580989,0.0038112711489760626,1.0733891807582552,-1.5604775497547658,0.056700071885147196,0.9983912568969238,-0.9729578811050594,0.23098260020086597,0
0.5104302708250913,0,-0.6080302678557142,-0.1995673096171474,1,1970-01-01 00:00:00.000000000,0.9640183492643216,0.3817545127155185,1.583885498778148,0.662080066228248,-0.1448702919510591,3,5,0.5345171940982071,0.3432529419118411,-1.4501293387681664,-1.2999784864040864,0.5982351887455776,1,2,19,0.36115755925730764,-1.140275829209792,1.1365151414154882,0.0,-1.490320836259711,-0.6123724356957944,1.489353756540329,0.015581306671598155,-0.2660876570412127,0.6603129806234728,0.04760306542580989,0.0038112711489760626,1.0733891807582552,0.09149788042738796,0.09441001235832401,0.9955333995233415,-0.9729578811050594,0.23098260020086597,0
0.5130545909835751,0,1.2351315279769222,0.877354002466945,0,1970-01-01 00:00:00.000000000,0.9643272797958388,0.6107031527811635,-1.1926468496775695,-1.461279931695456,-1.3540017169900538,3,6,0.0361211289630763,0.6360249006373713,-1.2234011388772277,0.049214894932859,-1.1316015016030805,1,0,36,0.5056205829602307,-1.140275829209792,1.1365151414154882,0.0,-1.490320836259711,-0.6123724356957944,0.37362958044022604,1.4887100628357803,1.5859947684857512,-0.2655301134847581,1.4103416671917897,-0.7288823677834299,-0.42051466321152303,0.09149788042738796,0.1319849269748023,0.9912517233535869,-0.9729578811050594,0.23098260020086597,0
0.5156789111420589,1,-0.6080302678557142,0.6897612577813288,0,1970-01-01 00:00:00.000000000,0.9645682456104224,1.1601798889387114,2.509396281596721,-1.1684026906025315,1.4363015715614724,1,4,1.2405782863729755,0.0504809831863109,-1.4859285282246304,-1.7721961698720174,-0.699142329015916,1,1,-3,0.6500836066631537,-1.140275829209792,1.1365151414154882,0.0,-1.490320836259711,-0.6123724356957944,0.5967744156602466,0.37270342937806655,-1.1921288698046946,1.5861560747317036,1.1832185668974597,-1.2522349670208626,1.0733891807582552,1.7434733106095417,0.16937107583020397,0.9855523520707153,-0.9729578811050594,0.23098260020086597,0
0.5183032313005426,0,-0.0259791744348816,-0.894355252897207,0,1970-01-01 00:00:00.000000000,0.9647330085605648,-0.2593016794682873,-0.267136066858997,-1.388060621422225,1.5293116811798566,1,2,-0.6284069578837648,-0.7107261095000674,-1.5455938439854038,-0.6253817957356137,1.4631535339199069,2,2,29,0.7945466303660768,-1.140275829209792,1.1365151414154882,0.0,-1.490320836259711,-0.6123724356957944,1.132322020188296,0.5959047560696094,2.512035981249233,-1.1913732075929888,0.8803877665050197,-0.5195413280884568,1.0733891807582552,1.7434733106095417,0.2065149889942563,0.9784434369551989,-0.9729578811050594,0.23098260020086597,0
0.5209275514590264,4,-1.1900813612765468,-0.0050266854987307,2,1970-01-01 00:00:00.000000000,0.9651881662103337,-0.1219324954289003,0.6583747159595755,-1.3148413111489938,-0.7959410592797486,3,5,-1.0022040067351128,-3.228564954539627,0.5784913970981286,-0.4904624576019191,-0.2666831564287514,0,2,-5,0.9390096540689998,-1.140275829209792,1.1365151414154882,0.0,-1.490320836259711,-0.6123724356957944,-0.25117595817583166,1.1315879401293119,-0.2660876570412127,2.5119991688399343,0.4261415659163598,-0.3102002883934836,1.0733891807582552,1.7434733106095417,0.24336354298385784,0.9699351452269085,-0.9729578811050594,0.23098260020086597,0
0.5235518716175102,1,0.0225250833501877,-0.824876458569201,1,1970-01-01 00:00:00.000000000,0.9648112709618826,0.1070161446367446,-1.1926468496775695,-0.3629902775969885,0.6922206946143987,1,2,0.6175832049540623,0.9287968593629016,0.1847003130770243,0.5888922474676374,-0.699142329015916,2,1,27,1.0834726777719228,-1.140275829209792,1.1365151414154882,0.0,-1.490320836259711,-0.6123724356957944,-0.1172890570438193,-0.2522602853582531,0.6599535557222693,-0.2655301134847581,-0.10381233477041008,-1.670917046410809,-0.42051466321152303,0.09149788042738796,0.27986403674065413,0.9600396455038853,-0.9729578811050594,0.23098260020086597,0
0.5261761917759938,4,0.0225250833501877,0.4326897187677068,1,1970-01-01 00:00:00.000000000,0.9649904506701624,-0.2135119514551583,-0.267136066858997,0.7352993765014793,-0.0518601823326749,2,3,1.614375335224324,-0.1251821920490071,1.0200147337278518,-0.8277608029361555,1.0306943613327422,0,2,-15,1.227935701474846,-1.140275829209792,1.1365151414154882,0.0,-1.490320836259711,-0.6123724356957944,0.1058557781762013,-0.1183394893433275,-1.1921288698046946,0.6603129806234728,-0.10381233477041008,-1.7755875662582954,-0.42051466321152303,0.09149788042738796,0.3159642670044579,0.9487710903986987,-0.9729578811050594,0.23098260020086597,0
0.5288005119344776,3,-0.9960643301362692,-1.1583746713436296,0,1970-01-01 00:00:00.000000000,0.9815244127169652,1.0228107048993242,-0.267136066858997,-1.021964070056069,-0.7029309496613644,2,0,-1.6251990881540264,1.865667127284598,1.2228768073144811,0.049214894932859,1.4631535339199069,0,1,97,1.372398725177769,-1.140275829209792,1.1365151414154882,0.0,-1.490320836259711,-0.6123724356957944,-0.20654699113182753,0.10486183734821526,-0.2660876570412127,-1.1913732075929888,0.5018492660144698,-0.6242118479359433,-0.42051466321152303,0.09149788042738796,0.35161260297471486,0.9361455962772808,-0.9729578811050594,0.23098260020086597,0
0.5314248320929614,1,-1.1900813612765468,0.4743769953645104,0,1970-01-01 00:00:00.000000000,0.9654517869305616,0.9770209768861954,0.6583747159595755,0.2959835148620921,0.6922206946143987,3,4,-1.0022040067351128,0.8702424676177954,0.8052195969890675,1.5333276144034993,-1.564060674190245,0,0,65,1.516861748880692,-1.140275829209792,1.1365151414154882,0.0,-1.490320836259711,-0.6123724356957944,0.9984351190562837,-0.2076200200199446,-0.2660876570412127,-0.2655301134847581,1.0318031667012397,-0.5195413280884568,1.0733891807582552,0.09149788042738796,0.3867580601532345,0.9221812202091881,-0.9729578811050594,0.23098260020086597,0
0.5340491522514452,3,0.5075676612008815,1.5721419457470045,3,1970-01-01 00:00:00.000000000,0.9818910102810324,-1.724572975888415,-1.1926468496775695,1.540711789507022,0.1341600369040935,2,5,-1.5006000718702437,1.0459056428531135,-0.1613585183354613,-0.8952204720030028,-1.1316015016030805,0,2,80,1.661324772583615,-1.140275829209792,1.1365151414154882,0.0,-1.490320836259711,-0.6123724356957944,0.9538061520122796,0.9976671441143863,0.6599535557222693,-0.2655301134847581,0.19901846562202985,1.469198549013788,-0.42051466321152303,0.09149788042738796,0.4213503732625737,0.906897934142255,-0.9729578811050594,0.23098260020086597,0
0.5366734724099289,1,0.5075676612008815,0.4813248747973109,3,1970-01-01 00:00:00.000000000,0.981695354277738,0.3359647847023895,-1.1926468496775695,0.0031062737691674,1.0642611330879357,0,0,0.451451183242352,0.1090353749314169,-0.0181617605096052,-0.8952204720030028,-0.2666831564287514,0,2,17,-1.661324772583615,-1.0199012215196988,1.1365151414154882,0.0,-0.9843477128382041,-0.6123724356957944,-1.6793029035839635,0.9530268787760777,-1.1921288698046946,0.6603129806234728,-0.17952003486852006,1.1551869894713283,-0.42051466321152303,0.09149788042738796,-0.4213503732625737,0.906897934142255,-0.7729949150001408,0.6344122172404351,0
0.5392977925684127,2,1.2351315279769222,-0.3246291394075581,4,1970-01-01 00:00:00.000000000,0.9818951293547858,0.0154366886104866,-1.1926468496775695,0.0031062737691674,-0.0518601823326749,1,0,0.2853191615306417,2.6268742199709765,-0.5193504129001016,-0.7603011338693082,-1.564060674190245,1,1,64,-1.516861748880692,-1.0199012215196988,1.1365151414154882,0.0,-0.9843477128382041,-0.6123724356957944,0.3290006133962219,-1.6807487761841267,-1.1921288698046946,-1.1913732075929888,0.04760306542580989,0.0038112711489760626,-1.9144185071813014,-1.5604775497547658,-0.3867580601532345,0.9221812202091881,-0.7729949150001408,0.6344122172404351,0
0.5419221127268965,0,-0.6080302678557142,0.7522921726765343,4,1970-01-01 00:00:00.000000000,0.9823152748776494,1.4807079850306142,-0.267136066858997,-0.8755254495096068,1.4363015715614724,0,0,0.4099181778144244,-1.1206068517158096,-1.5694599702897132,0.7912712546681792,0.165776016158413,2,0,-3,-1.372398725177769,-1.0199012215196988,1.1365151414154882,0.0,-0.9843477128382041,-0.6123724356957944,0.01659784408819306,0.328063164039758,-1.1921288698046946,-1.1913732075929888,0.04760306542580989,0.0038112711489760626,-1.9144185071813014,0.09149788042738796,-0.35161260297471486,0.9361455962772808,-0.7729949150001408,0.6344122172404351,0
0.5445464328853802,2,0.0225250833501877,-1.3807068131932485,1,1970-01-01 00:00:00.000000000,0.9824635615327776,-0.1219324954289003,-1.1926468496775695,-0.582648208416682,-0.3308905111878275,0,0,-0.8360719850234026,0.5774705088922653,-1.104070507355681,1.1285696000024157,1.0306943613327422,2,2,56,-1.227935701474846,-1.0199012215196988,1.1365151414154882,0.0,-0.9843477128382041,-0.6123724356957944,1.4447247894963249,0.015581306671598155,-0.2660876570412127,-1.1913732075929888,0.04760306542580989,0.0038112711489760626,-1.9144185071813014,0.09149788042738796,-0.3159642670044579,0.9487710903986987,-0.7729949150001408,0.6344122172404351,0
0.547170753043864,3,-0.6080302678557142,1.1969564563757724,1,1970-01-01 00:00:00.000000000,0.9827560157692804,0.3817545127155185,-1.1926468496775695,1.39427316896056,1.5293116811798566,0,0,1.115979270089193,-1.0620524599707035,-0.2926222130091628,0.049214894932859,-1.564060674190245,0,1,-19,-1.0834726777719228,-1.0199012215196988,1.1365151414154882,0.0,-0.9843477128382041,-0.6123724356957944,-0.1172890570438193,1.4440697974974717,-1.1921288698046946,-0.2655301134847581,0.9560954666031297,-0.20552976854599705,-1.9144185071813014,-1.5604775497547658,-0.27986403674065413,0.9600396455038853,-0.7729949150001408,0.6344122172404351,0
0.5497950732023478,0,0.5075676612008815,-0.3941079337355641,2,1970-01-01 00:00:00.000000000,0.9825418239340952,0.5649134247680344,0.6583747159595755,-0.8023061392363756,0.8782409138511671,2,5,1.6559083406522517,1.1044600345982196,-0.1613585183354613,-0.8277608029361555,0.5982351887455776,2,0,5,-0.9390096540689998,-1.0199012215196988,1.1365151414154882,0.0,-0.9843477128382041,-0.6123724356957944,0.37362958044022604,-0.1183394893433275,-1.1921288698046946,-1.1913732075929888,0.5018492660144698,-1.2522349670208626,-0.42051466321152303,0.09149788042738796,-0.24336354298385784,0.9699351452269085,-0.7729949150001408,0.6344122172404351,0
0.5524193933608315,1,0.5075676612008815,0.6967091372141294,2,1970-01-01 00:00:00.000000000,0.9827189441054984,0.3817545127155185,1.583885498778148,0.662080066228248,0.5062004753776304,1,6,-1.1683360284468232,-1.0034980682255976,-0.0181617605096052,-1.5023574936046282,-1.564060674190245,2,1,37,-0.7945466303660768,-1.0199012215196988,1.1365151414154882,0.0,-0.9843477128382041,-0.6123724356957944,0.5521454486162425,0.37270342937806655,0.6599535557222693,-1.1913732075929888,0.7289723663087997,-1.880258086105782,1.0733891807582552,0.09149788042738796,-0.2065149889942563,0.9784434369551989,-0.7729949150001408,0.6344122172404351,0
0.5550437135193153,0,1.2351315279769222,0.0227648322324716,3,1970-01-01 00:00:00.000000000,0.9833141502628884,0.6107031527811635,-0.267136066858997,0.2959835148620921,0.8782409138511671,1,0,-1.5836660827260989,-0.8863892847353856,0.304030944598571,0.049214894932859,-0.699142329015916,1,2,49,-0.6500836066631537,-1.0199012215196988,1.1365151414154882,0.0,-0.9843477128382041,-0.6123724356957944,0.37362958044022604,0.5512644907313008,1.5859947684857512,0.6603129806234728,0.8803877665050197,-1.7755875662582954,1.0733891807582552,0.09149788042738796,-0.16937107583020397,0.9855523520707153,-0.7729949150001408,0.6344122172404351,0
0.557668033677799,4,0.5075676612008815,1.3498098038973854,4,1970-01-01 00:00:00.000000000,0.9834706750655238,0.2901750566892605,0.6583747159595755,0.5888607559550169,-0.9819612785165168,3,3,-1.2514020393026783,-1.3548244186962335,0.3398301340550351,1.0611099309355685,0.5982351887455776,0,2,33,-0.5056205829602307,-1.0199012215196988,1.1365151414154882,0.0,-0.9843477128382041,-0.6123724356957944,0.5967744156602466,0.37270342937806655,-0.2660876570412127,1.5861560747317036,0.7289723663087997,-1.670917046410809,1.0733891807582552,0.09149788042738796,-0.1319849269748023,0.9912517233535869,-0.7729949150001408,0.6344122172404351,0
0.5602923538362827,0,0.5075676612008815,-1.1027916358812249,3,1970-01-01 00:00:00.000000000,0.9839320113259228,1.3891285290043562,0.6583747159595755,0.2959835148620921,-0.1448702919510591,0,3,-0.3792089253161994,-0.7692805012451734,1.2228768073144811,-0.1531641122676827,-0.2666831564287514,1,2,22,-0.36115755925730764,-1.0199012215196988,1.1365151414154882,0.0,-0.9843477128382041,-0.6123724356957944,0.2843716463522178,0.5959047560696094,0.6599535557222693,-0.2655301134847581,1.2589262669955696,-0.8335528876309164,-0.42051466321152303,0.09149788042738796,-0.09441001235832401,0.9955333995233415,-0.7729949150001408,0.6344122172404351,0
0.5629166739947665,4,-0.6080302678557142,-0.2482024656467515,3,1970-01-01 00:00:00.000000000,0.9839855592847192,0.7022826088074214,0.6583747159595755,1.2478345484140976,1.2502813523247038,2,4,1.0744462646612656,-0.8863892847353856,1.6644001439442042,0.5888922474676374,-0.2666831564287514,2,1,-15,-0.21669453555438456,-1.0199012215196988,1.1365151414154882,0.0,-0.9843477128382041,-0.6123724356957944,1.3554668554083167,0.28342289870144943,0.6599535557222693,0.6603129806234728,1.3346339670936795,-0.8335528876309164,1.0733891807582552,-1.5604775497547658,-0.056700071885147196,0.9983912568969238,-0.7729949150001408,0.6344122172404351,0
0.5655409941532503,0,-0.6080302678557142,-0.6372837138835848,4,1970-01-01 00:00:00.000000000,0.9838805229040032,0.6564928807942925,-0.267136066858997,-0.948744759782838,-1.2609916073716696,0,5,-0.7530059741675474,-0.4179541507745373,-0.4716181602914829,0.2515939021334009,-1.1316015016030805,0,0,37,-0.07223151185146152,-1.0199012215196988,1.1365151414154882,0.0,-0.9843477128382041,-0.6123724356957944,0.6860323497482549,1.3547892668208548,0.6599535557222693,0.6603129806234728,1.5617570673880097,-1.1475644471733761,1.0733891807582552,-1.5604775497547658,-0.01890903857456981,0.9998212081468293,-0.7729949150001408,0.6344122172404351,0
0.568165314311734,4,1.2351315279769222,-0.6025443167195819,2,1970-01-01 00:00:00.000000000,0.9843686331438004,0.0154366886104866,0.6583747159595755,1.6139310997802534,-0.1448702919510591,0,1,-0.2546099090324166,1.1044600345982196,1.0916131126407798,-0.4230027885350718,-1.564060674190245,0,2,51,0.07223151185146152,-1.0199012215196988,1.1365151414154882,0.0,-0.9843477128382041,-0.6123724356957944,0.6414033827042507,0.6851852867462264,-0.2660876570412127,0.6603129806234728,0.04760306542580989,0.0038112711489760626,-0.42051466321152303,-1.5604775497547658,0.01890903857456981,0.9998212081468293,-0.7729949150001408,0.6344122172404351,0
0.5707896344702178,3,-2.354183548118212,-1.5752474373116654,4,1970-01-01 00:00:00.000000000,0.9841709176036296,-0.6256195035733192,-1.1926468496775695,-1.388060621422225,0.5062004753776304,1,6,-0.9191379958792576,1.1630144263433255,0.1011688710119415,-0.692841464802461,1.4631535339199069,0,2,68,0.21669453555438456,-1.0199012215196988,1.1365151414154882,0.0,-0.9843477128382041,-0.6123724356957944,0.01659784408819306,0.6405450214079178,0.6599535557222693,-0.2655301134847581,0.04760306542580989,0.0038112711489760626,-0.42051466321152303,0.09149788042738796,0.056700071885147196,0.9983912568969238,-0.7729949150001408,0.6344122172404351,0
0.5734139546287016,2,-1.1900813612765468,-0.5400134018243765,0,1970-01-01 00:00:00.000000000,0.9843500973119096,-1.5414140638358989,-0.267136066858997,1.101395927867635,0.2271701465224777,3,4,1.5313093243684688,0.4603617254020531,1.5928017650312762,1.465867945336652,-0.2666831564287514,0,1,-3,0.36115755925730764,-1.0199012215196988,1.1365151414154882,0.0,-0.9843477128382041,-0.6123724356957944,-0.6082076945278646,0.015581306671598155,-1.1921288698046946,0.6603129806234728,0.04760306542580989,0.0038112711489760626,-0.42051466321152303,0.09149788042738796,0.09441001235832401,0.9955333995233415,-0.7729949150001408,0.6344122172404351,0
0.5760382747871854,1,-0.6080302678557142,1.1274776620477664,0,1970-01-01 00:00:00.000000000,0.9848217312566924,0.3817545127155185,-1.1926468496775695,0.0031062737691674,-1.447011826608438,2,3,-0.1715438981765615,0.4603617254020531,-0.3880867182264002,0.1166745639997063,-1.564060674190245,0,2,38,0.5056205829602307,-1.0199012215196988,1.1365151414154882,0.0,-0.9843477128382041,-0.6123724356957944,-1.500787035407947,-0.6093824080647215,-0.2660876570412127,-1.1913732075929888,-0.93659703584962,0.10848179099646262,-1.9144185071813014,0.09149788042738796,0.1319849269748023,0.9912517233535869,-0.7729949150001408,0.6344122172404351,0
0.5786625949456691,0,-0.6080302678557142,1.5304546691502008,0,1970-01-01 00:00:00.000000000,0.9853901634346842,-0.3050914074814163,-0.267136066858997,0.8817379970479415,1.1572712427063196,1,0,0.3683851723864969,-0.4765085425196433,-0.8176769917039686,-1.0301398101366974,-1.1316015016030805,0,1,9,0.6500836066631537,-1.0199012215196988,1.1365151414154882,0.0,-0.9843477128382041,-0.6123724356957944,0.37362958044022604,-1.5021877148308926,-1.1921288698046946,-0.2655301134847581,-0.7851816356533999,0.10848179099646262,-0.42051466321152303,0.09149788042738796,0.16937107583020397,0.9855523520707153,-0.7729949150001408,0.6344122172404351,0
0.5812869151041529,2,-0.6080302678557142,-0.6789709904803884,1,1970-01-01 00:00:00.000000000,0.985231579095172,1.572287441056872,0.6583747159595755,0.2227642045888609,-1.5400219362268222,0,5,1.323644297228831,0.8702424676177954,1.0200147337278518,-0.8952204720030028,0.165776016158413,1,2,9,0.7945466303660768,-1.0199012215196988,1.1365151414154882,0.0,-0.9843477128382041,-0.6123724356957944,-0.29580492521983576,0.37270342937806655,-0.2660876570412127,-1.1913732075929888,0.9560954666031297,0.10848179099646262,-0.42051466321152303,0.09149788042738796,0.2065149889942563,0.9784434369551989,-0.7729949150001408,0.6344122172404351,0
0.5839112352626367,1,-0.6080302678557142,1.7736304492982218,2,1970-01-01 00:00:00.000000000,0.9856331887861444,1.1601798889387114,-1.1926468496775695,-0.8023061392363756,-0.5169107304245959,1,5,-0.4622749361720545,-0.7692805012451734,0.8052195969890675,-0.8952204720030028,0.165776016158413,1,0,24,0.9390096540689998,-1.0199012215196988,1.1365151414154882,0.0,-0.9843477128382041,-0.6123724356957944,1.533982723584333,-0.2969005506965617,0.6599535557222693,-0.2655301134847581,1.4103416671917897,0.21315231084394917,-0.42051466321152303,0.09149788042738796,0.24336354298385784,0.9699351452269085,-0.7729949150001408,0.6344122172404351,0
0.5865355554211203,1,1.2351315279769222,-1.4293419692228528,2,1970-01-01 00:00:00.000000000,0.9860512747721312,0.7022826088074214,0.6583747159595755,1.4674924792337911,1.0642611330879357,0,0,0.7421822212378449,-0.5936173260098554,-0.3522875287699362,-0.8277608029361555,-1.564060674190245,2,2,-2,1.0834726777719228,-1.0199012215196988,1.1365151414154882,0.0,-0.9843477128382041,-0.6123724356957944,1.132322020188296,1.5333503281740888,-1.1921288698046946,0.6603129806234728,1.9402955678785594,-1.0428939273258895,-0.42051466321152303,0.09149788042738796,0.27986403674065413,0.9600396455038853,-0.7729949150001408,0.6344122172404351,0
0.5891598755796041,4,0.701584692341159,0.6272303428861234,1,1970-01-01 00:00:00.000000000,0.9858514996950832,-1.0377270556914802,-0.267136066858997,1.028176617594404,1.3432914619430882,2,3,-0.71147296873962,1.3386776015786437,-0.6864132970302671,-0.8277608029361555,-0.699142329015916,0,1,66,1.227935701474846,-1.0199012215196988,1.1365151414154882,0.0,-0.9843477128382041,-0.6123724356957944,0.6860323497482549,1.1315879401293119,0.6599535557222693,-1.1913732075929888,0.5018492660144698,0.5271638703864089,-0.42051466321152303,0.09149788042738796,0.3159642670044579,0.9487710903986987,-0.7729949150001408,0.6344122172404351,0
0.5917841957380879,3,1.2351315279769222,1.1135819031821652,3,1970-01-01 00:00:00.000000000,1.0020497572309706,1.618077169070001,-0.267136066858997,1.6871504100534849,1.4363015715614724,1,4,-0.4622749361720545,-0.1837365837941131,0.7336212180761394,-1.2999784864040864,-1.1316015016030805,0,2,34,1.372398725177769,-1.0199012215196988,1.1365151414154882,0.0,-0.9843477128382041,-0.6123724356957944,-1.0098683979239016,0.6851852867462264,-0.2660876570412127,0.6603129806234728,0.7289723663087997,0.945845949776355,-0.42051466321152303,-1.5604775497547658,0.35161260297471486,0.9361455962772808,-0.7729949150001408,0.6344122172404351,0
0.5944085158965716,3,0.5075676612008815,1.1900085769429718,0,1970-01-01 00:00:00.000000000,1.0022495323080185,1.572287441056872,0.6583747159595755,0.8085186867747104,1.2502813523247038,1,5,0.7421822212378449,0.1090353749314169,-1.4023970861595478,-0.4230027885350718,1.4631535339199069,1,1,10,1.516861748880692,-1.0199012215196988,1.1365151414154882,0.0,-0.9843477128382041,-0.6123724356957944,1.5786116906283372,-1.0111447961094986,-0.2660876570412127,-0.2655301134847581,1.1832185668974597,1.3645280291663013,1.0733891807582552,0.09149788042738796,0.3867580601532345,0.9221812202091881,-0.7729949150001408,0.6344122172404351,0
0.5970328360550554,2,-1.1900813612765468,-1.373758933760448,0,1970-01-01 00:00:00.000000000,1.0025296293232606,0.9312312488730664,-0.267136066858997,-0.7290868289631444,0.9712510234695512,1,2,2.237370416643237,0.3432529419118411,-0.0181617605096052,-0.4904624576019191,-1.1316015016030805,2,1,-22,1.661324772583615,-1.0199012215196988,1.1365151414154882,0.0,-0.9843477128382041,-0.6123724356957944,1.533982723584333,1.5779905935123975,0.6599535557222693,-0.2655301134847581,2.3188340683691093,-1.1475644471733761,1.0733891807582552,0.09149788042738796,0.4213503732625737,0.906897934142255,-0.7729949150001408,0.6344122172404351,0
0.5996571562135392,3,0.5075676612008815,1.1066340237493646,3,1970-01-01 00:00:00.000000001,1.0020888884316297,0.2443853286761315,-0.267136066858997,0.0031062737691674,-0.4239006208062117,1,3,-1.2929350447306058,2.3341022612454463,-1.1160035705078355,0.5888922474676374,-0.2666831564287514,2,1,97,-1.661324772583615,-0.8995266138296056,1.1365151414154882,0.0,-0.4783745894166973,-0.6123724356957944,0.9091771849682755,1.5333503281740888,-0.2660876570412127,0.6603129806234728,1.4860493672898996,-0.5195413280884568,-0.42051466321152303,0.09149788042738796,-0.4213503732625737,0.906897934142255,-0.4163144622372215,0.9092206929740068,0
0.6022814763720229,0,1.2351315279769222,-0.2551503450795521,4,1970-01-01 00:00:00.000000001,1.0028262026335173,0.4275442407286475,-1.1926468496775695,0.0763255840423986,-0.6099208400429801,1,3,-0.2961429144603442,1.0459056428531135,1.1870776178580171,0.049214894932859,-0.2666831564287514,0,0,51,-1.516861748880692,-0.8995266138296056,1.1365151414154882,0.0,-0.4783745894166973,-0.6123724356957944,0.23974267930821366,0.9083866134377692,-0.2660876570412127,-0.2655301134847581,0.8803877665050197,-1.2522349670208626,-0.42051466321152303,-1.5604775497547658,-0.3867580601532345,0.9221812202091881,-0.4163144622372215,0.9092206929740068,0
0.6049057965305067,3,0.0225250833501877,-1.2556449834028378,4,1970-01-01 00:00:00.000000001,1.002865333834176,-0.0303530394026423,1.583885498778148,-0.2165516570505261,0.3201802561408619,2,6,0.4099181778144244,1.1630144263433255,-0.7699447390953499,-0.4904624576019191,-0.2666831564287514,2,0,36,-1.372398725177769,-0.8995266138296056,1.1365151414154882,0.0,-0.4783745894166973,-0.6123724356957944,0.41825854748423014,0.2387826333631409,-1.1921288698046946,-0.2655301134847581,0.3504338658182498,-1.5662465265633223,-0.42051466321152303,0.09149788042738796,-0.35161260297471486,0.9361455962772808,-0.4163144622372215,0.9092206929740068,0
0.6075301166889905,2,0.5075676612008815,1.2316958535397753,2,1970-01-01 00:00:00.000000001,1.0033019556520535,1.3433388009912273,-0.267136066858997,0.9549573073211728,0.3201802561408619,3,4,-0.7530059741675474,1.3386776015786437,1.306408249379564,-0.1531641122676827,1.4631535339199069,2,2,67,-1.227935701474846,-0.8995266138296056,1.1365151414154882,0.0,-0.4783745894166973,-0.6123724356957944,-0.028031122955811057,0.4173436947163751,1.5859947684857512,-1.1913732075929888,0.9560954666031297,-0.5195413280884568,-0.42051466321152303,0.09149788042738796,-0.3159642670044579,0.9487710903986987,-0.4163144622372215,0.9092206929740068,0
0.6101544368474742,3,1.2351315279769222,0.7870315698405371,1,1970-01-01 00:00:00.000000001,1.0033431463895894,-0.1219324954289003,0.6583747159595755,1.6871504100534849,-0.1448702919510591,2,3,-0.2130769036044891,-1.2377156352060217,2.0701242911174638,-0.4230027885350718,0.5982351887455776,0,1,10,-1.0834726777719228,-0.8995266138296056,1.1365151414154882,0.0,-0.4783745894166973,-0.6123724356957944,1.3108378883643126,-0.029058958666710395,-0.2660876570412127,1.5861560747317036,0.6532646662106898,-0.20552976854599705,1.0733891807582552,0.09149788042738796,-0.27986403674065413,0.9600396455038853,-0.4163144622372215,0.9092206929740068,0
0.612778757005958,0,0.5075676612008815,1.565194066314204,2,1970-01-01 00:00:00.000000001,1.0033431463895894,-0.5340400475470612,-1.1926468496775695,1.6871504100534849,-0.0518601823326749,1,0,-1.5006000718702437,0.5774705088922653,1.2706090599231,0.2515939021334009,1.0306943613327422,0,0,72,-0.9390096540689998,-0.8995266138296056,1.1365151414154882,0.0,-0.4783745894166973,-0.6123724356957944,-0.1172890570438193,1.310149001482546,0.6599535557222693,-0.2655301134847581,0.3504338658182498,0.21315231084394917,-0.42051466321152303,0.09149788042738796,-0.24336354298385784,0.9699351452269085,-0.4163144622372215,0.9092206929740068,0
0.6154030771644418,4,0.0225250833501877,0.4535333570661086,4,1970-01-01 00:00:00.000000001,1.003526445171623,1.4349182570174852,-1.1926468496775695,0.0031062737691674,0.2271701465224777,0,3,0.7006492158099173,-0.5350629342647494,-0.0181617605096052,-1.0975994792035446,-1.1316015016030805,0,1,0,-0.7945466303660768,-0.8995266138296056,1.1365151414154882,0.0,-0.4783745894166973,-0.6123724356957944,-0.5189497604398564,-0.1183394893433275,-1.1921288698046946,0.6603129806234728,0.4261415659163598,0.31782283069143574,-0.42051466321152303,0.09149788042738796,-0.2065149889942563,0.9784434369551989,-0.4163144622372215,0.9092206929740068,0
0.6180273973229254,2,1.2351315279769222,-1.5544037990132635,3,1970-01-01 00:00:00.000000001,1.004082520128354,-1.312465423770254,-1.1926468496775695,0.0031062737691674,-0.7959410592797486,0,4,-0.4622749361720545,1.2215688180884317,-0.0181617605096052,0.6563519165344845,1.0306943613327422,1,2,58,-0.6500836066631537,-0.8995266138296056,1.1365151414154882,0.0,-0.4783745894166973,-0.6123724356957944,1.4000958224523208,-0.5201018773881044,-1.1921288698046946,-1.1913732075929888,-0.25522773496663004,1.1551869894713283,-1.9144185071813014,-1.5604775497547658,-0.16937107583020397,0.9855523520707153,-0.4163144622372215,0.9092206929740068,0
0.6206517174814092,4,-1.1900813612765468,0.8495624847357426,2,1970-01-01 00:00:00.000000001,1.004140187160904,-0.1677222234420293,-0.267136066858997,0.1495448943156297,-1.0749713881349012,1,2,0.9913802538054104,-0.3008453672843252,-0.913141496921206,-1.0301398101366974,1.0306943613327422,0,1,-3,-0.5056205829602307,-0.8995266138296056,1.1365151414154882,0.0,-0.4783745894166973,-0.6123724356957944,-1.2776422001879264,1.3994295321591632,-1.1921288698046946,-1.1913732075929888,-0.028104634672300097,1.0505164696238416,-0.42051466321152303,0.09149788042738796,-0.1319849269748023,0.9912517233535869,-0.4163144622372215,0.9092206929740068,0
0.623276037639893,4,-0.6080302678557142,0.3979503216037038,0,1970-01-01 00:00:00.000000001,1.003969245600131,0.8396517928468084,-0.267136066858997,-0.582648208416682,-0.2378804015694433,3,3,-0.5868739524558372,-0.8863892847353856,-0.8296100548561233,-0.8952204720030028,-1.564060674190245,2,0,25,-0.36115755925730764,-0.8995266138296056,1.1365151414154882,0.0,-0.4783745894166973,-0.6123724356957944,-0.1619180240878234,-1.2789863881393497,-0.2660876570412127,-1.1913732075929888,-0.33093543506474005,0.31782283069143574,-0.42051466321152303,0.09149788042738796,-0.09441001235832401,0.9955333995233415,-0.4163144622372215,0.9092206929740068,0
0.6259003577983768,4,-1.1900813612765468,-1.6377783522068707,0,1970-01-01 00:00:00.000000001,1.0043543789960891,1.66386689708313,1.583885498778148,-0.3629902775969885,1.4363015715614724,1,4,0.8252482320937001,-1.0034980682255976,-1.68879060181126,1.5333276144034993,-0.699142329015916,1,0,-11,-0.21669453555438456,-0.8995266138296056,1.1365151414154882,0.0,-0.4783745894166973,-0.6123724356957944,0.8199192508802672,-0.16297975468163606,-0.2660876570412127,-0.2655301134847581,1.3346339670936795,0.0038112711489760626,1.0733891807582552,0.09149788042738796,-0.056700071885147196,0.9983912568969238,-0.4163144622372215,0.9092206929740068,0
0.6285246779568605,1,1.2351315279769222,0.0436084705308734,3,1970-01-01 00:00:00.000000001,1.004694202580758,-0.5798297755601902,-0.267136066858997,-1.1684026906025315,-0.6099208400429801,2,3,1.697441346080179,-0.8863892847353856,0.7216881549239847,1.1285696000024157,0.165776016158413,2,1,-30,-0.07223151185146152,-0.8995266138296056,1.1365151414154882,0.0,-0.4783745894166973,-0.6123724356957944,1.6232406576723413,0.819106082761152,1.5859947684857512,-0.2655301134847581,1.1075108667993496,0.5271638703864089,1.0733891807582552,0.09149788042738796,-0.01890903857456981,0.9998212081468293,-0.4163144622372215,0.9092206929740068,0
0.6311489981153443,1,-1.1900813612765468,1.28727888900218,4,1970-01-01 00:00:00.000000001,1.004762167297692,0.0154366886104866,-0.267136066858997,0.0031062737691674,-0.8889511688981327,3,1,0.4929841886702795,0.284698550166735,0.4591607655765818,-1.434897824537781,-0.699142329015916,1,1,19,0.07223151185146152,-0.8995266138296056,1.1365151414154882,0.0,-0.4783745894166973,-0.6123724356957944,-0.5635787274838605,1.622630858850706,-0.2660876570412127,1.5861560747317036,0.04760306542580989,0.0038112711489760626,-0.42051466321152303,0.09149788042738796,0.01890903857456981,0.9998212081468293,-0.4163144622372215,0.9092206929740068,0
0.6337733182738281,4,0.5075676612008815,-0.8735116145988051,0,1970-01-01 00:00:00.000000001,1.0047848222033364,0.3817545127155185,0.6583747159595755,1.2478345484140976,0.6922206946143987,3,0,-1.376001055586461,0.4018073336569471,-0.3880867182264002,-0.22062378133453,0.165776016158413,0,1,66,0.21669453555438456,-0.8995266138296056,1.1365151414154882,0.0,-0.4783745894166973,-0.6123724356957944,0.01659784408819306,-0.564742142726413,-0.2660876570412127,-0.2655301134847581,0.04760306542580989,0.0038112711489760626,-0.42051466321152303,0.09149788042738796,0.056700071885147196,0.9983912568969238,-0.4163144622372215,0.9092206929740068,0
0.6363976384323118,2,1.2351315279769222,-1.2139577068060343,0,1970-01-01 00:00:00.000000001,1.0051658365255411,0.7480723368205504,-0.267136066858997,0.5888607559550169,-0.4239006208062117,2,6,-0.3792089253161994,-1.0034980682255976,-0.6864132970302671,-0.692841464802461,-0.699142329015916,2,1,18,0.36115755925730764,-0.8995266138296056,1.1365151414154882,0.0,-0.4783745894166973,-0.6123724356957944,0.37362958044022604,0.015581306671598155,0.6599535557222693,-0.2655301134847581,0.04760306542580989,0.0038112711489760626,-0.42051466321152303,0.09149788042738796,0.09441001235832401,0.9955333995233415,-0.4163144622372215,0.9092206929740068,0
0.6390219585907956,0,-1.1900813612765468,-1.4501856075212545,1,1970-01-01 00:00:00.000000001,1.0056065774171723,-1.678783247875286,3.434907064415293,0.0031062737691674,-1.3540017169900538,3,0,0.7006492158099173,3.797962054873097,-0.0300948236617598,0.6563519165344845,-1.1316015016030805,1,1,74,0.5056205829602307,-0.8995266138296056,1.1365151414154882,0.0,-0.4783745894166973,-0.6123724356957944,0.730661316792259,0.37270342937806655,-0.2660876570412127,0.6603129806234728,-0.25522773496663004,0.8411754299288685,2.5672930247280337,1.7434733106095417,0.1319849269748023,0.9912517233535869,-0.4163144622372215,0.9092206929740068,0
0.6416462787492794,0,0.5075676612008815,-0.3385248982731593,2,1970-01-01 00:00:00.000000001,1.005995829886884,-1.358255151783383,-1.1926468496775695,0.4424221354085545,0.4131903657592461,1,1,0.2022531506747865,-1.2377156352060217,1.413805817748956,-0.0182447741339881,0.165776016158413,2,1,0,0.6500836066631537,-0.8995266138296056,1.1365151414154882,0.0,-0.4783745894166973,-0.6123724356957944,-1.6346739365399594,0.7298255520845349,3.438077194012715,-0.2655301134847581,-1.2394278362420599,0.945845949776355,1.0733891807582552,3.395448740791695,0.16937107583020397,0.9855523520707153,-0.4163144622372215,0.9092206929740068,0
0.6442705989077631,3,-1.1900813612765468,0.5716473074237187,4,1970-01-01 00:00:00.000000001,1.005966996370609,-0.5340400475470612,-1.1926468496775695,1.028176617594404,-0.3308905111878275,1,0,0.2853191615306417,1.4557863850688555,-1.7007236649634148,-0.0857044432008354,-1.564060674190245,0,2,44,0.7945466303660768,-0.8995266138296056,1.1365151414154882,0.0,-0.4783745894166973,-0.6123724356957944,-1.3222711672319305,-1.6361085108458182,-1.1921288698046946,3.4378422629481653,-1.9207971371250496,-0.7288823677834299,-0.42051466321152303,3.395448740791695,0.2065149889942563,0.9784434369551989,-0.4163144622372215,0.9092206929740068,0
0.6468949190662469,2,-1.481106907986963,-1.304280139432442,2,1970-01-01 00:00:00.000000001,1.0061502951526426,0.0154366886104866,-0.267136066858997,-0.2897709673237573,-1.2609916073716696,0,0,-0.1300108927486339,0.5774705088922653,-0.0181617605096052,0.7238115856013319,-0.699142329015916,1,2,39,0.9390096540689998,-0.8995266138296056,1.1365151414154882,0.0,-0.4783745894166973,-0.6123724356957944,-0.5189497604398564,-1.3236266534776584,-1.1921288698046946,-1.1913732075929888,0.04760306542580989,0.0038112711489760626,-1.9144185071813014,0.09149788042738796,0.24336354298385784,0.9699351452269085,-0.4163144622372215,0.9092206929740068,0
0.6495192392247306,1,0.0225250833501877,0.1617224208884836,4,1970-01-01 00:00:00.000000001,1.0063294748609226,-0.6714092315864482,-1.1926468496775695,1.540711789507022,-1.447011826608438,2,6,-0.9191379958792576,-0.5350629342647494,-1.4381962756160118,0.2515939021334009,1.0306943613327422,2,0,39,1.0834726777719228,-0.8995266138296056,1.1365151414154882,0.0,-0.4783745894166973,-0.6123724356957944,0.01659784408819306,-0.5201018773881044,-0.2660876570412127,-1.1913732075929888,0.04760306542580989,0.0038112711489760626,-0.42051466321152303,0.09149788042738796,0.27986403674065413,0.9600396455038853,-0.4163144622372215,0.9092206929740068,0
0.6521435593832143,4,1.2351315279769222,1.648568619507811,0,1970-01-01 00:00:00.000000001,1.0063953800409795,0.3817545127155185,-0.267136066858997,-0.5094288981434508,-1.0749713881349012,3,1,-1.5006000718702437,-1.4133788104413398,-0.3880867182264002,0.9261905928018735,-0.699142329015916,1,1,38,1.227935701474846,-0.8995266138296056,1.1365151414154882,0.0,-0.4783745894166973,-0.6123724356957944,-0.6528366615718687,0.015581306671598155,-1.1921288698046946,-0.2655301134847581,0.04760306542580989,0.0038112711489760626,-0.42051466321152303,0.09149788042738796,0.3159642670044579,0.9487710903986987,-0.4163144622372215,0.9092206929740068,0
0.6547678795416981,3,-0.6080302678557142,-1.3946025720588495,1,1970-01-01 00:00:00.000000001,1.006607512339288,-0.9919373276783512,-1.1926468496775695,0.0763255840423986,-0.6099208400429801,3,0,0.5345171940982071,0.5774705088922653,-0.173291581487616,-1.1650591482703918,0.165776016158413,0,2,23,1.372398725177769,-0.8995266138296056,1.1365151414154882,0.0,-0.4783745894166973,-0.6123724356957944,0.37362958044022604,-0.6540226734030301,-0.2660876570412127,-1.1913732075929888,-0.7094739355552899,-0.41487080824097017,-0.42051466321152303,-1.5604775497547658,0.35161260297471486,0.9361455962772808,-0.4163144622372215,0.9092206929740068,0
0.6573921997001819,0,1.2351315279769222,0.377106683305302,2,1970-01-01 00:00:00.000000001,1.0226718999781843,0.1528058726498735,-1.1926468496775695,0.8085186867747104,1.3432914619430882,3,2,0.2853191615306417,1.1044600345982196,-0.0181617605096052,1.26348893813611,1.0306943613327422,1,1,38,1.516861748880692,-0.8995266138296056,1.1365151414154882,0.0,-0.4783745894166973,-0.6123724356957944,-0.9652394308798976,0.37270342937806655,-1.1921288698046946,-0.2655301134847581,-0.25522773496663004,-0.41487080824097017,-0.42051466321152303,0.09149788042738796,0.3867580601532345,0.9221812202091881,-0.4163144622372215,0.9092206929740068,0
0.6600165198586656,1,-0.8020472989959917,1.5165589102845998,0,1970-01-01 00:00:00.000000001,1.0226616022938009,-0.1219324954289003,-1.1926468496775695,-1.6077185522419186,-0.8889511688981327,1,3,-0.5038079415999821,0.6360249006373713,-0.5909487918130297,-0.7603011338693082,1.0306943613327422,1,0,49,1.661324772583615,-0.8995266138296056,1.1365151414154882,0.0,-0.4783745894166973,-0.6123724356957944,0.1504847452202054,-0.9665045307711899,-1.1921288698046946,-1.1913732075929888,-0.55805853535907,-0.7288823677834299,-1.9144185071813014,-1.5604775497547658,0.4213503732625737,0.906897934142255,-0.4163144622372215,0.9092206929740068,0
0.6626408400171494,1,-1.1900813612765468,-0.0814533592595372,4,1970-01-01 00:00:00.000000001,1.0230529143003892,-1.6329935198621568,0.6583747159595755,-0.582648208416682,-0.0518601823326749,2,0,-1.1683360284468232,-1.4133788104413398,1.0796800494886252,1.465867945336652,-0.2666831564287514,2,2,30,-1.661324772583615,-0.7791520061395124,1.1365151414154882,0.0,0.02759853400480953,-0.6123724356957944,-0.1172890570438193,0.1495021026865238,-1.1921288698046946,-1.1913732075929888,-0.8608893357515099,0.10848179099646262,-0.42051466321152303,0.09149788042738796,-0.4213503732625737,0.906897934142255,0.02476985258885596,0.9996931801321475,0
0.6652651601756332,4,-1.1900813612765468,1.460975874822195,2,1970-01-01 00:00:00.000000001,1.0231291171648302,0.5649134247680344,-0.267136066858997,-1.3148413111489938,-1.0749713881349012,1,5,-0.3792089253161994,-0.4765085425196433,0.3875623866636538,1.3309486072029573,1.4631535339199069,1,1,27,-1.516861748880692,-0.7791520061395124,1.1365151414154882,0.0,0.02759853400480953,-0.6123724356957944,-1.5900449694959553,-0.1183394893433275,0.6599535557222693,-1.1913732075929888,-0.6337662354571799,0.5271638703864089,-0.42051466321152303,0.09149788042738796,-0.3867580601532345,0.9221812202091881,0.02476985258885596,0.9996931801321475,0
0.667889480334117,0,1.2836357857619916,0.9398849173621504,2,1970-01-01 00:00:00.000000001,1.0233165350206173,5.006517042041547,-1.1926468496775695,0.7352993765014793,0.9712510234695512,3,0,-1.4590670664423162,-0.9449436764804916,-0.1016932025746879,1.6682469525371937,0.5982351887455776,0,1,45,-1.372398725177769,-0.7791520061395124,1.1365151414154882,0.0,0.02759853400480953,-0.6123724356957944,0.5521454486162425,-1.5914682455075098,-0.2660876570412127,0.6603129806234728,2.1674186681728895,5.6560193429132495,-0.42051466321152303,0.09149788042738796,-0.35161260297471486,0.9361455962772808,0.02476985258885596,0.9996931801321475,0
0.6705138004926007,2,0.5075676612008815,1.05105098828696,0,1970-01-01 00:00:00.000000001,1.0236501799946558,0.7938620648336794,-0.267136066858997,1.833589030599947,1.1572712427063196,1,6,1.2405782863729755,-0.3593997590294313,-0.4835512234436376,1.8031662906708883,0.165776016158413,2,1,-10,-1.227935701474846,-0.7791520061395124,1.1365151414154882,0.0,0.02759853400480953,-0.6123724356957944,4.881155251884642,0.5512644907313008,-1.1921288698046946,-0.2655301134847581,3.530157269938869,3.667279465811005,-0.42051466321152303,0.09149788042738796,-0.3159642670044579,0.9487710903986987,0.02476985258885596,0.9996931801321475,0
0.6731381206510845,1,0.071029341135257,-1.6169347139084689,2,1970-01-01 00:00:00.000000001,1.0241218139394388,-1.220885967743996,-1.1926468496775695,0.5156414456817857,-0.7959410592797486,3,5,0.9083142429495552,0.1090353749314169,0.4710938287287365,-0.8277608029361555,-1.564060674190245,1,1,6,-1.0834726777719228,-0.7791520061395124,1.1365151414154882,0.0,0.02759853400480953,-0.6123724356957944,0.7752902838362631,4.8813702285472305,-0.2660876570412127,-1.1913732075929888,2.5459571686634392,5.132666743675817,-1.9144185071813014,0.09149788042738796,-0.27986403674065413,0.9600396455038853,0.02476985258885596,0.9996931801321475,0
0.6757624408095683,4,-1.1900813612765468,0.8009273287061384,1,1970-01-01 00:00:00.000000001,1.02426186244706,-0.2135119514551583,0.6583747159595755,-0.3629902775969885,0.9712510234695512,3,2,-0.7530059741675474,1.5728951685590675,-1.652991412354796,1.5333276144034993,-1.1316015016030805,0,1,71,-0.9390096540689998,-0.7791520061395124,1.1365151414154882,0.0,0.02759853400480953,-0.6123724356957944,-1.1883842660999182,0.7744658174228435,-1.1921288698046946,-0.2655301134847581,-0.33093543506474005,0.21315231084394917,-0.42051466321152303,0.09149788042738796,-0.24336354298385784,0.9699351452269085,0.02476985258885596,0.9996931801321475,0
0.678386760968052,2,1.2351315279769222,1.613829222343808,1,1970-01-01 00:00:00.000000001,1.0242948150370883,-0.2135119514551583,0.6583747159595755,-1.388060621422225,-1.3540017169900538,1,3,-0.0469448818927788,1.3386776015786437,0.9484163548149236,-1.2999784864040864,-1.1316015016030805,0,1,50,-0.7945466303660768,-0.7791520061395124,1.1365151414154882,0.0,0.02759853400480953,-0.6123724356957944,-0.20654699113182753,-1.1897058574627326,0.6599535557222693,-1.1913732075929888,-0.8608893357515099,-0.8335528876309164,-0.42051466321152303,0.09149788042738796,-0.2065149889942563,0.9784434369551989,0.02476985258885596,0.9996931801321475,0
0.6810110811265357,0,0.0225250833501877,1.3984449599269897,0,1970-01-01 00:00:00.000000001,1.0247705680556252,0.4275442407286475,-0.267136066858997,0.2959835148620921,-0.8889511688981327,3,2,-1.376001055586461,-1.0620524599707035,-0.9370076232255152,1.1960292690692629,-0.2666831564287514,1,0,41,-0.6500836066631537,-0.7791520061395124,1.1365151414154882,0.0,0.02759853400480953,-0.6123724356957944,-0.20654699113182753,-0.2076200200199446,0.6599535557222693,0.6603129806234728,0.04760306542580989,-1.2522349670208626,1.0733891807582552,0.09149788042738796,-0.16937107583020397,0.9855523520707153,0.02476985258885596,0.9996931801321475,0
0.6836354012850195,1,-0.6080302678557142,-0.7970849408379986,4,1970-01-01 00:00:00.000000001,1.0243298271639938,-1.49562433582277,-0.267136066858997,1.028176617594404,-0.3308905111878275,1,2,-1.4175340610143885,-0.7692805012451734,-1.5933260965940226,0.3190535712002482,-1.564060674190245,1,1,47,-0.5056205829602307,-0.7791520061395124,1.1365151414154882,0.0,0.02759853400480953,-0.6123724356957944,0.41825854748423014,-0.2076200200199446,-0.2660876570412127,0.6603129806234728,-0.7094739355552899,0.10848179099646262,-0.42051466321152303,0.09149788042738796,-0.1319849269748023,0.9912517233535869,0.02476985258885596,0.9996931801321475,0
0.6862597214435032,2,0.0225250833501877,-0.4427430897651682,0,1970-01-01 00:00:00.000000001,1.0251557014515833,1.4349182570174852,-1.1926468496775695,1.101395927867635,0.4131903657592461,0,1,-0.9606710013071852,-1.4719332021864455,-0.0181617605096052,0.3190535712002482,-0.2666831564287514,2,1,24,-0.36115755925730764,-0.7791520061395124,1.1365151414154882,0.0,0.02759853400480953,-0.6123724356957944,-1.4561580683639428,0.4173436947163751,-0.2660876570412127,-0.2655301134847581,0.19901846562202985,1.2598575093188147,-1.9144185071813014,-1.5604775497547658,-0.09441001235832401,0.9955333995233415,0.02476985258885596,0.9996931801321475,0
0.688884041601987,2,-0.6080302678557142,1.1274776620477664,1,1970-01-01 00:00:00.000000001,1.025135106082815,-1.49562433582277,1.583885498778148,0.0031062737691674,0.8782409138511671,1,2,-0.6699399633116924,0.5189161171471592,-1.2592003283336917,-0.692841464802461,1.4631535339199069,0,2,51,-0.21669453555438456,-0.7791520061395124,1.1365151414154882,0.0,0.02759853400480953,-0.6123724356957944,1.4000958224523208,-1.457547449492584,-1.1921288698046946,-0.2655301134847581,-0.8608893357515099,1.7832101085562475,-0.42051466321152303,0.09149788042738796,-0.056700071885147196,0.9983912568969238,0.02476985258885596,0.9996931801321475,0
0.6915083617604708,2,-0.6080302678557142,1.0371552294213586,3,1970-01-01 00:00:00.000000001,1.0253884291186597,1.2059696169518404,-1.1926468496775695,0.0763255840423986,-0.1448702919510591,0,4,-1.1683360284468232,-0.7107261095000674,0.7574873443804487,1.735706621604041,1.4631535339199069,0,1,42,-0.07223151185146152,-0.7791520061395124,1.1365151414154882,0.0,0.02759853400480953,-0.6123724356957944,-1.4561580683639428,1.3994295321591632,1.5859947684857512,-1.1913732075929888,0.6532646662106898,1.5738690688612744,-0.42051466321152303,1.7434733106095417,-0.01890903857456981,0.9998212081468293,0.02476985258885596,0.9996931801321475,0
0.6941326819189545,1,0.0225250833501877,-0.3454727777059598,3,1970-01-01 00:00:00.000000001,1.025687061965793,-1.129306511717738,4.360417847233865,-0.1433323467772949,0.7852308042327829,0,6,-1.4590670664423162,0.4018073336569471,0.8768179759019955,-0.0857044432008354,1.4631535339199069,0,1,68,0.07223151185146152,-0.7791520061395124,1.1365151414154882,0.0,0.02759853400480953,-0.6123724356957944,1.1769509872323,-1.457547449492584,-1.1921288698046946,1.5861560747317036,-0.7094739355552899,1.2598575093188147,2.5672930247280337,3.395448740791695,0.01890903857456981,0.9998212081468293,0.02476985258885596,0.9996931801321475,0
0.6967570020774383,1,0.0225250833501877,-1.04720860041882,2,1970-01-01 00:00:00.000000001,1.0255964423432145,-0.0303530394026423,0.6583747159595755,-1.0951833803293003,-0.6099208400429801,1,1,-0.9606710013071852,-0.4765085425196433,0.1608341867727149,0.3190535712002482,1.0306943613327422,1,2,41,0.21669453555438456,-0.7791520061395124,1.1365151414154882,0.0,0.02759853400480953,-0.6123724356957944,-1.09912633201191,1.1762282054676205,4.364118406776197,-1.1913732075929888,0.04760306542580989,0.5271638703864089,2.5672930247280337,3.395448740791695,0.056700071885147196,0.9983912568969238,0.02476985258885596,0.9996931801321475,0
0.6993813222359221,3,1.2351315279769222,0.877354002466945,2,1970-01-01 00:00:00.000000001,1.0255614302163092,0.0154366886104866,-0.267136066858997,-0.0701130365040637,1.3432914619430882,2,5,0.7421822212378449,0.9287968593629016,-0.6028818549651844,0.2515939021334009,1.0306943613327422,1,2,24,0.36115755925730764,-0.7791520061395124,1.1365151414154882,0.0,0.02759853400480953,-0.6123724356957944,-0.028031122955811057,-1.1004253267861157,0.6599535557222693,4.363685357056395,0.04760306542580989,0.0038112711489760626,2.5672930247280337,3.395448740791695,0.09441001235832401,0.9955333995233415,0.02476985258885596,0.9996931801321475,0
0.7020056423944058,0,0.0225250833501877,-0.0814533592595372,3,1970-01-01 00:00:00.000000001,1.0263770068195148,-0.1677222234420293,-1.1926468496775695,-1.1684026906025315,0.6922206946143987,2,4,-1.4175340610143885,-0.8863892847353856,0.9484163548149236,1.1285696000024157,0.165776016158413,1,1,45,0.5056205829602307,-0.7791520061395124,1.1365151414154882,0.0,0.02759853400480953,-0.6123724356957944,0.01659784408819306,-0.029058958666710395,-0.2660876570412127,0.6603129806234728,0.04760306542580989,0.0038112711489760626,-0.42051466321152303,0.09149788042738796,0.1319849269748023,0.9912517233535869,0.02476985258885596,0.9996931801321475,0
0.7046299625528896,4,0.0225250833501877,-1.1444789124780284,1,1970-01-01 00:00:00.000000001,1.0259815757391726,-0.2593016794682873,-1.1926468496775695,-1.2416220008757626,-0.7029309496613644,1,1,-0.3792089253161994,0.9873512511080076,-1.6052591597461772,-1.0975994792035446,0.5982351887455776,2,0,52,0.6500836066631537,-0.7791520061395124,1.1365151414154882,0.0,0.02759853400480953,-0.6123724356957944,-0.1619180240878234,0.015581306671598155,-1.1921288698046946,-0.2655301134847581,0.04760306542580989,0.0038112711489760626,-1.9144185071813014,0.09149788042738796,0.16937107583020397,0.9855523520707153,0.02476985258885596,0.9996931801321475,0
0.7072542827113734,2,1.2351315279769222,-1.0958437564484242,2,1970-01-01 00:00:00.000000001,1.0261772317424669,-0.3508811354945452,-0.267136066858997,-0.4362095878702197,3.4825239831659247,1,6,-1.1268030230188957,-0.3593997590294313,-0.8534761811604326,-1.5023574936046282,-0.699142329015916,0,2,47,0.7945466303660768,-0.7791520061395124,1.1365151414154882,0.0,0.02759853400480953,-0.6123724356957944,-0.25117595817583166,-0.16297975468163606,-1.1921288698046946,-1.1913732075929888,-0.40664313516285,-1.880258086105782,-1.9144185071813014,0.09149788042738796,0.2065149889942563,0.9784434369551989,0.02476985258885596,0.9996931801321475,0
0.709878602869857,3,-0.6080302678557142,-1.477977125252457,0,1970-01-01 00:00:00.000000001,1.0265294125483966,-1.129306511717738,0.6583747159595755,-0.4362095878702197,-0.3308905111878275,3,5,0.3683851723864969,4.207842797088839,1.1035461757929343,-0.7603011338693082,0.5982351887455776,0,2,89,0.9390096540689998,-0.7791520061395124,1.1365151414154882,0.0,0.02759853400480953,-0.6123724356957944,-0.3404338922638399,-0.2522602853582531,-0.2660876570412127,-1.1913732075929888,-0.93659703584962,-0.9382234074784029,-0.42051466321152303,0.09149788042738796,0.24336354298385784,0.9699351452269085,0.02476985258885596,0.9996931801321475,0
0.7125029230283408,4,3.3208146127349054,-0.2065151890499479,0,1970-01-01 00:00:00.000000001,1.0271349163901704,0.0154366886104866,-0.267136066858997,-0.948744759782838,1.6223217907982408,3,6,-0.6699399633116924,-0.7107261095000674,-0.1016932025746879,-1.2999784864040864,-1.564060674190245,1,1,30,1.0834726777719228,-0.7791520061395124,1.1365151414154882,0.0,0.02759853400480953,-0.6123724356957944,-1.09912633201191,-0.34154081603487024,0.6599535557222693,-0.2655301134847581,0.04760306542580989,0.0038112711489760626,-0.42051466321152303,-1.5604775497547658,0.27986403674065413,0.9600396455038853,0.02476985258885596,0.9996931801321475,0
0.7151272431868246,3,-1.1900813612765468,-1.3459674160292456,1,1970-01-01 00:00:00.000000001,1.0274088347947825,0.1528058726498735,0.6583747159595755,1.101395927867635,0.8782409138511671,1,6,0.7837152266657725,-0.5936173260098554,0.1847003130770243,0.52143257840079,1.0306943613327422,2,2,-3,1.227935701474846,-0.7791520061395124,1.1365151414154882,0.0,0.02759853400480953,-0.6123724356957944,0.01659784408819306,-1.1004253267861157,-0.2660876570412127,0.6603129806234728,0.04760306542580989,0.0038112711489760626,1.0733891807582552,-1.5604775497547658,0.3159642670044579,0.9487710903986987,0.02476985258885596,0.9996931801321475,0
0.7177515633453084,1,0.0225250833501877,0.1547745414556829,2,1970-01-01 00:00:00.000000001,1.027213178791488,-0.2135119514551583,-0.267136066858997,-1.6077185522419186,-0.9819612785165168,2,5,-0.5453409470279097,-0.5936173260098554,1.747931586009287,0.1841342330665536,-1.1316015016030805,2,1,29,1.372398725177769,-0.7791520061395124,1.1365151414154882,0.0,0.02759853400480953,-0.6123724356957944,0.1504847452202054,0.015581306671598155,0.6599535557222693,-0.2655301134847581,0.04760306542580989,0.0038112711489760626,-0.42051466321152303,-1.5604775497547658,0.35161260297471486,0.9361455962772808,0.02476985258885596,0.9996931801321475,0
0.7203758835037921,2,0.0225250833501877,-0.6789709904803884,0,1970-01-01 00:00:00.000000001,1.0273758822047538,0.1070161446367446,-0.267136066858997,-1.1684026906025315,0.9712510234695512,3,2,1.5728423297963965,0.6945792923824773,-0.7222124864867312,-0.6253817957356137,-0.2666831564287514,2,0,0,1.516861748880692,-0.7791520061395124,1.1365151414154882,0.0,0.02759853400480953,-0.6123724356957944,-0.20654699113182753,0.1495021026865238,-0.2660876570412127,0.6603129806234728,0.04760306542580989,-1.670917046410809,-0.42051466321152303,-1.5604775497547658,0.3867580601532345,0.9221812202091881,0.02476985258885596,0.9996931801321475,0
0.7230002036622759,4,-1.1900813612765468,-1.2070098273732337,2,1970-01-01 00:00:00.000000001,1.043473222433679,-0.5798297755601902,-1.1926468496775695,-1.3148413111489938,0.1341600369040935,3,0,-0.1300108927486339,-0.2422909755392192,-0.6864132970302671,-1.0975994792035446,1.0306943613327422,2,0,25,1.661324772583615,-0.7791520061395124,1.1365151414154882,0.0,0.02759853400480953,-0.6123724356957944,0.1058557781762013,-0.2076200200199446,-0.2660876570412127,-0.2655301134847581,-0.33093543506474005,-1.2522349670208626,-1.9144185071813014,0.09149788042738796,0.4213503732625737,0.906897934142255,0.02476985258885596,0.9996931801321475,0
0.7256245238207597,4,-0.6080302678557142,-1.2834365011340405,2,1970-01-01 00:00:00.000000001,1.0433084594835362,-1.678783247875286,-0.267136066858997,0.662080066228248,0.6922206946143987,2,6,-1.0437370121630405,-0.9449436764804916,0.4591607655765818,-0.692841464802461,1.4631535339199069,2,1,35,-1.661324772583615,-0.6587773984494192,1.1365151414154882,0.0,0.5335716574263164,-0.6123724356957944,-0.5635787274838605,0.10486183734821526,-1.1921288698046946,-0.2655301134847581,-1.1637201361439498,0.0038112711489760626,-0.42051466321152303,0.09149788042738796,-0.4213503732625737,0.906897934142255,0.46083231155626464,0.887487228429632,0
0.7282488439792434,4,-1.1900813612765468,-0.4010558131683646,0,1970-01-01 00:00:00.000000001,1.0436729975107266,-1.6329935198621568,0.6583747159595755,-0.4362095878702197,0.4131903657592461,1,2,-1.0022040067351128,-0.3593997590294313,0.2562986919899523,0.9261905928018735,1.4631535339199069,1,0,44,-1.516861748880692,-0.6587773984494192,1.1365151414154882,0.0,0.5335716574263164,-0.6123724356957944,-1.6346739365399594,-0.564742142726413,-0.2660876570412127,-1.1913732075929888,-2.1479202374193798,-0.6242118479359433,-0.42051466321152303,0.09149788042738796,-0.3867580601532345,0.9221812202091881,0.46083231155626464,0.887487228429632,0
0.7308731641377272,4,1.2351315279769222,-1.2556449834028378,3,1970-01-01 00:00:00.000000001,1.043697711953248,-1.449834607809641,-0.267136066858997,3.078317305244877,-0.6099208400429801,2,3,-1.5421330772981712,0.9287968593629016,0.1608341867727149,0.3865132402670955,-1.564060674190245,1,1,79,-1.372398725177769,-0.6587773984494192,1.1365151414154882,0.0,0.5335716574263164,-0.6123724356957944,-1.5900449694959553,-1.6361085108458182,0.6599535557222693,-0.2655301134847581,-2.6021664380080396,-1.7755875662582954,-0.42051466321152303,-1.5604775497547658,-0.35161260297471486,0.9361455962772808,0.46083231155626464,0.887487228429632,0
0.733497484296211,4,-3.27576444603453,1.6416207400750105,0,1970-01-01 00:00:00.000000001,1.0442290724674577,1.66386689708313,0.6583747159595755,-0.6558675186899132,-1.3540017169900538,0,5,-1.1268030230188957,-1.1791612434609158,-0.20909077094408,-1.6372768317383228,-0.699142329015916,1,2,33,-1.227935701474846,-0.6587773984494192,1.1365151414154882,0.0,0.5335716574263164,-0.6123724356957944,-1.4115291013199387,-1.5914682455075098,-0.2660876570412127,0.6603129806234728,-0.7851816356533999,2.0972216680987072,-0.42051466321152303,-1.5604775497547658,-0.3159642670044579,0.9487710903986987,0.46083231155626464,0.887487228429632,0
0.7361218044546947,3,-1.1900813612765468,0.4535333570661086,1,1970-01-01 00:00:00.000000001,1.0446759919697193,0.7480723368205504,0.6583747159595755,-0.4362095878702197,-0.1448702919510591,3,6,-1.2514020393026783,-0.8863892847353856,-1.283066454638001,-1.0301398101366974,1.0306943613327422,0,2,41,-1.0834726777719228,-0.6587773984494192,1.1365151414154882,0.0,0.5335716574263164,-0.6123724356957944,1.6232406576723413,-1.4129071841542755,0.6599535557222693,-0.2655301134847581,0.5775569661125798,1.5738690688612744,1.0733891807582552,0.09149788042738796,-0.27986403674065413,0.9600396455038853,0.46083231155626464,0.887487228429632,0
0.7387461246131785,2,-0.6080302678557142,1.40539283935979,4,1970-01-01 00:00:00.000000001,1.0447295399285157,1.2059696169518404,-0.267136066858997,0.0031062737691674,1.5293116811798566,3,0,-1.2514020393026783,-0.9449436764804916,-0.1971577077919253,1.1960292690692629,1.0306943613327422,2,1,40,-0.9390096540689998,-0.6587773984494192,1.1365151414154882,0.0,0.5335716574263164,-0.6123724356957944,0.730661316792259,1.622630858850706,0.6599535557222693,0.6603129806234728,2.0160032679766693,-1.0428939273258895,-0.42051466321152303,0.09149788042738796,-0.24336354298385784,0.9699351452269085,0.46083231155626464,0.887487228429632,0
0.7413704447716623,1,0.0225250833501877,0.3701588038725014,0,1970-01-01 00:00:00.000000001,1.0446986468753638,0.7480723368205504,-0.267136066858997,1.101395927867635,1.0642611330879357,3,3,-0.2961429144603442,-1.0620524599707035,0.8290857232933768,0.3190535712002482,1.4631535339199069,2,1,15,-0.7945466303660768,-0.6587773984494192,1.1365151414154882,0.0,0.5335716574263164,-0.6123724356957944,1.1769509872323,0.7298255520845349,-0.2660876570412127,0.6603129806234728,1.4860493672898996,-1.4615760067158357,-0.42051466321152303,0.09149788042738796,-0.2065149889942563,0.9784434369551989,0.46083231155626464,0.887487228429632,0
0.7439947649301459,1,0.0225250833501877,-0.533065522391576,2,1970-01-01 00:00:00.000000001,1.0453721154340714,-0.0761427674157713,0.6583747159595755,-1.461279931695456,1.2502813523247038,2,5,-1.4590670664423162,-0.5936173260098554,-1.426263212463857,-0.8277608029361555,-1.1316015016030805,0,2,51,-0.6500836066631537,-0.6587773984494192,1.1365151414154882,0.0,0.5335716574263164,-0.6123724356957944,0.730661316792259,1.1762282054676205,-0.2660876570412127,-0.2655301134847581,1.0318031667012397,-0.6242118479359433,-0.42051466321152303,0.09149788042738796,-0.16937107583020397,0.9855523520707153,0.46083231155626464,0.887487228429632,0
0.7466190850886297,1,-0.6080302678557142,-0.4983261252275729,2,1970-01-01 00:00:00.000000001,1.0455059853310622,0.6107031527811635,1.583885498778148,1.6139310997802534,1.3432914619430882,2,1,-0.4622749361720545,-1.9989227278924,0.7813534706847581,-1.3674381554709338,0.165776016158413,2,1,3,-0.5056205829602307,-0.6587773984494192,1.1365151414154882,0.0,0.5335716574263164,-0.6123724356957944,-0.07266008999981517,0.7298255520845349,0.6599535557222693,-0.2655301134847581,0.7289723663087997,-1.0428939273258895,1.0733891807582552,0.09149788042738796,-0.1319849269748023,0.9912517233535869,0.46083231155626464,0.887487228429632,0
0.7492434052471135,1,-0.6080302678557142,-1.2486971039700372,0,1970-01-01 00:00:00.000000001,1.0452650195164788,1.618077169070001,1.583885498778148,-0.7290868289631444,-0.4239006208062117,1,1,1.115979270089193,0.5774705088922653,-1.2711333914858465,1.5333276144034993,1.0306943613327422,2,2,9,-0.36115755925730764,-0.6587773984494192,1.1365151414154882,0.0,0.5335716574263164,-0.6123724356957944,0.5967744156602466,-0.07369922400501895,1.5859947684857512,0.6603129806234728,1.1832185668974597,-0.1008592486985105,1.0733891807582552,0.09149788042738796,-0.09441001235832401,0.9955333995233415,0.46083231155626464,0.887487228429632,0
0.7518677254055972,3,-1.1900813612765468,-0.6650752316147873,4,1970-01-01 00:00:00.000000001,1.0455368783842138,-1.175096239730867,-1.1926468496775695,0.0031062737691674,-0.7959410592797486,3,2,0.6175832049540623,1.1044600345982196,0.1727672499248696,-0.4230027885350718,0.5982351887455776,2,1,30,-0.21669453555438456,-0.6587773984494192,1.1365151414154882,0.0,0.5335716574263164,-0.6123724356957944,1.5786116906283372,0.5959047560696094,1.5859947684857512,1.5861560747317036,0.6532646662106898,1.1551869894713283,1.0733891807582552,1.7434733106095417,-0.056700071885147196,0.9983912568969238,0.46083231155626464,0.887487228429632,0
0.754492045564081,0,0.0225250833501877,1.6763601372390131,0,1970-01-01 00:00:00.000000001,1.045895237800774,-0.7629886876127061,-1.1926468496775695,0.2959835148620921,0.9712510234695512,0,1,-0.1300108927486339,-0.6521717177549614,-1.4739954650724758,1.398408276269805,-1.564060674190245,2,2,18,-0.07223151185146152,-0.6587773984494192,1.1365151414154882,0.0,0.5335716574263164,-0.6123724356957944,-1.143755299055914,1.5779905935123975,-1.1921288698046946,1.5861560747317036,-0.10381233477041008,1.3645280291663013,-0.42051466321152303,1.7434733106095417,-0.01890903857456981,0.9998212081468293,0.46083231155626464,0.887487228429632,0
0.7571163657225648,2,-1.1900813612765468,0.4396375982005074,4,1970-01-01 00:00:00.000000001,1.0463895266512016,1.251759344964969,1.583885498778148,-1.021964070056069,-0.6099208400429801,1,4,0.2853191615306417,-0.8863892847353856,0.1369680604684056,-1.3674381554709338,0.5982351887455776,2,0,4,0.07223151185146152,-0.6587773984494192,1.1365151414154882,0.0,0.5335716574263164,-0.6123724356957944,-0.742094595659877,-1.1450655921244242,-1.1921288698046946,-1.1913732075929888,-0.33093543506474005,0.8411754299288685,-0.42051466321152303,1.7434733106095417,0.01890903857456981,0.9998212081468293,0.46083231155626464,0.887487228429632,0
0.7597406858810486,4,1.2351315279769222,-0.567804919555579,4,1970-01-01 00:00:00.000000001,1.046119727320343,0.5649134247680344,1.583885498778148,0.2959835148620921,0.9712510234695512,2,6,-1.376001055586461,0.6945792923824773,-0.3284214024656268,-0.692841464802461,1.4631535339199069,1,0,71,0.21669453555438456,-0.6587773984494192,1.1365151414154882,0.0,0.5335716574263164,-0.6123724356957944,1.2215799542763042,-0.7433032040796472,1.5859947684857512,-1.1913732075929888,0.6532646662106898,0.21315231084394917,1.0733891807582552,1.7434733106095417,0.056700071885147196,0.9983912568969238,0.46083231155626464,0.887487228429632,0
0.7623650060395323,0,-0.6080302678557142,-0.7067625082115908,1,1970-01-01 00:00:00.000000001,1.046805553100311,-0.4424605915208032,0.6583747159595755,1.2478345484140976,1.0642611330879357,0,6,1.115979270089193,0.3432529419118411,-1.4978615913767852,-0.4230027885350718,1.0306943613327422,2,2,5,0.36115755925730764,-0.6587773984494192,1.1365151414154882,0.0,0.5335716574263164,-0.6123724356957944,0.5521454486162425,1.220868470805929,1.5859947684857512,1.5861560747317036,0.8046800664069097,-0.20552976854599705,2.5672930247280337,-1.5604775497547658,0.09441001235832401,0.9955333995233415,0.46083231155626464,0.887487228429632,0
0.7649893261980161,1,-1.1900813612765468,0.6341782223189241,2,1970-01-01 00:00:00.000000001,1.046941482534179,0.5191236967549054,-1.1926468496775695,0.0763255840423986,1.3432914619430882,1,5,-1.2929350447306058,0.5189161171471592,1.425738880901111,-0.6253817957356137,-1.564060674190245,1,2,66,0.5056205829602307,-0.6587773984494192,1.1365151414154882,0.0,0.5335716574263164,-0.6123724356957944,-0.4296918263518481,0.5512644907313008,0.6599535557222693,1.5861560747317036,0.3504338658182498,-0.8335528876309164,1.0733891807582552,1.7434733106095417,0.1319849269748023,0.9912517233535869,0.46083231155626464,0.887487228429632,0
0.7676136463564999,0,0.944105981266506,-1.012469203254817,2,1970-01-01 00:00:00.000000001,1.0469558992923165,-1.449834607809641,-0.267136066858997,-1.461279931695456,-0.6099208400429801,2,4,1.323644297228831,0.4603617254020531,0.3636962603593444,0.52143257840079,0.165776016158413,1,2,2,0.6500836066631537,-0.6587773984494192,1.1365151414154882,0.0,0.5335716574263164,-0.6123724356957944,0.5075164815722384,-0.43082134671148736,-1.1921288698046946,0.6603129806234728,-0.7094739355552899,0.10848179099646262,-0.42051466321152303,0.09149788042738796,0.16937107583020397,0.9855523520707153,0.46083231155626464,0.887487228429632,0
0.7702379665149836,2,0.5075676612008815,1.4123407187925907,4,1970-01-01 00:00:00.000000001,1.046986792345468,-1.678783247875286,-1.1926468496775695,-0.8023061392363756,-1.0749713881349012,0,6,-1.5421330772981712,-0.6521717177549614,0.4949599550330459,-0.8277608029361555,-0.2666831564287514,1,2,52,0.7945466303660768,-0.6587773984494192,1.1365151414154882,0.0,0.5335716574263164,-0.6123724356957944,-1.4115291013199387,0.5066242253929922,-0.2660876570412127,-1.1913732075929888,-1.39084323643828,0.6318343902338954,-1.9144185071813014,0.09149788042738796,0.2065149889942563,0.9784434369551989,0.46083231155626464,0.887487228429632,0
0.7728622866734673,4,0.0225250833501877,-0.1509321535875432,2,1970-01-01 00:00:00.000000001,1.0471515552956108,0.0154366886104866,-0.267136066858997,-1.1684026906025315,-0.5169107304245959,1,5,0.4929841886702795,0.1090353749314169,-1.3427317703987744,-0.7603011338693082,-0.699142329015916,1,2,16,0.9390096540689998,-0.6587773984494192,1.1365151414154882,0.0,0.5335716574263164,-0.6123724356957944,-1.6346739365399594,-1.4129071841542755,-1.1921288698046946,-0.2655301134847581,-1.6936740368307197,0.0038112711489760626,-0.42051466321152303,0.09149788042738796,0.24336354298385784,0.9699351452269085,0.46083231155626464,0.887487228429632,0
0.7754866068319511,4,0.0225250833501877,-1.3876546926260491,3,1970-01-01 00:00:00.000000001,1.047205103254407,0.0154366886104866,0.6583747159595755,-0.948744759782838,0.4131903657592461,0,0,-0.8776049904513302,-1.3548244186962335,0.3994954498158085,0.3190535712002482,1.4631535339199069,0,0,24,1.0834726777719228,-0.6587773984494192,1.1365151414154882,0.0,0.5335716574263164,-0.6123724356957944,0.01659784408819306,-1.6361085108458182,-0.2660876570412127,-1.1913732075929888,-0.8608893357515099,0.10848179099646262,-0.42051466321152303,0.09149788042738796,0.27986403674065413,0.9600396455038853,0.46083231155626464,0.887487228429632,0
0.7781109269904348,2,3.223806097164766,1.322018286166183,4,1970-01-01 00:00:00.000000001,1.0476149510928865,-1.404044879796512,0.6583747159595755,1.1746152381408663,-0.3308905111878275,2,6,-0.5868739524558372,0.6360249006373713,0.1727672499248696,-1.6372768317383228,0.5982351887455776,1,2,51,1.227935701474846,-0.6587773984494192,1.1365151414154882,0.0,0.5335716574263164,-0.6123724356957944,0.01659784408819306,0.015581306671598155,0.6599535557222693,-0.2655301134847581,-0.7094739355552899,-0.20552976854599705,1.0733891807582552,0.09149788042738796,0.3159642670044579,0.9487710903986987,0.46083231155626464,0.887487228429632,0
0.7807352471489186,2,1.2351315279769222,0.3423672861412991,2,1970-01-01 00:00:00.000000001,1.047722047010479,-0.6256195035733192,0.6583747159595755,-1.5344992419686874,0.8782409138511671,1,2,0.451451183242352,-0.9449436764804916,1.1154792389450892,-0.4230027885350718,-0.2666831564287514,0,1,-1,1.372398725177769,-0.6587773984494192,1.1365151414154882,0.0,0.5335716574263164,-0.6123724356957944,-1.3669001342759346,0.015581306671598155,0.6599535557222693,0.6603129806234728,-1.0880124360458399,-0.5195413280884568,1.0733891807582552,-1.5604775497547658,0.35161260297471486,0.9361455962772808,0.46083231155626464,0.887487228429632,0
0.7833595673074024,1,1.2351315279769222,0.9398849173621504,3,1970-01-01 00:00:00.000000001,1.063877054271954,1.4349182570174852,-1.1926468496775695,-0.5094288981434508,-0.0518601823326749,2,6,1.115979270089193,1.1044600345982196,-0.4119528445307095,0.7912712546681792,1.0306943613327422,0,0,18,1.516861748880692,-0.6587773984494192,1.1365151414154882,0.0,0.5335716574263164,-0.6123724356957944,-0.6082076945278646,-1.3682669188159668,0.6599535557222693,0.6603129806234728,-0.25522773496663004,1.2598575093188147,-0.42051466321152303,0.09149788042738796,0.3867580601532345,0.9221812202091881,0.46083231155626464,0.887487228429632,0
0.7859838874658861,4,1.2351315279769222,-0.9360425294940103,1,1970-01-01 00:00:00.000000001,1.0638420421450487,1.3433388009912273,-0.267136066858997,-1.388060621422225,-0.2378804015694433,3,0,-1.085270017590968,1.1044600345982196,-0.7818778022475046,-0.7603011338693082,0.165776016158413,1,2,71,1.661324772583615,-0.6587773984494192,1.1365151414154882,0.0,0.5335716574263164,-0.6123724356957944,1.4000958224523208,-0.6093824080647215,-1.1921288698046946,0.6603129806234728,1.1832185668974597,0.5271638703864089,-0.42051466321152303,0.09149788042738796,0.4213503732625737,0.906897934142255,0.46083231155626464,0.887487228429632,0
0.7886082076243699,0,0.0225250833501877,0.1617224208884836,2,1970-01-01 00:00:00.000000001,1.0642271755410069,-0.8087784156258352,-0.267136066858997,0.2227642045888609,-0.5169107304245959,3,0,-1.3344680501585335,-0.3008453672843252,-1.4381962756160118,-0.6253817957356137,-0.2666831564287514,2,1,53,-1.661324772583615,-0.538402790759326,1.1365151414154882,0.0,1.0395447808478233,1.6329931618554518,1.3108378883643126,1.3994295321591632,-0.2660876570412127,-1.1913732075929888,1.1075108667993496,0.8411754299288685,-0.42051466321152303,0.09149788042738796,-0.4213503732625737,0.906897934142255,0.8034653310326239,0.5953515447436382,0
0.7912325277828537,3,0.5075676612008815,-1.0263649621204185,3,1970-01-01 00:00:00.000000001,1.0640727102752483,0.7480723368205504,-0.267136066858997,-0.4362095878702197,0.6922206946143987,0,6,1.0744462646612656,0.284698550166735,-0.5074173497479469,0.4539729093339427,0.165776016158413,2,0,5,-1.516861748880692,-0.538402790759326,1.1365151414154882,0.0,1.0395447808478233,1.6329931618554518,-0.7867235627038811,1.310149001482546,-0.2660876570412127,-0.2655301134847581,0.7289723663087997,0.4224933505389223,-0.42051466321152303,-1.5604775497547658,-0.3867580601532345,0.9221812202091881,0.8034653310326239,0.5953515447436382,0
0.7938568479413374,3,0.5075676612008815,0.1339309031572812,0,1970-01-01 00:00:00.000000001,1.0642786639629265,1.572287441056872,-0.267136066858997,0.1495448943156297,-1.2609916073716696,3,0,0.8252482320937001,-0.5350629342647494,0.5188260813373553,0.8587309237350265,-0.699142329015916,1,1,-3,-1.372398725177769,-0.538402790759326,1.1365151414154882,0.0,1.0395447808478233,1.6329931618554518,0.730661316792259,-0.7879434694179558,-0.2660876570412127,-0.2655301134847581,0.8046800664069097,0.6318343902338954,-0.42051466321152303,-1.5604775497547658,-0.35161260297471486,0.9361455962772808,0.8034653310326239,0.5953515447436382,0
0.7964811680998212,2,0.0225250833501877,0.4882727542301115,0,1970-01-01 00:00:00.000000001,1.0646267256951023,-0.4882503195339322,-1.1926468496775695,0.8817379970479415,-0.0518601823326749,2,5,0.8667812375216276,0.7531336841275833,-0.5670826655087203,-1.1650591482703918,0.5982351887455776,1,2,18,-1.227935701474846,-0.538402790759326,1.1365151414154882,0.0,1.0395447808478233,1.6329931618554518,1.533982723584333,0.7298255520845349,-0.2660876570412127,-0.2655301134847581,1.0318031667012397,0.21315231084394917,-0.42051466321152303,-1.5604775497547658,-0.3159642670044579,0.9487710903986987,0.8034653310326239,0.5953515447436382,0
0.799105488258305,1,1.2351315279769222,0.9885200733917544,3,1970-01-01 00:00:00.000000001,1.0652384081475066,0.9312312488730664,0.6583747159595755,-0.5094288981434508,-0.2378804015694433,0,6,1.3651773026567584,0.8702424676177954,-0.0181617605096052,-1.0975994792035446,1.0306943613327422,0,1,8,-1.0834726777719228,-0.538402790759326,1.1365151414154882,0.0,1.0395447808478233,1.6329931618554518,-0.47432079339585226,1.5333503281740888,-1.1921288698046946,-0.2655301134847581,1.1075108667993496,0.31782283069143574,-0.42051466321152303,0.09149788042738796,-0.27986403674065413,0.9600396455038853,0.8034653310326239,0.5953515447436382,0
0.8017298084167886,3,0.1680378567053958,-1.1931140685076325,4,1970-01-01 00:00:00.000000001,1.0654484809089384,-1.5872037918490278,-1.1926468496775695,0.9549573073211728,-0.7959410592797486,1,6,0.6591162103819899,1.3972319933237496,-0.0181617605096052,-1.2325188173372392,0.165776016158413,0,1,34,-0.9390096540689998,-0.538402790759326,1.1365151414154882,0.0,1.0395447808478233,1.6329931618554518,0.9091771849682755,-0.4754616120497959,0.6599535557222693,-1.1913732075929888,-0.55805853535907,0.8411754299288685,-0.42051466321152303,0.09149788042738796,-0.24336354298385784,0.9699351452269085,0.8034653310326239,0.5953515447436382,0
0.8043541285752724,4,-0.6080302678557142,1.3845492010613885,4,1970-01-01 00:00:00.000000001,1.0652404676843834,1.0228107048993242,-0.267136066858997,0.9549573073211728,-0.0518601823326749,2,1,0.4929841886702795,-0.5350629342647494,0.3756293235114991,-1.3674381554709338,-0.2666831564287514,2,0,5,-0.7945466303660768,-0.538402790759326,1.1365151414154882,0.0,1.0395447808478233,1.6329931618554518,-1.5454160024519512,0.9083866134377692,-1.1921288698046946,0.6603129806234728,0.27472616572013986,1.2598575093188147,-0.42051466321152303,0.09149788042738796,-0.2065149889942563,0.9784434369551989,0.8034653310326239,0.5953515447436382,0
0.8069784487337562,2,0.5075676612008815,-0.1648279124531444,2,1970-01-01 00:00:00.000000001,1.065697684871029,-0.1677222234420293,0.6583747159595755,-0.5094288981434508,0.5062004753776304,1,2,-1.3344680501585335,0.6360249006373713,-0.8176769917039686,1.1960292690692629,0.5982351887455776,0,1,69,-0.6500836066631537,-0.538402790759326,1.1365151414154882,0.0,1.0395447808478233,1.6329931618554518,0.9984351190562837,-1.546827980169201,-0.2660876570412127,-1.1913732075929888,-0.40664313516285,0.8411754299288685,-0.42051466321152303,0.09149788042738796,-0.16937107583020397,0.9855523520707153,0.8034653310326239,0.5953515447436382,0
0.80960276889224,0,1.2351315279769222,-1.5405080401476623,0,1970-01-01 00:00:00.000000001,1.0657141611660432,1.66386689708313,0.6583747159595755,-0.948744759782838,-0.4239006208062117,1,6,-0.8360719850234026,0.8116880758726893,0.8171526601412221,0.6563519165344845,1.4631535339199069,0,1,60,-0.5056205829602307,-0.538402790759326,1.1365151414154882,0.0,1.0395447808478233,1.6329931618554518,-0.1619180240878234,0.9976671441143863,0.6599535557222693,-0.2655301134847581,1.4103416671917897,0.0038112711489760626,1.0733891807582552,0.09149788042738796,-0.1319849269748023,0.9912517233535869,0.8034653310326239,0.5953515447436382,0
0.8122270890507237,2,-0.6080302678557142,-1.04720860041882,4,1970-01-01 00:00:00.000000001,1.0658706859686786,1.572287441056872,1.583885498778148,-0.8755254495096068,1.3432914619430882,1,3,-0.5453409470279097,0.5189161171471592,1.557002575574812,0.7912712546681792,-1.564060674190245,1,0,48,-0.36115755925730764,-0.538402790759326,1.1365151414154882,0.0,1.0395447808478233,1.6329931618554518,1.6232406576723413,-0.16297975468163606,0.6599535557222693,0.6603129806234728,1.7131724675842295,0.21315231084394917,1.0733891807582552,0.09149788042738796,-0.09441001235832401,0.9955333995233415,0.8034653310326239,0.5953515447436382,0
0.8148514092092075,0,-1.1900813612765468,-0.8040328202707991,4,1970-01-01 00:00:00.000000001,1.0665791666542914,0.5191236967549054,1.583885498778148,0.5888607559550169,1.0642611330879357,1,1,-1.5421330772981712,0.4603617254020531,-0.4119528445307095,-1.2999784864040864,0.5982351887455776,0,2,71,-0.21669453555438456,-0.538402790759326,1.1365151414154882,0.0,1.0395447808478233,1.6329931618554518,1.533982723584333,1.622630858850706,1.5859947684857512,0.6603129806234728,2.0917109680747794,-0.6242118479359433,2.5672930247280337,-1.5604775497547658,-0.056700071885147196,0.9983912568969238,0.8034653310326239,0.5953515447436382,0
0.8174757293676913,2,-1.1900813612765468,-1.1305831536124271,0,1970-01-01 00:00:00.000000001,1.066301129175926,-0.4882503195339322,0.6583747159595755,0.8817379970479415,1.3432914619430882,2,0,1.2405782863729755,0.8702424676177954,-0.0181617605096052,2.1404646360051247,-0.2666831564287514,0,1,11,-0.07223151185146152,-0.538402790759326,1.1365151414154882,0.0,1.0395447808478233,1.6329931618554518,0.5075164815722384,1.5333503281740888,1.5859947684857512,1.5861560747317036,0.8803877665050197,0.31782283069143574,2.5672930247280337,-1.5604775497547658,-0.01890903857456981,0.9998212081468293,0.8034653310326239,0.5953515447436382,0
0.820100049526175,2,-1.1900813612765468,0.4813248747973109,1,1970-01-01 00:00:00.000000001,1.0666903816456377,0.1528058726498735,0.6583747159595755,-0.6558675186899132,-1.447011826608438,3,2,0.7837152266657725,0.6945792923824773,0.9842155442713876,0.8587309237350265,-1.564060674190245,0,2,19,0.07223151185146152,-0.538402790759326,1.1365151414154882,0.0,1.0395447808478233,1.6329931618554518,-0.47432079339585226,0.5066242253929922,0.6599535557222693,1.5861560747317036,0.12331076552391987,-0.8335528876309164,1.0733891807582552,-1.5604775497547658,0.01890903857456981,0.9998212081468293,0.8034653310326239,0.5953515447436382,0
0.8227243696846588,2,1.2351315279769222,-0.032818203229933,4,1970-01-01 00:00:00.000000001,1.0667212746987893,0.7938620648336794,0.6583747159595755,-1.2416220008757626,0.3201802561408619,2,2,0.6175832049540623,0.4603617254020531,0.8529518495976862,0.52143257840079,1.0306943613327422,2,0,19,0.21669453555438456,-0.538402790759326,1.1365151414154882,0.0,1.0395447808478233,1.6329931618554518,0.1504847452202054,-0.4754616120497959,0.6599535557222693,0.6603129806234728,0.27472616572013986,-0.6242118479359433,1.0733891807582552,-1.5604775497547658,0.056700071885147196,0.9983912568969238,0.8034653310326239,0.5953515447436382,0
0.8253486898431426,0,1.2351315279769222,1.5860377046126055,3,1970-01-01 00:00:00.000000001,1.0669684191240032,-0.4424605915208032,-0.267136066858997,1.101395927867635,1.5293116811798566,3,0,0.4099181778144244,0.0504809831863109,1.0319477968800064,1.465867945336652,1.0306943613327422,1,2,17,0.36115755925730764,-0.538402790759326,1.1365151414154882,0.0,1.0395447808478233,1.6329931618554518,0.7752902838362631,0.1495021026865238,0.6599535557222693,0.6603129806234728,0.27472616572013986,-0.6242118479359433,1.0733891807582552,0.09149788042738796,0.09441001235832401,0.9955333995233415,0.8034653310326239,0.5953515447436382,0
0.8279730100016263,0,1.2351315279769222,0.8981976407653467,2,1970-01-01 00:00:00.000000001,1.067157896516667,-1.95352161595406,-0.267136066858997,-1.5344992419686874,0.6922206946143987,1,5,0.451451183242352,0.5189161171471592,1.425738880901111,-1.0301398101366974,0.165776016158413,2,1,24,0.5056205829602307,-0.538402790759326,1.1365151414154882,0.0,1.0395447808478233,1.6329931618554518,-0.4296918263518481,0.7744658174228435,-0.2660876570412127,0.6603129806234728,-0.8608893357515099,1.0505164696238416,1.0733891807582552,0.09149788042738796,0.1319849269748023,0.9912517233535869,0.8034653310326239,0.5953515447436382,0
0.8305973301601101,2,1.332140043547061,1.1205297826149658,4,1970-01-01 00:00:00.000000001,1.0675883397239143,0.4733339687417764,0.6583747159595755,1.101395927867635,-0.0518601823326749,3,1,-0.6284069578837648,1.1630144263433255,-0.0897601394225332,0.8587309237350265,0.165776016158413,1,1,61,0.6500836066631537,-0.538402790759326,1.1365151414154882,0.0,1.0395447808478233,1.6329931618554518,-1.902447738803984,-0.43082134671148736,-0.2660876570412127,-0.2655301134847581,-1.01230473594773,0.736504910081382,1.0733891807582552,0.09149788042738796,0.16937107583020397,0.9855523520707153,0.8034653310326239,0.5953515447436382,0
0.8332216503185939,3,-0.6080302678557142,1.6902558961046146,4,1970-01-01 00:00:00.000000001,1.0677304477684124,1.3891285290043562,1.583885498778148,-0.8023061392363756,-0.7029309496613644,1,6,-1.3344680501585335,0.6945792923824773,0.3636962603593444,1.465867945336652,0.165776016158413,1,2,70,0.7945466303660768,-0.538402790759326,1.1365151414154882,0.0,1.0395447808478233,1.6329931618554518,0.46288751452823423,-1.9039501028756696,0.6599535557222693,-0.2655301134847581,-0.028104634672300097,1.8878806284037342,1.0733891807582552,0.09149788042738796,0.2065149889942563,0.9784434369551989,0.8034653310326239,0.5953515447436382,0
0.8358459704770775,1,-0.6080302678557142,-0.4218994514667664,1,1970-01-01 00:00:00.000000001,1.0679755326567493,1.5264977130437432,0.6583747159595755,-0.0701130365040637,-1.1679814977532854,0,1,1.406710308084686,-0.2422909755392192,-0.3284214024656268,-0.96268014106985,-0.699142329015916,0,2,-12,0.9390096540689998,-0.538402790759326,1.1365151414154882,0.0,1.0395447808478233,1.6329931618554518,1.3554668554083167,0.4619839600546837,1.5859947684857512,0.6603129806234728,1.8645878677804495,-0.8335528876309164,1.0733891807582552,-1.5604775497547658,0.24336354298385784,0.9699351452269085,0.8034653310326239,0.5953515447436382,0
0.8384702906355613,1,0.0225250833501877,-1.5127165224164598,3,1970-01-01 00:00:00.000000001,1.0681135216274935,0.0154366886104866,0.6583747159595755,1.6139310997802534,0.7852308042327829,1,0,-1.5421330772981712,1.2801232098335376,1.6644001439442042,-1.5698171626714756,-0.699142329015916,2,1,85,1.0834726777719228,-0.538402790759326,1.1365151414154882,0.0,1.0395447808478233,1.6329931618554518,1.489353756540329,1.3547892668208548,0.6599535557222693,1.5861560747317036,0.04760306542580989,0.0038112711489760626,1.0733891807582552,0.09149788042738796,0.27986403674065413,0.9600396455038853,0.8034653310326239,0.5953515447436382,0
0.8410946107940451,1,-1.1900813612765468,-0.6025443167195819,2,1970-01-01 00:00:00.000000001,1.0680126043205314,1.0228107048993242,0.6583747159595755,0.0031062737691674,-1.447011826608438,3,0,-1.2098690338747506,-0.1837365837941131,0.9126171653584596,0.3190535712002482,1.4631535339199069,2,0,52,1.227935701474846,-0.538402790759326,1.1365151414154882,0.0,1.0395447808478233,1.6329931618554518,0.01659784408819306,1.4887100628357803,0.6599535557222693,0.6603129806234728,0.04760306542580989,0.0038112711489760626,1.0733891807582552,-1.5604775497547658,0.3159642670044579,0.9487710903986987,0.8034653310326239,0.5953515447436382,0
0.8437189309525288,0,0.5075676612008815,-1.6516741110724718,4,1970-01-01 00:00:00.000000001,1.0844641848922627,0.9770209768861954,0.6583747159595755,1.1746152381408663,1.0642611330879357,0,3,-0.4622749361720545,0.1090353749314169,0.4591607655765818,0.3865132402670955,1.0306943613327422,0,1,39,1.372398725177769,-0.538402790759326,1.1365151414154882,0.0,1.0395447808478233,1.6329931618554518,0.9984351190562837,0.015581306671598155,0.6599535557222693,0.6603129806234728,0.04760306542580989,0.0038112711489760626,1.0733891807582552,-1.5604775497547658,0.35161260297471486,0.9361455962772808,0.8034653310326239,0.5953515447436382,0
0.8463432511110126,0,1.4291485591171995,-0.8526679763004034,2,1970-01-01 00:00:00.000000001,1.0844188750809736,1.0686004329124532,0.6583747159595755,0.9549573073211728,-0.9819612785165168,0,5,-1.2098690338747506,-1.2377156352060217,-1.3785309598552384,-1.70473650080517,1.4631535339199069,2,1,34,1.516861748880692,-0.538402790759326,1.1365151414154882,0.0,1.0395447808478233,1.6329931618554518,0.9538061520122796,0.9976671441143863,0.6599535557222693,0.6603129806234728,1.7131724675842295,-1.9849286059532685,1.0733891807582552,-1.5604775497547658,0.3867580601532345,0.9221812202091881,0.8034653310326239,0.5953515447436382,0
0.8489675712694964,3,0.0225250833501877,0.2381490946492901,0,1970-01-01 00:00:00.000000001,1.084443589523495,-0.7171989595995771,-2.118157632496142,-1.461279931695456,-1.1679814977532854,1,2,0.7421822212378449,0.9287968593629016,-0.913141496921206,0.52143257840079,-0.699142329015916,1,2,24,1.661324772583615,-0.538402790759326,1.1365151414154882,0.0,1.0395447808478233,1.6329931618554518,1.0430640861002878,0.9530268787760777,0.6599535557222693,0.6603129806234728,0.7289723663087997,0.21315231084394917,-0.42051466321152303,1.7434733106095417,0.4213503732625737,0.906897934142255,0.8034653310326239,0.5953515447436382,0
0.8515918914279802,1,-0.6080302678557142,-1.5613516784460642,4,1970-01-01 00:00:00.000000001,1.0850346766071313,-1.5414140638358989,0.6583747159595755,0.0031062737691674,-0.0518601823326749,2,2,-0.0469448818927788,-1.4719332021864455,-0.8892753706168967,-0.4904624576019191,-0.699142329015916,1,1,2,-1.661324772583615,-0.4180281830692328,1.1365151414154882,0.0,1.5455179042693301,1.6329931618554518,-0.6974656286158728,1.0423074094526947,-2.1181700825681764,0.6603129806234728,-0.6337662354571799,0.945845949776355,-0.42051466321152303,1.7434733106095417,-0.4213503732625737,0.906897934142255,0.9832032720901962,0.18251390563771203,0
0.8542162115864639,1,1.2351315279769222,1.308122527300582,4,1970-01-01 00:00:00.000000001,1.084820484771946,1.4349182570174852,1.583885498778148,1.540711789507022,-0.8889511688981327,3,0,1.5728423297963965,-1.4719332021864455,-1.6291252860504866,1.465867945336652,1.0306943613327422,1,2,-37,-1.516861748880692,-0.4180281830692328,1.1365151414154882,0.0,1.5455179042693301,1.6329931618554518,-1.500787035407947,-0.6986629387413387,0.6599535557222693,-2.1172163017012195,-0.48235083526096,1.469198549013788,-0.42051466321152303,1.7434733106095417,-0.3867580601532345,0.9221812202091881,0.9832032720901962,0.18251390563771203,0
0.8568405317449477,2,-0.6080302678557142,-0.3107333805419569,0,1970-01-01 00:00:00.000000001,1.0854136313924592,-0.7171989595995771,0.6583747159595755,0.2227642045888609,-1.1679814977532854,0,1,0.7006492158099173,0.0504809831863109,1.6524670807920496,-0.0857044432008354,-1.564060674190245,0,0,10,-1.372398725177769,-0.4180281830692328,1.1365151414154882,0.0,1.5455179042693301,1.6329931618554518,1.4000958224523208,-1.5021877148308926,1.5859947684857512,0.6603129806234728,-0.48235083526096,1.469198549013788,1.0733891807582552,-1.5604775497547658,-0.35161260297471486,0.9361455962772808,0.9832032720901962,0.18251390563771203,0
0.8594648519034315,0,1.2351315279769222,-1.290384380566841,1,1970-01-01 00:00:00.000000001,1.0856751925758104,1.618077169070001,1.583885498778148,-1.3148413111489938,1.0642611330879357,2,2,-1.085270017590968,1.1630144263433255,-1.0324721284427527,-1.2325188173372392,1.4631535339199069,2,1,72,-1.227935701474846,-0.4180281830692328,1.1365151414154882,0.0,1.5455179042693301,1.6329931618554518,-0.6974656286158728,1.3994295321591632,0.6599535557222693,1.5861560747317036,1.2589262669955696,0.8411754299288685,2.5672930247280337,-1.5604775497547658,-0.3159642670044579,0.9487710903986987,0.9832032720901962,0.18251390563771203,0
0.8620891720619152,1,1.2351315279769222,-1.0402607209860195,4,1970-01-01 00:00:00.000000001,1.085895563021626,1.618077169070001,0.6583747159595755,-1.6077185522419186,-1.2609916073716696,1,3,0.3268521669585693,-0.5350629342647494,-0.4596850971393282,-0.1531641122676827,3.1929902242685646,1,0,9,-1.0834726777719228,-0.4180281830692328,1.1365151414154882,0.0,1.5455179042693301,1.6329931618554518,1.5786116906283372,-0.6986629387413387,1.5859947684857512,0.6603129806234728,1.4103416671917897,1.0505164696238416,1.0733891807582552,-1.5604775497547658,-0.27986403674065413,0.9600396455038853,0.9832032720901962,0.18251390563771203,0
0.864713492220399,3,0.8470974656963671,-1.5544037990132635,2,1970-01-01 00:00:00.000000001,1.0860500282873846,-1.678783247875286,0.6583747159595755,-0.7290868289631444,0.6922206946143987,1,3,-0.2130769036044891,-1.0034980682255976,-1.1876019494207637,-1.0975994792035446,-0.2666831564287514,0,0,14,-0.9390096540689998,-0.4180281830692328,1.1365151414154882,0.0,1.5455179042693301,1.6329931618554518,1.5786116906283372,1.5779905935123975,0.6599535557222693,1.5861560747317036,0.8803877665050197,2.3065627077936806,1.0733891807582552,-1.5604775497547658,-0.24336354298385784,0.9699351452269085,0.9832032720901962,0.18251390563771203,0
0.8673378123788827,3,0.5075676612008815,0.981572193958954,3,1970-01-01 00:00:00.000000001,1.0857102047027156,-1.0377270556914802,-1.1926468496775695,1.4674924792337911,0.0411499272857092,1,6,-1.2514020393026783,1.2801232098335376,-1.008606002138443,0.9261905928018735,-0.2666831564287514,1,1,78,-0.7945466303660768,-0.4180281830692328,1.1365151414154882,0.0,1.5455179042693301,1.6329931618554518,-1.6346739365399594,1.5779905935123975,0.6599535557222693,0.6603129806234728,-0.55805853535907,1.8878806284037342,1.0733891807582552,0.09149788042738796,-0.2065149889942563,0.9784434369551989,0.9832032720901962,0.18251390563771203,0
0.8699621325373664,1,1.2351315279769222,0.7661879315421354,2,1970-01-01 00:00:00.000000001,1.0859285156116545,-0.1219324954289003,-1.1926468496775695,-1.6077185522419186,-0.1448702919510591,1,6,1.6559083406522517,0.4018073336569471,-1.5575269071375586,0.52143257840079,1.4631535339199069,1,2,-7,-0.6500836066631537,-0.4180281830692328,1.1365151414154882,0.0,1.5455179042693301,1.6329931618554518,-1.0098683979239016,-1.6361085108458182,-1.1921288698046946,0.6603129806234728,-1.5422586366344997,-0.3102002883934836,-0.42051466321152303,0.09149788042738796,-0.16937107583020397,0.9855523520707153,0.9832032720901962,0.18251390563771203,0
0.8725864526958502,0,0.0225250833501877,-0.3454727777059598,1,1970-01-01 00:00:00.000000001,1.0862889345650912,0.5191236967549054,1.583885498778148,-0.582648208416682,-0.7029309496613644,3,1,1.697441346080179,1.1630144263433255,-1.6291252860504866,-0.5579221266687664,-0.699142329015916,2,2,5,-0.5056205829602307,-0.4180281830692328,1.1365151414154882,0.0,1.5455179042693301,1.6329931618554518,-0.1172890570438193,-1.0111447961094986,-1.1921288698046946,-1.1913732075929888,-0.33093543506474005,-0.3102002883934836,-0.42051466321152303,0.09149788042738796,-0.1319849269748023,0.9912517233535869,0.9832032720901962,0.18251390563771203,0
0.875210772854334,3,-0.6080302678557142,-0.0397660826627336,3,1970-01-01 00:00:00.000000001,1.0865051859371533,0.8396517928468084,0.6583747159595755,-0.3629902775969885,-0.8889511688981327,0,5,0.2022531506747865,0.226144158421629,-0.5909487918130297,1.1960292690692629,0.165776016158413,0,1,25,-0.36115755925730764,-0.4180281830692328,1.1365151414154882,0.0,1.5455179042693301,1.6329931618554518,0.5075164815722384,-0.1183394893433275,1.5859947684857512,-1.1913732075929888,0.7289723663087997,-1.0428939273258895,1.0733891807582552,0.09149788042738796,-0.09441001235832401,0.9955333995233415,0.9832032720901962,0.18251390563771203,0
0.8778350930128177,2,0.0225250833501877,1.0024158322573555,2,1970-01-01 00:00:00.000000001,1.086886200259358,0.9312312488730664,1.583885498778148,-1.461279931695456,0.2271701465224777,3,6,1.489776318940541,-0.9449436764804916,0.1966333762291789,0.8587309237350265,0.5982351887455776,1,2,-26,-0.21669453555438456,-0.4180281830692328,1.1365151414154882,0.0,1.5455179042693301,1.6329931618554518,0.8199192508802672,0.5066242253929922,0.6599535557222693,1.5861560747317036,1.2589262669955696,-1.5662465265633223,2.5672930247280337,-1.5604775497547658,-0.056700071885147196,0.9983912568969238,0.9832032720901962,0.18251390563771203,0
0.8804594131713015,3,0.0225250833501877,1.2733831301365788,2,1970-01-01 00:00:00.000000001,1.0873866677204158,-0.1677222234420293,-1.1926468496775695,0.5888607559550169,1.0642611330879357,0,1,-0.6284069578837648,-0.2422909755392192,0.8290857232933768,-1.2325188173372392,0.5982351887455776,1,2,37,-0.07223151185146152,-0.4180281830692328,1.1365151414154882,0.0,1.5455179042693301,1.6329931618554518,0.9091771849682755,0.819106082761152,1.5859947684857512,0.6603129806234728,0.8803877665050197,-0.6242118479359433,1.0733891807582552,1.7434733106095417,-0.01890903857456981,0.9998212081468293,0.9832032720901962,0.18251390563771203,0
0.8830837333297853,4,-0.6080302678557142,0.2381490946492901,0,1970-01-01 00:00:00.000000001,1.087141582832079,1.0686004329124532,1.583885498778148,-1.388060621422225,-0.0518601823326749,2,1,-1.3344680501585335,0.9287968593629016,-0.8654092443125873,-0.8952204720030028,0.5982351887455776,0,0,74,0.07223151185146152,-0.4180281830692328,1.1365151414154882,0.0,1.5455179042693301,1.6329931618554518,-0.1619180240878234,0.9083866134377692,-1.1921288698046946,1.5861560747317036,1.0318031667012397,-0.5195413280884568,1.0733891807582552,1.7434733106095417,0.01890903857456981,0.9998212081468293,0.9832032720901962,0.18251390563771203,0
0.885708053488269,4,0.5075676612008815,-0.1092448769907396,1,1970-01-01 00:00:00.000000001,1.0873866677204158,0.1985956006630025,-0.267136066858997,-1.388060621422225,-0.5169107304245959,2,0,0.8667812375216276,-0.9449436764804916,0.6858889654675208,-1.0301398101366974,0.5982351887455776,0,2,-11,0.21669453555438456,-0.4180281830692328,1.1365151414154882,0.0,1.5455179042693301,1.6329931618554518,1.0430640861002878,-0.16297975468163606,1.5859947684857512,-1.1913732075929888,0.5775569661125798,-0.6242118479359433,-0.42051466321152303,1.7434733106095417,0.056700071885147196,0.9983912568969238,0.9832032720901962,0.18251390563771203,0
0.8883323736467528,0,5.552010470848097,-0.067557600393936,0,1970-01-01 00:00:00.000000001,1.087555549744312,0.2901750566892605,-1.1926468496775695,-1.754157172788381,0.3201802561408619,0,2,-0.6699399633116924,-1.2377156352060217,-1.1160035705078355,-1.5023574936046282,-1.1316015016030805,2,2,21,0.36115755925730764,-0.4180281830692328,1.1365151414154882,0.0,1.5455179042693301,1.6329931618554518,0.19511371226420954,1.0423074094526947,-0.2660876570412127,1.5861560747317036,0.8803877665050197,-1.0428939273258895,-0.42051466321152303,0.09149788042738796,0.09441001235832401,0.9955333995233415,0.9832032720901962,0.18251390563771203,0
0.8909566938052366,1,1.2351315279769222,-1.408498330924451,3,1970-01-01 00:00:00.000000001,1.0877573843582369,-0.8087784156258352,-1.1926468496775695,-1.0951833803293003,-0.2378804015694433,1,0,-0.6284069578837648,-1.0034980682255976,-1.104070507355681,-0.4904624576019191,1.4631535339199069,1,1,24,0.5056205829602307,-0.4180281830692328,1.1365151414154882,0.0,1.5455179042693301,1.6329931618554518,0.2843716463522178,0.19414236802483237,-1.1921288698046946,-0.2655301134847581,-0.17952003486852006,-0.7288823677834299,-1.9144185071813014,-1.5604775497547658,0.1319849269748023,0.9912517233535869,0.9832032720901962,0.18251390563771203,0
0.8935810139637202,0,-0.6080302678557142,0.5577515485581175,0,1970-01-01 00:00:00.000000001,1.0877985750957722,0.5191236967549054,-0.267136066858997,0.7352993765014793,0.3201802561408619,2,2,-0.1300108927486339,0.1090353749314169,1.6763332070963588,1.0611099309355685,1.4631535339199069,2,0,31,0.6500836066631537,-0.4180281830692328,1.1365151414154882,0.0,1.5455179042693301,1.6329931618554518,-0.7867235627038811,0.28342289870144943,-1.1921288698046946,-1.1913732075929888,0.04760306542580989,-0.41487080824097017,-1.9144185071813014,0.09149788042738796,0.16937107583020397,0.9855523520707153,0.9832032720901962,0.18251390563771203,0
0.896205334122204,0,-1.1900813612765468,-0.6233879550179837,1,1970-01-01 00:00:00.000000001,1.088319637925598,-1.678783247875286,0.6583747159595755,-0.8023061392363756,-1.2609916073716696,3,5,1.3651773026567584,0.5774705088922653,-1.68879060181126,-1.2999784864040864,1.4631535339199069,1,2,3,0.7945466303660768,-0.4180281830692328,1.1365151414154882,0.0,1.5455179042693301,1.6329931618554518,0.5075164815722384,-0.7879434694179558,-0.2660876570412127,-1.1913732075929888,-1.01230473594773,0.4224933505389223,-0.42051466321152303,0.09149788042738796,0.2065149889942563,0.9784434369551989,0.9832032720901962,0.18251390563771203,0
0.8988296542806878,0,0.0225250833501877,-0.8040328202707991,4,1970-01-01 00:00:00.000000001,1.088706830858433,-0.6714092315864482,-0.267136066858997,-0.1433323467772949,0.4131903657592461,0,5,-1.2514020393026783,0.6945792923824773,1.6763332070963588,0.9261905928018735,-1.1316015016030805,2,1,68,0.9390096540689998,-0.4180281830692328,1.1365151414154882,0.0,1.5455179042693301,1.6329931618554518,-1.6346739365399594,0.5066242253929922,0.6599535557222693,-0.2655301134847581,-0.93659703584962,0.4224933505389223,-0.42051466321152303,-1.5604775497547658,0.24336354298385784,0.9699351452269085,0.9832032720901962,0.18251390563771203,0
0.9014539744391716,0,0.0225250833501877,-0.0397660826627336,4,1970-01-01 00:00:00.000000001,1.0885029367076315,-0.0303530394026423,0.6583747159595755,-0.5094288981434508,-0.8889511688981327,2,5,1.6559083406522517,1.3972319933237496,-1.2114680757250729,1.5333276144034993,0.5982351887455776,1,2,10,1.0834726777719228,-0.4180281830692328,1.1365151414154882,0.0,1.5455179042693301,1.6329931618554518,-0.6528366615718687,-1.6361085108458182,-0.2660876570412127,0.6603129806234728,-1.2394278362420599,-0.20552976854599705,1.0733891807582552,-1.5604775497547658,0.27986403674065413,0.9600396455038853,0.9832032720901962,0.18251390563771203,0
0.9040782945976552,2,0.5075676612008815,1.6902558961046146,3,1970-01-01 00:00:00.000000001,1.088820105386656,1.5264977130437432,-0.267136066858997,0.2227642045888609,-0.4239006208062117,0,1,0.2853191615306417,1.0459056428531135,2.583246006660114,0.1841342330665536,-1.564060674190245,0,0,37,1.227935701474846,-0.4180281830692328,1.1365151414154882,0.0,1.5455179042693301,1.6329931618554518,-0.028031122955811057,-0.6540226734030301,0.6599535557222693,-0.2655301134847581,0.5018492660144698,0.5271638703864089,-0.42051466321152303,0.09149788042738796,0.3159642670044579,0.9487710903986987,0.9832032720901962,0.18251390563771203,0
0.9067026147561392,2,0.0225250833501877,1.738891052134219,4,1970-01-01 00:00:00.000000001,1.0889663325049073,-0.3508811354945452,-1.1926468496775695,-0.4362095878702197,-1.3540017169900538,1,1,0.8252482320937001,-0.4179541507745373,1.5450695124226574,1.398408276269805,-0.2666831564287514,2,0,-1,1.372398725177769,-0.4180281830692328,1.1365151414154882,0.0,1.5455179042693301,1.6329931618554518,1.489353756540329,-0.029058958666710395,-0.2660876570412127,0.6603129806234728,0.6532646662106898,0.21315231084394917,-0.42051466321152303,0.09149788042738796,0.35161260297471486,0.9361455962772808,0.9832032720901962,0.18251390563771203,0
0.9093269349146228,3,0.0225250833501877,-1.304280139432442,0,1970-01-01 00:00:00.000000001,1.1050142438487895,-0.7171989595995771,-0.267136066858997,0.0031062737691674,0.2271701465224777,0,0,0.8667812375216276,0.284698550166735,-1.6649244755069506,-0.8277608029361555,-0.699142329015916,0,0,10,1.516861748880692,-0.4180281830692328,1.1365151414154882,0.0,1.5455179042693301,1.6329931618554518,-0.3404338922638399,1.4887100628357803,-1.1921288698046946,-0.2655301134847581,0.27472616572013986,0.736504910081382,-1.9144185071813014,0.09149788042738796,0.3867580601532345,0.9221812202091881,0.9832032720901962,0.18251390563771203,0
0.9119512550731066,4,-1.1900813612765468,1.565194066314204,3,1970-01-01 00:00:00.000000001,1.0891970006351068,-0.3508811354945452,-0.267136066858997,-1.021964070056069,-1.1679814977532854,2,6,0.6591162103819899,0.167589766676523,1.294475186227409,-0.692841464802461,-1.1316015016030805,1,0,13,1.661324772583615,-0.4180281830692328,1.1365151414154882,0.0,1.5455179042693301,1.6329931618554518,-0.6974656286158728,-0.34154081603487024,-0.2660876570412127,-1.1913732075929888,-0.7851816356533999,-1.5662465265633223,-0.42051466321152303,0.09149788042738796,0.4213503732625737,0.906897934142255,0.9832032720901962,0.18251390563771203,0
0.9145755752315904,0,-1.1900813612765468,1.3428619244645847,1,1970-01-01 00:00:00.000000001,1.1051831258726856,0.8854415208599373,-1.1926468496775695,-0.5094288981434508,1.4363015715614724,0,3,1.614375335224324,0.167589766676523,-1.318865644094465,-1.0975994792035446,0.5982351887455776,0,0,-10,-1.661324772583615,-0.29765357537913956,1.1365151414154882,0.0,-1.490320836259711,-0.6123724356957944,-0.3404338922638399,-0.6986629387413387,-0.2660876570412127,-0.2655301134847581,-0.10381233477041008,-0.1008592486985105,-0.42051466321152303,0.09149788042738796,-0.4213503732625737,0.906897934142255,-0.9729578811050594,0.23098260020086597,0
0.9171998953900742,3,-1.1900813612765468,-0.4913782457947724,3,1970-01-01 00:00:00.000000001,1.105471461035435,1.251759344964969,-0.267136066858997,-0.6558675186899132,-1.447011826608438,2,2,-0.3792089253161994,-0.1837365837941131,1.0916131126407798,-0.8277608029361555,0.165776016158413,2,0,32,-1.516861748880692,-0.29765357537913956,1.1365151414154882,0.0,-1.490320836259711,-0.6123724356957944,0.8645482179242713,-0.34154081603487024,-1.1921288698046946,-0.2655301134847581,1.0318031667012397,-0.20552976854599705,-0.42051466321152303,0.09149788042738796,-0.3867580601532345,0.9221812202091881,-0.9729578811050594,0.23098260020086597,0
0.919824215548558,4,1.2351315279769222,-0.92909465006121,3,1970-01-01 00:00:00.000000001,1.105895725632052,-1.49562433582277,0.6583747159595755,0.3692028251353233,1.5293116811798566,2,2,-0.0469448818927788,-0.1837365837941131,0.8768179759019955,-0.692841464802461,1.4631535339199069,2,1,24,-1.372398725177769,-0.29765357537913956,1.1365151414154882,0.0,-1.490320836259711,-0.6123724356957944,1.2215799542763042,0.8637463480994606,-0.2660876570412127,-1.1913732075929888,0.3504338658182498,1.2598575093188147,-0.42051466321152303,0.09149788042738796,-0.35161260297471486,0.9361455962772808,-0.9729578811050594,0.23098260020086597,0
0.9224485357070416,1,-1.1900813612765468,0.773135810974936,2,1970-01-01 00:00:00.000000001,1.1056815337968668,0.1985956006630025,0.6583747159595755,-1.388060621422225,1.1572712427063196,2,5,1.2405782863729755,0.4603617254020531,-0.0300948236617598,0.9261905928018735,-0.2666831564287514,0,0,4,-1.227935701474846,-0.29765357537913956,1.1365151414154882,0.0,-1.490320836259711,-0.6123724356957944,-1.4561580683639428,1.220868470805929,0.6599535557222693,-0.2655301134847581,-0.028104634672300097,1.0505164696238416,1.0733891807582552,0.09149788042738796,-0.3159642670044579,0.9487710903986987,-0.9729578811050594,0.23098260020086597,0
0.9250728558655256,2,-1.1900813612765468,1.5721419457470045,2,1970-01-01 00:00:00.000000001,1.106490931789442,0.4733339687417764,1.583885498778148,1.6139310997802534,0.9712510234695512,3,2,1.406710308084686,0.9873512511080076,-0.0778270762703785,-0.2880834504013773,-0.699142329015916,1,2,9,-1.0834726777719228,-0.29765357537913956,1.1365151414154882,0.0,-1.490320836259711,-0.6123724356957944,0.19511371226420954,-1.457547449492584,0.6599535557222693,0.6603129806234728,-0.40664313516285,0.31782283069143574,2.5672930247280337,-1.5604775497547658,-0.27986403674065413,0.9600396455038853,-0.9729578811050594,0.23098260020086597,0
0.9276971760240093,4,-0.6080302678557142,-0.4080036926011652,3,1970-01-01 00:00:00.000000001,1.106501229473826,0.0154366886104866,-1.1926468496775695,1.2478345484140976,-0.1448702919510591,1,4,-0.794538979595475,0.7531336841275833,1.413805817748956,-1.70473650080517,0.165776016158413,2,2,58,-0.9390096540689998,-0.29765357537913956,1.1365151414154882,0.0,-1.490320836259711,-0.6123724356957944,0.46288751452823423,0.19414236802483237,1.5859947684857512,0.6603129806234728,0.04760306542580989,0.0038112711489760626,1.0733891807582552,1.7434733106095417,-0.24336354298385784,0.9699351452269085,-0.9729578811050594,0.23098260020086597,0
0.9303214961824928,1,-1.1900813612765468,1.3637055627629866,4,1970-01-01 00:00:00.000000001,1.1064270861462615,-0.7171989595995771,0.6583747159595755,-0.7290868289631444,0.5992105849960145,1,5,0.9498472483774828,1.1044600345982196,-0.4596850971393282,1.6682469525371937,1.0306943613327422,1,2,22,-0.7945466303660768,-0.29765357537913956,1.1365151414154882,0.0,-1.490320836259711,-0.6123724356957944,0.01659784408819306,0.4619839600546837,-1.1921288698046946,1.5861560747317036,0.04760306542580989,0.0038112711489760626,1.0733891807582552,0.09149788042738796,-0.2065149889942563,0.9784434369551989,-0.9729578811050594,0.23098260020086597,0
0.9329458163409768,4,-0.6080302678557142,0.8704061230341443,2,1970-01-01 00:00:00.000000001,1.1065218248425936,1.2059696169518404,-0.267136066858997,1.6871504100534849,0.9712510234695512,0,3,0.7837152266657725,1.0459056428531135,-0.9012084337690514,-1.1650591482703918,-0.699142329015916,2,2,25,-0.6500836066631537,-0.29765357537913956,1.1365151414154882,0.0,-1.490320836259711,-0.6123724356957944,-0.6974656286158728,0.015581306671598155,0.6599535557222693,-1.1913732075929888,0.04760306542580989,0.0038112711489760626,-0.42051466321152303,0.09149788042738796,-0.16937107583020397,0.9855523520707153,-0.9729578811050594,0.23098260020086597,0
0.9355701364994604,2,1.2351315279769222,1.5860377046126055,1,1970-01-01 00:00:00.000000001,1.1068987200910447,1.3433388009912273,2.509396281596721,0.9549573073211728,1.3432914619430882,0,2,-1.5421330772981712,0.1090353749314169,0.3278970709028804,-0.8277608029361555,1.4631535339199069,1,0,65,-0.5056205829602307,-0.29765357537913956,1.1365151414154882,0.0,-1.490320836259711,-0.6123724356957944,1.1769509872323,-0.6986629387413387,-0.2660876570412127,0.6603129806234728,1.0318031667012397,0.5271638703864089,2.5672930247280337,1.7434733106095417,-0.1319849269748023,0.9912517233535869,-0.9729578811050594,0.23098260020086597,0
0.9381944566579442,2,-1.1900813612765468,-0.3107333805419569,0,1970-01-01 00:00:00.000000001,1.1072509008969744,1.66386689708313,-0.267136066858997,0.5156414456817857,-0.7959410592797486,2,0,0.0776541343910038,-0.0666278003039011,1.1870776178580171,-0.1531641122676827,-1.1316015016030805,1,0,23,-0.36115755925730764,-0.29765357537913956,1.1365151414154882,0.0,-1.490320836259711,-0.6123724356957944,1.3108378883643126,1.1762282054676205,2.512035981249233,-0.2655301134847581,2.3188340683691093,-1.4615760067158357,1.0733891807582552,1.7434733106095417,-0.09441001235832401,0.9955333995233415,-0.9729578811050594,0.23098260020086597,0
0.940818776816428,3,4.048378479510946,0.8912497613325461,2,1970-01-01 00:00:00.000000001,1.10771429669425,-0.3966708635076743,1.583885498778148,1.6871504100534849,-0.8889511688981327,1,2,-0.6284069578837648,1.0459056428531135,1.234809870466636,0.3190535712002482,0.5982351887455776,0,1,59,-0.21669453555438456,-0.29765357537913956,1.1365151414154882,0.0,-1.490320836259711,-0.6123724356957944,1.6232406576723413,1.310149001482546,-0.2660876570412127,2.5119991688399343,1.4860493672898996,0.4224933505389223,2.5672930247280337,1.7434733106095417,-0.056700071885147196,0.9983912568969238,-0.9729578811050594,0.23098260020086597,0
0.9434430969749118,0,0.5560719189859509,0.9051455201981472,3,1970-01-01 00:00:00.000000001,1.1074547950477758,1.1143901609255822,0.6583747159595755,-0.0701130365040637,-1.2609916073716696,0,1,-0.2130769036044891,1.4557863850688555,-0.137492392031152,1.0611099309355685,1.0306943613327422,1,0,56,-0.07223151185146152,-0.29765357537913956,1.1365151414154882,0.0,-1.490320836259711,-0.6123724356957944,-0.385062859307844,1.622630858850706,1.5859947684857512,-0.2655301134847581,1.3346339670936795,0.31782283069143574,1.0733891807582552,0.09149788042738796,-0.01890903857456981,0.9998212081468293,-0.9729578811050594,0.23098260020086597,0
0.9460674171333956,4,-0.6080302678557142,1.5165589102845998,4,1970-01-01 00:00:00.000000001,1.1079223099188051,-0.5340400475470612,0.6583747159595755,1.7603697203267157,-0.7959410592797486,0,0,-1.957463131577447,0.4603617254020531,0.972282481119233,-0.1531641122676827,-1.1316015016030805,2,2,81,0.07223151185146152,-0.29765357537913956,1.1365151414154882,0.0,-1.490320836259711,-0.6123724356957944,1.0876930531442919,-0.3861810813731788,0.6599535557222693,1.5861560747317036,0.12331076552391987,0.0038112711489760626,1.0733891807582552,0.09149788042738796,0.01890903857456981,0.9998212081468293,-0.9729578811050594,0.23098260020086597,0
0.9486917372918792,4,-1.1900813612765468,1.7666825698654212,0,1970-01-01 00:00:00.000000001,1.1082971456303794,-0.8545681436389642,-0.267136066858997,-1.5344992419686874,-0.7959410592797486,1,0,-0.0469448818927788,0.0504809831863109,1.6286009544877402,0.52143257840079,-1.564060674190245,0,1,28,0.21669453555438456,-0.29765357537913956,1.1365151414154882,0.0,-1.490320836259711,-0.6123724356957944,-0.5189497604398564,1.0869476747910034,0.6599535557222693,0.6603129806234728,-0.10381233477041008,0.31782283069143574,1.0733891807582552,-1.5604775497547658,0.056700071885147196,0.9983912568969238,-0.9729578811050594,0.23098260020086597,0
0.9513160574503632,1,-0.6080302678557142,-1.081947997582823,2,1970-01-01 00:00:00.000000001,1.1079511434350802,-1.49562433582277,0.6583747159595755,-1.2416220008757626,1.6223217907982408,2,0,-0.2546099090324166,0.284698550166735,-1.354664833550929,1.465867945336652,1.4631535339199069,2,1,37,0.36115755925730764,-0.29765357537913956,1.1365151414154882,0.0,-1.490320836259711,-0.6123724356957944,-0.8313525297478852,-0.5201018773881044,-0.2660876570412127,0.6603129806234728,-1.5422586366344997,-1.0428939273258895,1.0733891807582552,0.09149788042738796,0.09441001235832401,0.9955333995233415,-0.9729578811050594,0.23098260020086597,0
0.9539403776088468,2,-0.6080302678557142,-0.2898897422435551,4,1970-01-01 00:00:00.000000001,1.1085381114449628,-0.7629886876127061,1.583885498778148,1.7603697203267157,-1.1679814977532854,0,4,0.1191871398189314,-0.2422909755392192,-0.6625471707259578,1.0611099309355685,-0.2666831564287514,0,1,19,0.5056205829602307,-0.29765357537913956,1.1365151414154882,0.0,-1.490320836259711,-0.6123724356957944,-1.4561580683639428,-0.8325837347562643,0.6599535557222693,-0.2655301134847581,-1.6936740368307197,-1.1475644471733761,1.0733891807582552,0.09149788042738796,0.1319849269748023,0.9912517233535869,-0.9729578811050594,0.23098260020086597,0
0.9565646977673306,4,0.5075676612008815,0.6550218606173258,4,1970-01-01 00:00:00.000000001,1.1086946362475982,-0.7171989595995771,-1.1926468496775695,-0.948744759782838,0.4131903657592461,2,4,1.4482433135126136,0.7531336841275833,-0.2687560867048534,-1.3674381554709338,-1.1316015016030805,0,1,4,0.6500836066631537,-0.29765357537913956,1.1365151414154882,0.0,-1.490320836259711,-0.6123724356957944,-0.742094595659877,-1.457547449492584,1.5859947684857512,0.6603129806234728,-1.6179663367326098,-1.1475644471733761,1.0733891807582552,1.7434733106095417,0.16937107583020397,0.9855523520707153,-0.9729578811050594,0.23098260020086597,0
0.9591890179258143,2,-1.1900813612765468,0.550803669125317,4,1970-01-01 00:00:00.000000001,1.1085504686662235,0.2901750566892605,1.583885498778148,-0.2897709673237573,0.7852308042327829,1,2,1.3651773026567584,-3.0529017793043085,-1.2353342020293825,-0.22062378133453,-1.564060674190245,1,0,-59,0.7945466303660768,-0.29765357537913956,1.1365151414154882,0.0,-1.490320836259711,-0.6123724356957944,-0.6974656286158728,-0.7433032040796472,-1.1921288698046946,1.5861560747317036,-0.6337662354571799,-0.7288823677834299,1.0733891807582552,1.7434733106095417,0.2065149889942563,0.9784434369551989,-0.9729578811050594,0.23098260020086597,0
0.961813338084298,4,0.5075676612008815,0.2242533357836889,3,1970-01-01 00:00:00.000000001,1.1091333176023528,-1.9077318879409308,-1.1926468496775695,-0.2165516570505261,-0.9819612785165168,1,5,1.5313093243684688,0.8702424676177954,2.0462581648131537,-1.2999784864040864,-1.564060674190245,1,1,4,0.9390096540689998,-0.29765357537913956,1.1365151414154882,0.0,-1.490320836259711,-0.6123724356957944,0.2843716463522178,-0.6986629387413387,1.5859947684857512,-1.1913732075929888,-1.2394278362420599,0.4224933505389223,-0.42051466321152303,1.7434733106095417,0.24336354298385784,0.9699351452269085,-0.9729578811050594,0.23098260020086597,0
0.9644376582427818,3,0.5075676612008815,-0.2204109479155491,1,1970-01-01 00:00:00.000000001,1.1093145568475096,0.0612264166236156,-1.1926468496775695,0.8817379970479415,0.9712510234695512,0,2,0.9913802538054104,0.167589766676523,-0.9012084337690514,-0.6253817957356137,0.5982351887455776,2,0,5,1.0834726777719228,-0.29765357537913956,1.1365151414154882,0.0,-1.490320836259711,-0.6123724356957944,-1.85781877175998,0.28342289870144943,-1.1921288698046946,1.5861560747317036,-0.8608893357515099,0.6318343902338954,-0.42051466321152303,0.09149788042738796,0.27986403674065413,0.9600396455038853,-0.9729578811050594,0.23098260020086597,0
0.9670619784012656,0,0.5075676612008815,1.030207349988558,4,1970-01-01 00:00:00.000000001,1.1093042591631257,-1.129306511717738,-0.267136066858997,-0.2897709673237573,-1.1679814977532854,0,2,0.2022531506747865,1.2215688180884317,-0.5909487918130297,1.0611099309355685,-0.699142329015916,2,1,42,1.227935701474846,-0.29765357537913956,1.1365151414154882,0.0,-1.490320836259711,-0.6123724356957944,0.06122681113219718,-1.859309837537361,-1.1921288698046946,-1.1913732075929888,-1.6179663367326098,0.10848179099646262,-1.9144185071813014,-1.5604775497547658,0.3159642670044579,0.9487710903986987,-0.9729578811050594,0.23098260020086597,0
0.9696862985597492,4,-0.6080302678557142,-0.8665637351660045,0,1970-01-01 00:00:00.000000001,1.12563226752225,-0.2135119514551583,0.6583747159595755,0.662080066228248,0.2271701465224777,1,2,-0.0884778873207064,-1.3548244186962335,1.4376719440532653,-0.5579221266687664,0.5982351887455776,1,0,5,1.372398725177769,-0.29765357537913956,1.1365151414154882,0.0,-1.490320836259711,-0.6123724356957944,-1.09912633201191,0.0602215720099067,-0.2660876570412127,-1.1913732075929888,-0.7094739355552899,-0.7288823677834299,-0.42051466321152303,0.09149788042738796,0.35161260297471486,0.9361455962772808,-0.9729578811050594,0.23098260020086597,0
0.9723106187182332,2,1.2351315279769222,-0.3593685365715611,2,1970-01-01 00:00:00.000000001,1.1098212029191978,0.6107031527811635,-2.118157632496142,1.101395927867635,-0.2378804015694433,2,3,0.2853191615306417,-0.5936173260098554,-1.354664833550929,1.26348893813611,-1.1316015016030805,2,0,9,1.516861748880692,-0.29765357537913956,1.1365151414154882,0.0,-1.490320836259711,-0.6123724356957944,-0.20654699113182753,-1.1004253267861157,0.6599535557222693,-0.2655301134847581,-0.40664313516285,-0.1008592486985105,-0.42051466321152303,0.09149788042738796,0.3867580601532345,0.9221812202091881,-0.9729578811050594,0.23098260020086597,0
0.9749349388767168,3,0.5075676612008815,-1.3946025720588495,0,1970-01-01 00:00:00.000000001,1.1259947460125637,1.3891285290043562,-1.1926468496775695,-0.2165516570505261,0.1341600369040935,2,1,1.2405782863729755,-3.111456171049414,-0.0181617605096052,1.0611099309355685,1.4631535339199069,2,2,-57,1.661324772583615,-0.29765357537913956,1.1365151414154882,0.0,-1.490320836259711,-0.6123724356957944,0.5967744156602466,-0.2076200200199446,-2.1181700825681764,0.6603129806234728,1.0318031667012397,-0.20552976854599705,-1.9144185071813014,0.09149788042738796,0.4213503732625737,0.906897934142255,-0.9729578811050594,0.23098260020086597,0
0.9775592590352006,4,1.2351315279769222,-1.3946025720588495,3,1970-01-01 00:00:00.000000001,1.1260400558238528,1.572287441056872,5.285928630052438,-1.1684026906025315,1.6223217907982408,3,0,-1.749798104437809,1.5728951685590675,0.8648849127498409,1.1960292690692629,-0.699142329015916,1,0,95,-1.661324772583615,-0.17727896768904636,1.1365151414154882,0.0,-0.9843477128382041,-0.6123724356957944,1.3554668554083167,0.5959047560696094,-1.1921288698046946,-2.1172163017012195,2.0160032679766693,-0.9382234074784029,1.0733891807582552,5.047424170973849,-0.4213503732625737,0.906897934142255,-0.7729949150001408,0.6344122172404351,0
0.9801835791936844,1,0.0225250833501877,0.5021685130957128,3,1970-01-01 00:00:00.000000001,1.1264807967154842,-0.8545681436389642,-0.267136066858997,1.2478345484140976,-0.0518601823326749,1,6,0.8667812375216276,-1.2962700269511278,0.7932865338369128,1.5333276144034993,-1.1316015016030805,0,1,-17,-1.516861748880692,-0.17727896768904636,1.1365151414154882,0.0,-0.9843477128382041,-0.6123724356957944,1.533982723584333,1.3547892668208548,5.290159619539678,-1.1913732075929888,1.1832185668974597,1.0505164696238416,2.5672930247280337,5.047424170973849,-0.3867580601532345,0.9221812202091881,-0.7729949150001408,0.6344122172404351,0
0.9828078993521682,0,-1.1900813612765468,0.2312012152164895,0,1970-01-01 00:00:00.000000001,1.1262892597859435,0.3359647847023895,-1.1926468496775695,1.2478345484140976,-0.6099208400429801,0,3,0.7006492158099173,-0.7107261095000674,0.8171526601412221,0.993650261868721,-1.564060674190245,1,1,-3,-1.372398725177769,-0.17727896768904636,1.1365151414154882,0.0,-0.9843477128382041,-0.6123724356957944,-0.8313525297478852,1.5333503281740888,-0.2660876570412127,5.289528451164626,0.5775569661125798,0.6318343902338954,1.0733891807582552,5.047424170973849,-0.35161260297471486,0.9361455962772808,-0.7729949150001408,0.6344122172404351,0
0.985432219510652,4,-0.6565345256407836,0.5994388251549211,1,1970-01-01 00:00:00.000000001,1.1264931539367449,1.0686004329124532,-1.1926468496775695,0.8817379970479415,-0.7029309496613644,1,5,-0.2961429144603442,-0.2422909755392192,0.1727672499248696,-0.3555431194682246,-0.699142329015916,2,0,29,-1.227935701474846,-0.17727896768904636,1.1365151414154882,0.0,-0.9843477128382041,-0.6123724356957944,0.3290006133962219,-0.8325837347562643,-1.1921288698046946,-0.2655301134847581,0.3504338658182498,0.10848179099646262,-1.9144185071813014,-1.5604775497547658,-0.3159642670044579,0.9487710903986987,-0.7729949150001408,0.6344122172404351,0
0.9880565396691356,3,-0.6080302678557142,-1.5682995578788648,3,1970-01-01 00:00:00.000000001,1.1269235971439922,-1.6329935198621568,3.434907064415293,1.6871504100534849,-1.2609916073716696,0,5,-1.0022040067351128,-0.2422909755392192,0.5068930181852006,0.7238115856013319,-1.1316015016030805,0,0,46,-1.0834726777719228,-0.17727896768904636,1.1365151414154882,0.0,-0.9843477128382041,-0.6123724356957944,1.0430640861002878,0.328063164039758,-1.1921288698046946,-1.1913732075929888,-0.10381233477041008,1.1551869894713283,-0.42051466321152303,3.395448740791695,-0.27986403674065413,0.9600396455038853,-0.7729949150001408,0.6344122172404351,0
0.9906808598276194,1,1.2351315279769222,0.2798363712460937,3,1970-01-01 00:00:00.000000001,1.127047169356599,0.0154366886104866,-0.267136066858997,1.540711789507022,0.1341600369040935,2,0,0.7006492158099173,-0.7107261095000674,0.1011688710119415,-0.96268014106985,-0.2666831564287514,1,0,-3,-0.9390096540689998,-0.17727896768904636,1.1365151414154882,0.0,-0.9843477128382041,-0.6123724356957944,-1.5900449694959553,1.0423074094526947,3.438077194012715,-1.1913732075929888,0.04760306542580989,0.0038112711489760626,1.0733891807582552,1.7434733106095417,-0.24336354298385784,0.9699351452269085,-0.7729949150001408,0.6344122172404351,0
0.9933051799861032,3,0.5075676612008815,1.308122527300582,0,1970-01-01 00:00:00.000000001,1.127292254244936,0.8396517928468084,-0.267136066858997,1.1746152381408663,1.2502813523247038,0,5,-0.6699399633116924,-1.0620524599707035,-0.6864132970302671,0.7912712546681792,0.5982351887455776,0,0,24,-0.7945466303660768,-0.17727896768904636,1.1365151414154882,0.0,-0.9843477128382041,-0.6123724356957944,0.01659784408819306,-1.5914682455075098,-0.2660876570412127,3.4378422629481653,0.04760306542580989,0.0038112711489760626,1.0733891807582552,1.7434733106095417,-0.2065149889942563,0.9784434369551989,-0.7729949150001408,0.6344122172404351,0
0.9959295001445868,3,0.5075676612008815,0.1061393854260788,3,1970-01-01 00:00:00.000000001,1.127104836389149,0.9770209768861954,-0.267136066858997,-0.582648208416682,-0.7029309496613644,3,0,1.406710308084686,0.5189161171471592,0.2085664393813336,-0.0857044432008354,-0.699142329015916,2,2,1,-0.6500836066631537,-0.17727896768904636,1.1365151414154882,0.0,-0.9843477128382041,-0.6123724356957944,0.8199192508802672,0.015581306671598155,-0.2660876570412127,-0.2655301134847581,0.04760306542580989,0.0038112711489760626,-0.42051466321152303,-1.5604775497547658,-0.16937107583020397,0.9855523520707153,-0.7729949150001408,0.6344122172404351,0
0.9985538203030708,1,-1.1900813612765468,-1.2486971039700372,1,1970-01-01 00:00:00.000000001,1.1277206379153066,0.1070161446367446,-0.267136066858997,0.2227642045888609,-1.447011826608438,2,5,1.3651773026567584,-0.2422909755392192,0.3756293235114991,0.52143257840079,1.4631535339199069,0,2,-11,-0.5056205829602307,-0.17727896768904636,1.1365151414154882,0.0,-0.9843477128382041,-0.6123724356957944,0.9538061520122796,0.819106082761152,-0.2660876570412127,-0.2655301134847581,1.1075108667993496,-1.0428939273258895,-0.42051466321152303,-1.5604775497547658,-0.1319849269748023,0.9912517233535869,-0.7729949150001408,0.6344122172404351,0
1.0011781404615545,3,1.2351315279769222,-1.2556449834028378,1,1970-01-01 00:00:00.000000001,1.1277185783784298,0.7480723368205504,0.6583747159595755,1.3210538586873286,1.3432914619430882,3,2,1.3651773026567584,0.9873512511080076,-0.8654092443125873,0.2515939021334009,1.0306943613327422,2,2,10,-0.36115755925730764,-0.17727896768904636,1.1365151414154882,0.0,-0.9843477128382041,-0.6123724356957944,0.1058557781762013,0.9530268787760777,-0.2660876570412127,-0.2655301134847581,1.0318031667012397,-1.0428939273258895,-0.42051466321152303,0.09149788042738796,-0.09441001235832401,0.9955333995233415,-0.7729949150001408,0.6344122172404351,0
1.0038024606200382,1,1.720174105827616,-0.9916255649564152,1,1970-01-01 00:00:00.000000001,1.128064580573729,-1.49562433582277,-1.1926468496775695,0.0031062737691674,0.4131903657592461,1,1,-0.5453409470279097,-0.2422909755392192,-0.8534761811604326,1.3309486072029573,-0.699142329015916,1,2,35,-0.21669453555438456,-0.17727896768904636,1.1365151414154882,0.0,-0.9843477128382041,-0.6123724356957944,0.730661316792259,0.10486183734821526,0.6599535557222693,-0.2655301134847581,-0.33093543506474005,0.5271638703864089,-0.42051466321152303,0.09149788042738796,-0.056700071885147196,0.9983912568969238,-0.7729949150001408,0.6344122172404351,0
1.006426780778522,4,1.2351315279769222,-1.5544037990132635,2,1970-01-01 00:00:00.000000001,1.128264355650777,-1.129306511717738,1.583885498778148,-1.3148413111489938,0.3201802561408619,0,3,1.697441346080179,-0.1251821920490071,-0.7580116759431952,-1.2999784864040864,0.165776016158413,0,2,-17,-0.07223151185146152,-0.17727896768904636,1.1365151414154882,0.0,-0.9843477128382041,-0.6123724356957944,-1.4561580683639428,0.7298255520845349,-1.1921288698046946,0.6603129806234728,-1.01230473594773,0.6318343902338954,1.0733891807582552,0.09149788042738796,-0.01890903857456981,0.9998212081468293,-0.7729949150001408,0.6344122172404351,0
1.0090511009370058,1,0.5075676612008815,-1.5682995578788648,1,1970-01-01 00:00:00.000000001,1.1286927393211474,-0.5798297755601902,-0.267136066858997,0.2227642045888609,-0.2378804015694433,2,3,-1.5836660827260989,-2.233140294872824,-1.2234011388772277,-1.0975994792035446,-1.1316015016030805,0,0,26,0.07223151185146152,-0.17727896768904636,1.1365151414154882,0.0,-0.9843477128382041,-0.6123724356957944,-1.09912633201191,-1.457547449492584,1.5859947684857512,-1.1913732075929888,-1.7693817369288298,-1.0428939273258895,-0.42051466321152303,0.09149788042738796,0.01890903857456981,0.9998212081468293,-0.7729949150001408,0.6344122172404351,0
1.0116754210954897,1,0.0225250833501877,0.5716473074237187,1,1970-01-01 00:00:00.000000001,1.1283632134208623,1.251759344964969,-0.267136066858997,-0.8023061392363756,1.4363015715614724,0,5,0.4929841886702795,-0.1251821920490071,1.6166678913355854,3.894416031743154,1.0306943613327422,0,2,12,0.21669453555438456,-0.17727896768904636,1.1365151414154882,0.0,-0.9843477128382041,-0.6123724356957944,-0.5635787274838605,-1.1004253267861157,-0.2660876570412127,1.5861560747317036,-0.25522773496663004,0.736504910081382,1.0733891807582552,0.09149788042738796,0.056700071885147196,0.9983912568969238,-0.7729949150001408,0.6344122172404351,0
1.0142997412539734,0,0.0225250833501877,1.2525394918381771,2,1970-01-01 00:00:00.000000001,1.1291952663190823,0.3359647847023895,-1.1926468496775695,0.8817379970479415,0.5062004753776304,3,3,3.0264975197738613,-1.2962700269511278,-1.1518027599642997,0.7912712546681792,-0.699142329015916,2,2,-69,0.36115755925730764,-0.17727896768904636,1.1365151414154882,0.0,-0.9843477128382041,-0.6123724356957944,1.2215799542763042,-0.564742142726413,-0.2660876570412127,-0.2655301134847581,0.5775569661125798,0.0038112711489760626,-0.42051466321152303,0.09149788042738796,0.09441001235832401,0.9955333995233415,-0.7729949150001408,0.6344122172404351,0
1.016924061412457,1,0.0225250833501877,1.5512983074486026,4,1970-01-01 00:00:00.000000001,1.129075813180229,-1.312465423770254,1.583885498778148,1.101395927867635,-0.6099208400429801,2,5,-0.2546099090324166,-1.3548244186962335,-0.6744802338781124,0.6563519165344845,-0.2666831564287514,1,0,9,0.5056205829602307,-0.17727896768904636,1.1365151414154882,0.0,-0.9843477128382041,-0.6123724356957944,0.3290006133962219,1.220868470805929,-1.1921288698046946,-0.2655301134847581,0.19901846562202985,0.8411754299288685,-0.42051466321152303,0.09149788042738796,0.1319849269748023,0.9912517233535869,-0.7729949150001408,0.6344122172404351,0
1.0195483815709407,1,0.5075676612008815,0.9051455201981472,3,1970-01-01 00:00:00.000000001,1.1293497315848409,-0.2135119514551583,-0.267136066858997,-0.2897709673237573,-0.2378804015694433,3,6,-1.5836660827260989,-1.0620524599707035,-0.0181617605096052,-1.2999784864040864,-0.699142329015916,1,0,46,0.6500836066631537,-0.17727896768904636,1.1365151414154882,0.0,-0.9843477128382041,-0.6123724356957944,-1.2776422001879264,0.328063164039758,1.5859947684857512,-1.1913732075929888,-0.6337662354571799,-0.20552976854599705,-0.42051466321152303,0.09149788042738796,0.16937107583020397,0.9855523520707153,-0.7729949150001408,0.6344122172404351,0
1.0221727017294246,4,1.2351315279769222,0.0227648322324716,1,1970-01-01 00:00:00.000000001,1.1297492817389363,-1.5872037918490278,-1.1926468496775695,1.3210538586873286,-1.2609916073716696,2,3,-1.085270017590968,1.3386776015786437,1.7359985228571322,1.6007872834703465,-0.2666831564287514,2,1,75,0.7945466303660768,-0.17727896768904636,1.1365151414154882,0.0,-0.9843477128382041,-0.6123724356957944,-0.20654699113182753,-1.2789863881393497,-0.2660876570412127,1.5861560747317036,-1.6936740368307197,-0.41487080824097017,-0.42051466321152303,0.09149788042738796,0.2065149889942563,0.9784434369551989,-0.7729949150001408,0.6344122172404351,0
1.0247970218879083,0,0.0225250833501877,0.0575042293964746,3,1970-01-01 00:00:00.000000001,1.1295721615675334,-0.3508811354945452,0.6583747159595755,-1.5344992419686874,0.1341600369040935,1,1,-0.0469448818927788,-0.3008453672843252,0.0295704920990134,1.3309486072029573,-0.2666831564287514,0,1,22,0.9390096540689998,-0.17727896768904636,1.1365151414154882,0.0,-0.9843477128382041,-0.6123724356957944,-1.5454160024519512,-0.2076200200199446,-1.1921288698046946,-0.2655301134847581,-1.1637201361439498,-0.41487080824097017,-0.42051466321152303,0.09149788042738796,0.24336354298385784,0.9699351452269085,-0.7729949150001408,0.6344122172404351,0
1.027421342046392,2,-0.6080302678557142,1.474871633687796,0,1970-01-01 00:00:00.000000001,1.1299634735741215,0.7022826088074214,-0.267136066858997,0.0031062737691674,0.8782409138511671,1,3,0.7837152266657725,0.167589766676523,-1.12793663365999,1.3309486072029573,0.5982351887455776,2,1,10,1.0834726777719228,-0.17727896768904636,1.1365151414154882,0.0,-0.9843477128382041,-0.6123724356957944,-0.3404338922638399,-1.546827980169201,0.6599535557222693,-1.1913732075929888,-0.6337662354571799,0.5271638703864089,-0.42051466321152303,0.09149788042738796,0.27986403674065413,0.9600396455038853,-0.7729949150001408,0.6344122172404351,0
1.030045662204876,4,-1.1900813612765468,-1.1236352741796265,3,1970-01-01 00:00:00.000000001,1.129942878205354,0.2901750566892605,0.6583747159595755,0.5888607559550169,1.5293116811798566,0,2,1.115979270089193,0.5774705088922653,1.44960500720542,-1.5698171626714756,0.5982351887455776,2,2,9,1.227935701474846,-0.17727896768904636,1.1365151414154882,0.0,-0.9843477128382041,-0.6123724356957944,0.6860323497482549,-0.34154081603487024,-0.2660876570412127,0.6603129806234728,0.3504338658182498,-0.8335528876309164,1.0733891807582552,0.09149788042738796,0.3159642670044579,0.9487710903986987,-0.7729949150001408,0.6344122172404351,0
1.0326699823633596,4,-1.1900813612765468,-1.4154462103572516,2,1970-01-01 00:00:00.000000001,1.1462358744375731,-1.49562433582277,-0.267136066858997,0.5156414456817857,-0.1448702919510591,3,1,-0.5453409470279097,-0.4179541507745373,-1.4739954650724758,1.5333276144034993,0.5982351887455776,1,0,32,1.372398725177769,-0.17727896768904636,1.1365151414154882,0.0,-0.9843477128382041,-0.6123724356957944,0.2843716463522178,0.6851852867462264,0.6599535557222693,-0.2655301134847581,-0.25522773496663004,0.6318343902338954,-0.42051466321152303,0.09149788042738796,0.35161260297471486,0.9361455962772808,-0.7729949150001408,0.6344122172404351,0
1.0352943025218433,2,-0.6080302678557142,-1.4362898486556537,3,1970-01-01 00:00:00.000000001,1.1464480067358818,-0.6256195035733192,0.6583747159595755,-0.7290868289631444,-1.3540017169900538,3,3,-0.9606710013071852,0.9287968593629016,0.5068930181852006,-1.1650591482703918,0.165776016158413,2,1,65,1.516861748880692,-0.17727896768904636,1.1365151414154882,0.0,-0.9843477128382041,-0.6123724356957944,-1.4561580683639428,0.28342289870144943,-0.2660876570412127,0.6603129806234728,-1.01230473594773,0.0038112711489760626,1.0733891807582552,0.09149788042738796,0.3867580601532345,0.9221812202091881,-0.7729949150001408,0.6344122172404351,0
1.0379186226803272,1,0.0225250833501877,1.2594873712709778,3,1970-01-01 00:00:00.000000001,1.1466766153292045,-0.0303530394026423,-1.1926468496775695,-1.461279931695456,-1.7260421554635903,2,1,0.1191871398189314,1.2215688180884317,-0.6028818549651844,1.0611099309355685,-1.564060674190245,0,1,44,1.661324772583615,-0.17727896768904636,1.1365151414154882,0.0,-0.9843477128382041,-0.6123724356957944,-0.6082076945278646,-1.457547449492584,0.6599535557222693,-0.2655301134847581,-1.1637201361439498,-0.41487080824097017,-0.42051466321152303,0.09149788042738796,0.4213503732625737,0.906897934142255,-0.7729949150001408,0.6344122172404351,0
1.0405429428388109,3,0.0225250833501877,1.2942267684349806,3,1970-01-01 00:00:00.000000001,1.1464706616415263,0.1528058726498735,-1.1926468496775695,-0.6558675186899132,-0.7959410592797486,1,3,-0.7530059741675474,0.4018073336569471,-0.0181617605096052,-0.96268014106985,0.165776016158413,2,2,51,-1.661324772583615,-0.05690435999895315,1.1365151414154882,0.0,-0.4783745894166973,-0.6123724356957944,-0.028031122955811057,-0.6093824080647215,-1.1921288698046946,0.6603129806234728,-0.25522773496663004,-1.1475644471733761,-0.42051466321152303,0.09149788042738796,-0.4213503732625737,0.906897934142255,-0.4163144622372215,0.9092206929740068,0
1.0431672629972946,0,0.0225250833501877,1.0093637116901562,4,1970-01-01 00:00:00.000000001,1.1467878303205503,0.5191236967549054,-1.1926468496775695,-0.5094288981434508,0.5992105849960145,0,5,0.0361211289630763,-1.1206068517158096,-1.4023970861595478,0.5888922474676374,0.165776016158413,2,1,6,-1.516861748880692,-0.05690435999895315,1.1365151414154882,0.0,-0.4783745894166973,-0.6123724356957944,0.1504847452202054,-0.029058958666710395,-1.1921288698046946,-1.1913732075929888,0.3504338658182498,-1.4615760067158357,-1.9144185071813014,-1.5604775497547658,-0.3867580601532345,0.9221812202091881,-0.4163144622372215,0.9092206929740068,0
1.0457915831557785,3,-0.8990558145661305,1.6902558961046146,4,1970-01-01 00:00:00.000000001,1.1472697619497174,1.0686004329124532,0.6583747159595755,1.028176617594404,1.1572712427063196,1,4,-1.376001055586461,0.226144158421629,-1.092137444203526,1.26348893813611,-1.564060674190245,2,0,63,-1.372398725177769,-0.05690435999895315,1.1365151414154882,0.0,-0.4783745894166973,-0.6123724356957944,0.5075164815722384,0.1495021026865238,-1.1921288698046946,-1.1913732075929888,0.9560954666031297,-1.0428939273258895,-0.42051466321152303,0.09149788042738796,-0.35161260297471486,0.9361455962772808,-0.4163144622372215,0.9092206929740068,0
1.0484159033142622,2,0.5075676612008815,1.1552691797789687,0,1970-01-01 00:00:00.000000001,1.1471091180733286,-1.449834607809641,1.583885498778148,-0.5094288981434508,0.4131903657592461,3,5,1.6559083406522517,-1.3548244186962335,-0.6386810444216484,-0.0182447741339881,-0.699142329015916,0,0,-37,-1.227935701474846,-0.05690435999895315,1.1365151414154882,0.0,-0.4783745894166973,-0.6123724356957944,1.0430640861002878,0.5066242253929922,0.6599535557222693,-1.1913732075929888,0.12331076552391987,0.945845949776355,-0.42051466321152303,0.09149788042738796,-0.3159642670044579,0.9487710903986987,-0.4163144622372215,0.9092206929740068,0
1.0510402234727458,4,1.2351315279769222,-0.3176812599747575,2,1970-01-01 00:00:00.000000001,1.1470782250201768,1.5264977130437432,0.6583747159595755,-0.2897709673237573,-1.5400219362268222,0,0,-0.6699399633116924,-1.0034980682255976,1.521203386118348,-0.1531641122676827,0.165776016158413,2,1,25,-1.0834726777719228,-0.05690435999895315,1.1365151414154882,0.0,-0.4783745894166973,-0.6123724356957944,-1.4115291013199387,1.0423074094526947,1.5859947684857512,0.6603129806234728,0.6532646662106898,1.5738690688612744,1.0733891807582552,-1.5604775497547658,-0.27986403674065413,0.9600396455038853,-0.4163144622372215,0.9092206929740068,0
1.0536645436312295,4,-1.1900813612765468,-0.5886485578539807,3,1970-01-01 00:00:00.000000001,1.1474283462892296,0.0612264166236156,0.6583747159595755,-1.6077185522419186,-1.447011826608438,1,3,0.9913802538054104,-0.5936173260098554,-1.0802043810513715,1.6682469525371937,1.4631535339199069,1,0,-8,-0.9390096540689998,-0.05690435999895315,1.1365151414154882,0.0,-0.4783745894166973,-0.6123724356957944,1.489353756540329,-1.4129071841542755,0.6599535557222693,1.5861560747317036,0.12331076552391987,1.2598575093188147,1.0733891807582552,-1.5604775497547658,-0.24336354298385784,0.9699351452269085,-0.4163144622372215,0.9092206929740068,0
1.0562888637897134,0,-0.6080302678557142,-0.2690461039451533,3,1970-01-01 00:00:00.000000001,1.1477022646938415,-0.6714092315864482,-1.1926468496775695,0.2959835148620921,-0.9819612785165168,1,6,1.1575122755171203,0.4603617254020531,-0.0300948236617598,-0.8952204720030028,0.165776016158413,2,1,6,-0.7945466303660768,-0.05690435999895315,1.1365151414154882,0.0,-0.4783745894166973,-0.6123724356957944,0.06122681113219718,1.4887100628357803,0.6599535557222693,0.6603129806234728,0.5018492660144698,0.4224933505389223,-0.42051466321152303,0.09149788042738796,-0.2065149889942563,0.9784434369551989,-0.4163144622372215,0.9092206929740068,0
1.0589131839481971,4,1.2351315279769222,-0.3246291394075581,3,1970-01-01 00:00:00.000000001,1.1478567299596003,-0.1677222234420293,-1.1926468496775695,-0.7290868289631444,0.5062004753776304,2,1,-0.9191379958792576,0.8702424676177954,1.1632114915537075,1.398408276269805,1.4631535339199069,2,1,63,-0.6500836066631537,-0.05690435999895315,1.1365151414154882,0.0,-0.4783745894166973,-0.6123724356957944,-0.6528366615718687,0.0602215720099067,-1.1921288698046946,0.6603129806234728,-0.40664313516285,-1.2522349670208626,-0.42051466321152303,0.09149788042738796,-0.16937107583020397,0.9855523520707153,-0.4163144622372215,0.9092206929740068,0
1.061537504106681,4,0.0225250833501877,-0.1856715507515461,3,1970-01-01 00:00:00.000000001,1.14791439699215,-0.8087784156258352,-1.1926468496775695,0.8817379970479415,-1.447011826608438,2,0,-1.1268030230188957,-0.1251821920490071,-0.0181617605096052,0.6563519165344845,1.0306943613327422,1,0,51,-0.5056205829602307,-0.05690435999895315,1.1365151414154882,0.0,-0.4783745894166973,-0.6123724356957944,-0.1619180240878234,-0.6540226734030301,-1.1921288698046946,-1.1913732075929888,-0.8608893357515099,-1.3569054868683492,-1.9144185071813014,-1.5604775497547658,-0.1319849269748023,0.9912517233535869,-0.4163144622372215,0.9092206929740068,0
1.0641618242651647,0,-0.6080302678557142,0.2937321301116949,4,1970-01-01 00:00:00.000000001,1.1485528534239524,1.2059696169518404,-0.267136066858997,0.2227642045888609,-1.5400219362268222,3,2,-0.8776049904513302,-1.1791612434609158,-1.0444051915949075,-0.22062378133453,0.5982351887455776,1,0,27,-0.36115755925730764,-0.05690435999895315,1.1365151414154882,0.0,-0.4783745894166973,-0.6123724356957944,-0.7867235627038811,-0.16297975468163606,-1.1921288698046946,-1.1913732075929888,0.19901846562202985,0.21315231084394917,-1.9144185071813014,0.09149788042738796,-0.09441001235832401,0.9955333995233415,-0.4163144622372215,0.9092206929740068,0
1.0667861444236484,0,-1.3840983924168242,1.4887673925533973,0,1970-01-01 00:00:00.000000001,1.1487031996159576,-0.3508811354945452,0.6583747159595755,-1.461279931695456,0.5992105849960145,1,0,-1.1683360284468232,-0.1251821920490071,0.0176374289468588,-0.692841464802461,1.0306943613327422,1,2,52,-0.21669453555438456,-0.05690435999895315,1.1365151414154882,0.0,-0.4783745894166973,-0.6123724356957944,1.1769509872323,-0.7879434694179558,-0.2660876570412127,-1.1913732075929888,0.04760306542580989,0.31782283069143574,-0.42051466321152303,0.09149788042738796,-0.056700071885147196,0.9983912568969238,-0.4163144622372215,0.9092206929740068,0
1.0694104645821323,2,-0.6080302678557142,-0.3246291394075581,1,1970-01-01 00:00:00.000000001,1.1485425557395683,-0.0761427674157713,0.6583747159595755,-1.0951833803293003,0.0411499272857092,2,4,0.8252482320937001,-1.1791612434609158,0.0773027447076322,-1.0975994792035446,-0.2666831564287514,1,2,-14,-0.07223151185146152,-0.05690435999895315,1.1365151414154882,0.0,-0.4783745894166973,-0.6123724356957944,-0.3404338922638399,1.1762282054676205,0.6599535557222693,-0.2655301134847581,0.4261415659163598,-0.20552976854599705,1.0733891807582552,0.09149788042738796,-0.01890903857456981,0.9998212081468293,-0.4163144622372215,0.9092206929740068,0
1.072034784740616,4,-0.6080302678557142,0.446585477633308,2,1970-01-01 00:00:00.000000001,1.1487526285010004,-0.946147599665222,-1.1926468496775695,-1.0951833803293003,0.3201802561408619,1,3,-0.1715438981765615,-1.2377156352060217,1.712132396552823,1.1960292690692629,-1.1316015016030805,1,1,9,0.07223151185146152,-0.05690435999895315,1.1365151414154882,0.0,-0.4783745894166973,-0.6123724356957944,-0.07266008999981517,-0.34154081603487024,0.6599535557222693,0.6603129806234728,-0.7851816356533999,-1.0428939273258895,-0.42051466321152303,0.09149788042738796,0.01890903857456981,0.9998212081468293,-0.4163144622372215,0.9092206929740068,0
1.0746591048990997,4,0.0225250833501877,-0.6303358344507843,3,1970-01-01 00:00:00.000000001,1.149508478534779,0.1985956006630025,1.583885498778148,1.2478345484140976,1.4363015715614724,0,1,-1.5421330772981712,-0.4179541507745373,0.6620228391632114,-0.2880834504013773,-0.699142329015916,1,0,56,0.21669453555438456,-0.05690435999895315,1.1365151414154882,0.0,-0.4783745894166973,-0.6123724356957944,-0.9206104638358934,-0.07369922400501895,-1.1921288698046946,0.6603129806234728,-0.40664313516285,-0.7288823677834299,1.0733891807582552,1.7434733106095417,0.056700071885147196,0.9983912568969238,-0.4163144622372215,0.9092206929740068,0
1.0772834250575836,2,-0.6080302678557142,-1.5891431961772664,0,1970-01-01 00:00:00.000000001,1.149679420095552,0.0154366886104866,0.6583747159595755,-0.5094288981434508,-0.7959410592797486,1,5,0.6175832049540623,4.442060364069263,1.1035461757929343,0.8587309237350265,0.5982351887455776,0,1,87,0.36115755925730764,-0.05690435999895315,1.1365151414154882,0.0,-0.4783745894166973,-0.6123724356957944,0.19511371226420954,-0.9218642654328814,1.5859947684857512,-1.1913732075929888,0.04760306542580989,0.0038112711489760626,-0.42051466321152303,1.7434733106095417,0.09441001235832401,0.9955333995233415,-0.4163144622372215,0.9092206929740068,0
1.0799077452160672,1,0.4105591456307427,0.5716473074237187,1,1970-01-01 00:00:00.000000001,1.1497288489805948,-1.0835167837046091,-0.267136066858997,0.8817379970479415,1.6223217907982408,1,1,-0.2961429144603442,-0.4765085425196433,-0.0181617605096052,-1.2325188173372392,-0.2666831564287514,2,2,25,0.5056205829602307,-0.05690435999895315,1.1365151414154882,0.0,-0.4783745894166973,-0.6123724356957944,0.01659784408819306,0.19414236802483237,0.6599535557222693,1.5861560747317036,0.04760306542580989,0.0038112711489760626,1.0733891807582552,0.09149788042738796,0.1319849269748023,0.9912517233535869,-0.4163144622372215,0.9092206929740068,0
1.082532065374551,1,1.2351315279769222,-0.6720231110475878,0,1970-01-01 00:00:00.000000001,1.149774158791884,0.1985956006630025,-1.1926468496775695,-1.6077185522419186,-0.9819612785165168,3,6,0.6591162103819899,-0.6521717177549614,1.6882662702485136,-1.2999784864040864,-1.1316015016030805,0,1,-1,0.6500836066631537,-0.05690435999895315,1.1365151414154882,0.0,-0.4783745894166973,-0.6123724356957944,-1.0544973649679057,0.015581306671598155,-0.2660876570412127,0.6603129806234728,0.04760306542580989,0.0038112711489760626,-0.42051466321152303,0.09149788042738796,0.16937107583020397,0.9855523520707153,-0.4163144622372215,0.9092206929740068,0
1.0851563855330348,1,-0.6080302678557142,1.2733831301365788,4,1970-01-01 00:00:00.000000001,1.1500995656184154,-0.5798297755601902,-1.1926468496775695,-0.3629902775969885,0.4131903657592461,0,1,1.1990452809450485,-0.9449436764804916,0.3875623866636538,1.465867945336652,0.5982351887455776,0,0,-19,0.7945466303660768,-0.05690435999895315,1.1365151414154882,0.0,-0.4783745894166973,-0.6123724356957944,0.19511371226420954,-1.055785061447807,-1.1921288698046946,-0.2655301134847581,-0.7851816356533999,-0.6242118479359433,-1.9144185071813014,-1.5604775497547658,0.2065149889942563,0.9784434369551989,-0.4163144622372215,0.9092206929740068,0
1.0877807056915183,2,0.5075676612008815,-1.290384380566841,1,1970-01-01 00:00:00.000000001,1.1505052943831413,-0.3508811354945452,-0.267136066858997,-1.5344992419686874,1.0642611330879357,0,0,0.5345171940982071,0.8116880758726893,1.389939691444647,-1.434897824537781,-1.1316015016030805,1,0,27,0.9390096540689998,-0.05690435999895315,1.1365151414154882,0.0,-0.4783745894166973,-0.6123724356957944,-0.5635787274838605,0.19414236802483237,-1.1921288698046946,-1.1913732075929888,-0.40664313516285,-1.1475644471733761,-1.9144185071813014,-1.5604775497547658,0.24336354298385784,0.9699351452269085,-0.4163144622372215,0.9092206929740068,0
1.0904050258500022,4,1.2351315279769222,-0.2204109479155491,0,1970-01-01 00:00:00.000000001,1.1501757684828564,0.5649134247680344,1.583885498778148,1.101395927867635,1.5293116811798566,2,0,-1.2098690338747506,1.0459056428531135,-0.1494254551833066,1.6682469525371937,-0.2666831564287514,2,2,73,1.0834726777719228,-0.05690435999895315,1.1365151414154882,0.0,-0.4783745894166973,-0.6123724356957944,-0.3404338922638399,-0.564742142726413,-0.2660876570412127,-1.1913732075929888,-0.17952003486852006,-0.7288823677834299,-0.42051466321152303,0.09149788042738796,0.27986403674065413,0.9600396455038853,-0.4163144622372215,0.9092206929740068,0
1.093029346008486,2,-1.1900813612765468,0.1756181797540847,4,1970-01-01 00:00:00.000000001,1.1505691400263216,1.4807079850306142,-0.267136066858997,0.8085186867747104,0.7852308042327829,0,5,-0.5038079415999821,1.3972319933237496,1.1035461757929343,0.3865132402670955,1.4631535339199069,0,1,62,1.227935701474846,-0.05690435999895315,1.1365151414154882,0.0,-0.4783745894166973,-0.6123724356957944,0.5521454486162425,-0.34154081603487024,1.5859947684857512,-0.2655301134847581,0.9560954666031297,0.0038112711489760626,-0.42051466321152303,0.09149788042738796,0.3159642670044579,0.9487710903986987,-0.4163144622372215,0.9092206929740068,0
1.0956536661669698,2,0.0225250833501877,-0.2273588273483497,0,1970-01-01 00:00:00.000000001,1.150725664828957,-0.3508811354945452,-0.267136066858997,-0.2165516570505261,0.8782409138511671,3,5,-0.2546099090324166,0.0504809831863109,1.1274123020972435,0.1166745639997063,0.5982351887455776,2,1,33,1.372398725177769,-0.05690435999895315,1.1365151414154882,0.0,-0.4783745894166973,-0.6123724356957944,1.4447247894963249,0.5512644907313008,-0.2660876570412127,1.5861560747317036,0.9560954666031297,0.0038112711489760626,-0.42051466321152303,0.09149788042738796,0.35161260297471486,0.9361455962772808,-0.4163144622372215,0.9092206929740068,0
1.0982779863254537,1,0.0225250833501877,-1.5682995578788648,0,1970-01-01 00:00:00.000000001,1.1509666306435404,1.2059696169518404,0.6583747159595755,-1.0951833803293003,-0.5169107304245959,2,5,-0.8360719850234026,0.167589766676523,-0.7341455496388858,-0.8277608029361555,-0.699142329015916,2,0,49,1.516861748880692,-0.05690435999895315,1.1365151414154882,0.0,-0.4783745894166973,-0.6123724356957944,-0.3404338922638399,1.4440697974974717,-0.2660876570412127,-0.2655301134847581,1.3346339670936795,0.21315231084394917,-0.42051466321152303,0.09149788042738796,0.3867580601532345,0.9221812202091881,-0.4163144622372215,0.9092206929740068,0
1.1009023064839374,3,0.1680378567053958,0.3006800095444955,1,1970-01-01 00:00:00.000000001,1.1670351373561905,-0.2135119514551583,-0.267136066858997,-1.754157172788381,-0.6099208400429801,1,2,-1.5421330772981712,1.3386776015786437,-0.20909077094408,-1.434897824537781,1.4631535339199069,1,2,86,1.661324772583615,-0.05690435999895315,1.1365151414154882,0.0,-0.4783745894166973,-0.6123724356957944,1.1769509872323,-0.34154081603487024,0.6599535557222693,-0.2655301134847581,0.3504338658182498,-0.1008592486985105,-0.42051466321152303,0.09149788042738796,0.4213503732625737,0.906897934142255,-0.4163144622372215,0.9092206929740068,0
1.103526626642421,4,-1.1900813612765468,0.70365701664693,4,1970-01-01 00:00:00.000000001,1.1671793049375652,-0.6714092315864482,-1.1926468496775695,0.4424221354085545,-0.5169107304245959,0,3,-1.0022040067351128,0.7531336841275833,1.342207438836028,1.26348893813611,-1.1316015016030805,2,0,63,-1.661324772583615,0.06347024769114007,1.1365151414154882,0.0,0.02759853400480953,-0.6123724356957944,-0.20654699113182753,1.1762282054676205,-0.2660876570412127,0.6603129806234728,0.19901846562202985,0.21315231084394917,-0.42051466321152303,0.09149788042738796,-0.4213503732625737,0.906897934142255,0.02476985258885596,0.9996931801321475,0
1.106150946800905,1,0.5075676612008815,-0.2759939833779539,3,1970-01-01 00:00:00.000000001,1.1676797723986232,-0.0303530394026423,-2.118157632496142,-1.0951833803293003,0.9712510234695512,1,6,1.7389743515081066,-1.2962700269511278,-0.4954842865957923,-0.1531641122676827,-0.2666831564287514,0,0,-38,-1.516861748880692,0.06347024769114007,1.1365151414154882,0.0,0.02759853400480953,-0.6123724356957944,-0.6528366615718687,-0.2076200200199446,-1.1921288698046946,-0.2655301134847581,-0.48235083526096,-1.3569054868683492,-1.9144185071813014,0.09149788042738796,-0.3867580601532345,0.9221812202091881,0.02476985258885596,0.9996931801321475,0
1.1087752669593889,3,0.5075676612008815,-0.9985734443892158,2,1970-01-01 00:00:00.000000001,1.1674696996371914,-0.3508811354945452,-0.267136066858997,1.39427316896056,1.4363015715614724,2,2,-0.5868739524558372,-1.2377156352060217,1.5928017650312762,-1.5698171626714756,1.4631535339199069,0,2,19,-1.372398725177769,0.06347024769114007,1.1365151414154882,0.0,0.02759853400480953,-0.6123724356957944,-0.028031122955811057,-0.6540226734030301,-2.1181700825681764,-1.1913732075929888,-0.55805853535907,-1.3569054868683492,-1.9144185071813014,0.09149788042738796,-0.35161260297471486,0.9361455962772808,0.02476985258885596,0.9996931801321475,0
1.1113995871178723,3,0.5075676612008815,0.2520448535148913,1,1970-01-01 00:00:00.000000001,1.168003119688278,1.2059696169518404,-0.267136066858997,-0.7290868289631444,0.2271701465224777,0,2,0.7837152266657725,1.1044600345982196,-0.7341455496388858,-1.70473650080517,-0.699142329015916,1,0,26,-1.227935701474846,0.06347024769114007,1.1365151414154882,0.0,0.02759853400480953,-0.6123724356957944,-0.3404338922638399,-0.029058958666710395,-0.2660876570412127,-2.1172163017012195,0.5018492660144698,-0.20552976854599705,-1.9144185071813014,0.09149788042738796,-0.3159642670044579,0.9487710903986987,0.02476985258885596,0.9996931801321475,0
1.1140239072763565,0,1.574661332472408,-0.2343067067811503,4,1970-01-01 00:00:00.000000001,1.1678671902544102,0.0154366886104866,-0.267136066858997,0.9549573073211728,-1.447011826608438,2,2,-1.2929350447306058,0.6360249006373713,-1.4620624019203212,0.1841342330665536,1.0306943613327422,0,1,68,-1.0834726777719228,0.06347024769114007,1.1365151414154882,0.0,0.02759853400480953,-0.6123724356957944,1.1769509872323,-0.34154081603487024,-0.2660876570412127,-0.2655301134847581,0.04760306542580989,0.0038112711489760626,-0.42051466321152303,-1.5604775497547658,-0.27986403674065413,0.9600396455038853,0.02476985258885596,0.9996931801321475,0
1.11664822743484,4,-1.1900813612765468,-0.790137061405198,0,1970-01-01 00:00:00.000000001,1.168246145039738,-0.3050914074814163,-1.1926468496775695,0.8817379970479415,-1.1679814977532854,2,1,-1.1683360284468232,0.4018073336569471,-1.1637358231164543,1.398408276269805,-1.1316015016030805,1,1,61,-0.9390096540689998,0.06347024769114007,1.1365151414154882,0.0,0.02759853400480953,-0.6123724356957944,0.01659784408819306,1.1762282054676205,-0.2660876570412127,-0.2655301134847581,0.04760306542580989,0.0038112711489760626,-0.42051466321152303,0.09149788042738796,-0.24336354298385784,0.9699351452269085,0.02476985258885596,0.9996931801321475,0
1.1192725475933236,3,1.2351315279769222,0.6411261017517247,4,1970-01-01 00:00:00.000000001,1.1680628462577043,0.1070161446367446,-1.1926468496775695,0.0031062737691674,-0.4239006208062117,0,4,-0.71147296873962,-0.3008453672843252,1.6882662702485136,-1.434897824537781,1.0306943613327422,0,1,38,-0.7945466303660768,0.06347024769114007,1.1365151414154882,0.0,0.02759853400480953,-0.6123724356957944,-0.29580492521983576,0.015581306671598155,-1.1921288698046946,-0.2655301134847581,0.04760306542580989,0.0038112711489760626,-0.42051466321152303,0.09149788042738796,-0.2065149889942563,0.9784434369551989,0.02476985258885596,0.9996931801321475,0
1.1218968677518075,1,-1.1900813612765468,0.3145757684100967,2,1970-01-01 00:00:00.000000001,1.168530361128734,-0.1219324954289003,0.6583747159595755,1.7603697203267157,0.3201802561408619,0,3,-1.1268030230188957,-0.4179541507745373,0.0295704920990134,1.26348893813611,-0.699142329015916,0,0,46,-0.6500836066631537,0.06347024769114007,1.1365151414154882,0.0,0.02759853400480953,-0.6123724356957944,0.1058557781762013,-0.2969005506965617,-1.1921288698046946,-1.1913732075929888,-0.17952003486852006,-1.670917046410809,-0.42051466321152303,0.09149788042738796,-0.16937107583020397,0.9855523520707153,0.02476985258885596,0.9996931801321475,0
1.1245211879102912,0,-0.6080302678557142,0.0644521088292752,2,1970-01-01 00:00:00.000000001,1.1690823170117113,-0.3966708635076743,-1.1926468496775695,0.5888607559550169,-0.8889511688981327,2,1,1.1575122755171203,-1.1791612434609158,1.342207438836028,0.4539729093339427,-0.2666831564287514,1,2,-22,-0.5056205829602307,0.06347024769114007,1.1365151414154882,0.0,0.02759853400480953,-0.6123724356957944,-0.1172890570438193,0.10486183734821526,0.6599535557222693,-1.1913732075929888,-0.17952003486852006,-1.5662465265633223,-0.42051466321152303,0.09149788042738796,-0.1319849269748023,0.9912517233535869,0.02476985258885596,0.9996931801321475,0
1.127145508068775,4,-1.1900813612765468,0.1547745414556829,3,1970-01-01 00:00:00.000000001,1.169331520973802,0.0154366886104866,-1.1926468496775695,-0.8023061392363756,0.7852308042327829,3,5,-1.1683360284468232,-0.3008453672843252,1.3541405019881827,0.3865132402670955,-0.2666831564287514,2,2,49,-0.36115755925730764,0.06347024769114007,1.1365151414154882,0.0,0.02759853400480953,-0.6123724356957944,-0.385062859307844,-0.1183394893433275,-1.1921288698046946,0.6603129806234728,0.04760306542580989,0.0038112711489760626,-1.9144185071813014,0.09149788042738796,-0.09441001235832401,0.9955333995233415,0.02476985258885596,0.9996931801321475,0
1.1297698282272588,2,0.5075676612008815,0.1964618180524865,3,1970-01-01 00:00:00.000000001,1.16893608989346,-1.0835167837046091,-0.267136066858997,0.0031062737691674,-1.447011826608438,0,6,-0.8360719850234026,-1.4133788104413398,2.9173717749204453,0.7238115856013319,-1.1316015016030805,1,2,22,-0.21669453555438456,0.06347024769114007,1.1365151414154882,0.0,0.02759853400480953,-0.6123724356957944,0.01659784408819306,-0.3861810813731788,-1.1921288698046946,-1.1913732075929888,0.04760306542580989,0.0038112711489760626,-1.9144185071813014,-1.5604775497547658,-0.056700071885147196,0.9983912568969238,0.02476985258885596,0.9996931801321475,0
1.1323941483857425,1,0.0225250833501877,1.1761128180773706,2,1970-01-01 00:00:00.000000001,1.1697475474229118,0.7938620648336794,-0.267136066858997,-0.8023061392363756,0.0411499272857092,2,2,-0.8776049904513302,1.2215688180884317,1.4615380703575749,-1.0975994792035446,0.165776016158413,2,2,68,-0.07223151185146152,0.06347024769114007,1.1365151414154882,0.0,0.02759853400480953,-0.6123724356957944,-1.0544973649679057,0.015581306671598155,-0.2660876570412127,-1.1913732075929888,0.04760306542580989,0.0038112711489760626,-0.42051466321152303,0.09149788042738796,-0.01890903857456981,0.9998212081468293,0.02476985258885596,0.9996931801321475,0
1.1350184685442262,3,0.0225250833501877,1.148321300346168,1,1970-01-01 00:00:00.000000001,1.1696631064109635,0.7938620648336794,0.6583747159595755,0.662080066228248,1.5293116811798566,1,1,1.3651773026567584,-0.8863892847353856,0.1489011236205602,0.1841342330665536,-0.699142329015916,2,2,-22,0.07223151185146152,0.06347024769114007,1.1365151414154882,0.0,0.02759853400480953,-0.6123724356957944,0.7752902838362631,-1.055785061447807,-0.2660876570412127,-0.2655301134847581,0.27472616572013986,0.4224933505389223,-0.42051466321152303,0.09149788042738796,0.01890903857456981,0.9998212081468293,0.02476985258885596,0.9996931801321475,0
1.13764278870271,3,-0.6080302678557142,-0.3802121748699628,1,1970-01-01 00:00:00.000000001,1.169556010493371,-0.2593016794682873,-0.267136066858997,-0.5094288981434508,-1.5400219362268222,1,3,-0.9606710013071852,1.1630144263433255,-1.2353342020293825,0.993650261868721,1.0306943613327422,1,0,69,0.21669453555438456,0.06347024769114007,1.1365151414154882,0.0,0.02759853400480953,-0.6123724356957944,0.7752902838362631,0.7744658174228435,0.6599535557222693,-0.2655301134847581,0.7289723663087997,-0.7288823677834299,-0.42051466321152303,0.09149788042738796,0.056700071885147196,0.9983912568969238,0.02476985258885596,0.9996931801321475,0
1.1402671088611938,1,-0.6080302678557142,1.224747974106975,0,1970-01-01 00:00:00.000000001,1.169972036942481,-1.49562433582277,0.6583747159595755,1.39427316896056,1.3432914619430882,0,0,0.4099181778144244,-1.1791612434609158,-0.4954842865957923,-1.2999784864040864,0.5982351887455776,1,2,-4,0.36115755925730764,0.06347024769114007,1.1365151414154882,0.0,0.02759853400480953,-0.6123724356957944,-0.25117595817583166,0.7744658174228435,-0.2660876570412127,0.6603129806234728,-0.48235083526096,0.5271638703864089,1.0733891807582552,0.09149788042738796,0.09441001235832401,0.9955333995233415,0.02476985258885596,0.9996931801321475,0
1.1428914290196774,3,1.2351315279769222,-0.1995673096171474,3,1970-01-01 00:00:00.000000001,1.170377765707207,-0.8545681436389642,-1.1926468496775695,-1.3148413111489938,0.1341600369040935,0,3,-1.2929350447306058,-0.008073408558795,0.2204995025334883,-0.692841464802461,0.5982351887455776,1,1,57,0.5056205829602307,0.06347024769114007,1.1365151414154882,0.0,0.02759853400480953,-0.6123724356957944,-1.4561580683639428,-0.2522602853582531,0.6599535557222693,-0.2655301134847581,-1.39084323643828,-0.7288823677834299,-0.42051466321152303,0.09149788042738796,0.1319849269748023,0.9912517233535869,0.02476985258885596,0.9996931801321475,0
1.1455157491781611,0,0.5075676612008815,0.2798363712460937,0,1970-01-01 00:00:00.000000001,1.1707402441975203,-0.946147599665222,0.6583747159595755,1.6139310997802534,-1.3540017169900538,1,2,-1.3344680501585335,1.1630144263433255,0.1966333762291789,0.2515939021334009,0.5982351887455776,2,0,78,0.6500836066631537,0.06347024769114007,1.1365151414154882,0.0,0.02759853400480953,-0.6123724356957944,-0.8313525297478852,-1.457547449492584,-1.1921288698046946,0.6603129806234728,-1.7693817369288298,-1.3569054868683492,-0.42051466321152303,0.09149788042738796,0.16937107583020397,0.9855523520707153,0.02476985258885596,0.9996931801321475,0
1.148140069336645,4,0.5075676612008815,-0.2204109479155491,3,1970-01-01 00:00:00.000000001,1.1703262772852874,0.7022826088074214,-0.267136066858997,-1.1684026906025315,0.0411499272857092,2,3,0.160720145246859,1.2215688180884317,-0.614814918117339,0.5888922474676374,0.5982351887455776,2,1,43,0.7945466303660768,0.06347024769114007,1.1365151414154882,0.0,0.02759853400480953,-0.6123724356957944,-0.9206104638358934,-0.8325837347562643,0.6599535557222693,-1.1913732075929888,-0.55805853535907,0.0038112711489760626,-0.42051466321152303,0.09149788042738796,0.2065149889942563,0.9784434369551989,0.02476985258885596,0.9996931801321475,0
1.1507643894951287,0,0.5075676612008815,0.8495624847357426,2,1970-01-01 00:00:00.000000001,1.1711665683310144,-0.3508811354945452,-1.1926468496775695,0.9549573073211728,1.6223217907982408,2,1,1.1990452809450485,-2.1160315113826123,0.2920978814464164,-0.4904624576019191,-1.1316015016030805,2,2,-39,0.9390096540689998,0.06347024769114007,1.1365151414154882,0.0,0.02759853400480953,-0.6123724356957944,0.6860323497482549,-0.9218642654328814,-0.2660876570412127,0.6603129806234728,-0.33093543506474005,-0.20552976854599705,-0.42051466321152303,0.09149788042738796,0.24336354298385784,0.9699351452269085,0.02476985258885596,0.9996931801321475,0
1.1533887096536126,3,0.0225250833501877,-1.1583746713436296,1,1970-01-01 00:00:00.000000001,1.171113020372218,-1.220885967743996,1.583885498778148,0.8817379970479415,-0.2378804015694433,2,0,-1.5836660827260989,0.284698550166735,1.4973372598140386,-0.2880834504013773,0.5982351887455776,2,2,69,1.0834726777719228,0.06347024769114007,1.1365151414154882,0.0,0.02759853400480953,-0.6123724356957944,-0.3404338922638399,0.6851852867462264,-1.1921288698046946,-0.2655301134847581,-0.48235083526096,0.10848179099646262,-0.42051466321152303,0.09149788042738796,0.27986403674065413,0.9600396455038853,0.02476985258885596,0.9996931801321475,0
1.1560130298120963,2,0.5075676612008815,-0.6581273521819867,1,1970-01-01 00:00:00.000000001,1.171376641092446,-0.3966708635076743,-0.267136066858997,-0.948744759782838,-0.2378804015694433,3,1,0.8667812375216276,-0.7692805012451734,-0.0181617605096052,-0.692841464802461,-1.1316015016030805,1,1,-8,1.227935701474846,0.06347024769114007,1.1365151414154882,0.0,0.02759853400480953,-0.6123724356957944,-1.1883842660999182,-0.34154081603487024,1.5859947684857512,-1.1913732075929888,-1.0880124360458399,-0.9382234074784029,1.0733891807582552,0.09149788042738796,0.3159642670044579,0.9487710903986987,0.02476985258885596,0.9996931801321475,0
1.15863734997058,4,1.2351315279769222,0.5438557896925164,2,1970-01-01 00:00:00.000000001,1.1874513264157265,-0.7629886876127061,-0.267136066858997,0.0763255840423986,1.2502813523247038,0,1,1.6559083406522517,-0.3593997590294313,0.6858889654675208,0.2515939021334009,-0.699142329015916,1,1,-20,1.372398725177769,0.06347024769114007,1.1365151414154882,0.0,0.02759853400480953,-0.6123724356957944,-0.385062859307844,-1.1897058574627326,-0.2660876570412127,1.5861560747317036,-1.3151355363401698,-1.1475644471733761,1.0733891807582552,0.09149788042738796,0.35161260297471486,0.9361455962772808,0.02476985258885596,0.9996931801321475,0
1.161261670129064,4,0.5075676612008815,-0.2065151890499479,0,1970-01-01 00:00:00.000000001,1.1715208086738207,-0.946147599665222,0.6583747159595755,0.0031062737691674,-0.9819612785165168,3,2,-1.2098690338747506,-1.1791612434609158,1.043880860032161,-0.22062378133453,-1.564060674190245,2,0,35,1.516861748880692,0.06347024769114007,1.1365151414154882,0.0,0.02759853400480953,-0.6123724356957944,-0.742094595659877,-0.3861810813731788,-0.2660876570412127,-0.2655301134847581,-1.1637201361439498,-1.4615760067158357,1.0733891807582552,0.09149788042738796,0.3867580601532345,0.9221812202091881,0.02476985258885596,0.9996931801321475,0
1.1638859902875476,1,0.0225250833501877,1.322018286166183,0,1970-01-01 00:00:00.000000001,1.1877993881479023,-1.266675695757125,-0.267136066858997,-0.5094288981434508,0.0411499272857092,3,1,-0.9191379958792576,-1.1791612434609158,0.7694204075326034,-1.0301398101366974,-1.1316015016030805,0,2,28,1.661324772583615,0.06347024769114007,1.1365151414154882,0.0,0.02759853400480953,-0.6123724356957944,-0.9206104638358934,-0.7433032040796472,0.6599535557222693,-0.2655301134847581,-1.6179663367326098,-1.5662465265633223,-0.42051466321152303,0.09149788042738796,0.4213503732625737,0.906897934142255,0.02476985258885596,0.9996931801321475,0
1.1665103104460313,1,0.5075676612008815,-0.92909465006121,4,1970-01-01 00:00:00.000000001,1.187605791681485,-1.312465423770254,-1.1926468496775695,0.5156414456817857,1.4363015715614724,3,5,-0.2130769036044891,0.6945792923824773,-0.0181617605096052,0.9261905928018735,0.5982351887455776,1,2,43,-1.661324772583615,0.18384485538123327,1.1365151414154882,0.0,0.5335716574263164,-0.6123724356957944,-1.2330132331439223,-0.9218642654328814,-0.2660876570412127,0.6603129806234728,-1.9207971371250496,-1.670917046410809,-0.42051466321152303,0.09149788042738796,-0.4213503732625737,0.906897934142255,0.46083231155626464,0.887487228429632,0
1.1691346306045152,2,0.0225250833501877,-0.790137061405198,3,1970-01-01 00:00:00.000000001,1.1876552205665278,-0.8087784156258352,-1.1926468496775695,0.0031062737691674,-1.3540017169900538,3,3,-0.2961429144603442,-1.2962700269511278,0.2085664393813336,-0.96268014106985,1.4631535339199069,0,2,11,-1.516861748880692,0.18384485538123327,1.1365151414154882,0.0,0.5335716574263164,-0.6123724356957944,-1.2776422001879264,-1.2343461228010413,-1.1921288698046946,-0.2655301134847581,-1.8450894370269397,-1.4615760067158357,-1.9144185071813014,-1.5604775497547658,-0.3867580601532345,0.9221812202091881,0.46083231155626464,0.887487228429632,0
1.1717589507629989,4,0.0225250833501877,-1.6169347139084689,0,1970-01-01 00:00:00.000000001,1.1878467574960685,1.1143901609255822,-1.1926468496775695,-0.582648208416682,0.6922206946143987,2,0,0.3683851723864969,0.4603617254020531,-0.7222124864867312,0.5888922474676374,0.165776016158413,0,1,25,-1.372398725177769,0.18384485538123327,1.1365151414154882,0.0,0.5335716574263164,-0.6123724356957944,-0.7867235627038811,-1.2789863881393497,-1.1921288698046946,-1.1913732075929888,-0.55805853535907,0.8411754299288685,-1.9144185071813014,-1.5604775497547658,-0.35161260297471486,0.9361455962772808,0.46083231155626464,0.887487228429632,0
1.1743832709214823,2,-0.6080302678557142,-1.3598631748948469,2,1970-01-01 00:00:00.000000001,1.1881968787651214,-1.404044879796512,-1.1926468496775695,0.0031062737691674,0.0411499272857092,0,6,-1.085270017590968,-0.7692805012451734,1.557002575574812,-0.1531641122676827,0.5982351887455776,0,2,39,-1.227935701474846,0.18384485538123327,1.1365151414154882,0.0,0.5335716574263164,-0.6123724356957944,1.0876930531442919,-0.7879434694179558,-1.1921288698046946,-1.1913732075929888,-0.55805853535907,0.945845949776355,-1.9144185071813014,-1.5604775497547658,-0.3159642670044579,0.9487710903986987,0.46083231155626464,0.887487228429632,0
1.1770075910799664,1,0.5075676612008815,0.9468327967949508,0,1970-01-01 00:00:00.000000001,1.1886417387305062,0.8396517928468084,-0.267136066858997,-1.2416220008757626,1.5293116811798566,0,4,0.160720145246859,0.6360249006373713,-1.6649244755069506,1.6007872834703465,1.4631535339199069,2,0,33,-1.0834726777719228,0.18384485538123327,1.1365151414154882,0.0,0.5335716574263164,-0.6123724356957944,-1.3669001342759346,1.0869476747910034,-1.1921288698046946,-1.1913732075929888,0.3504338658182498,1.0505164696238416,-1.9144185071813014,0.09149788042738796,-0.27986403674065413,0.9600396455038853,0.46083231155626464,0.887487228429632,0
1.17963191123845,1,-1.1900813612765468,0.5021685130957128,1,1970-01-01 00:00:00.000000001,1.1887014652999328,-0.9003578716520931,-0.267136066858997,0.4424221354085545,-1.5400219362268222,3,3,0.9913802538054104,0.6945792923824773,0.3278970709028804,0.1166745639997063,1.4631535339199069,1,0,14,-0.9390096540689998,0.18384485538123327,1.1365151414154882,0.0,0.5335716574263164,-0.6123724356957944,0.8199192508802672,-1.3682669188159668,-0.2660876570412127,-1.1913732075929888,-0.7851816356533999,0.6318343902338954,-0.42051466321152303,0.09149788042738796,-0.24336354298385784,0.9699351452269085,0.46083231155626464,0.887487228429632,0
1.1822562313969338,4,0.5075676612008815,-1.0194170826876177,3,1970-01-01 00:00:00.000000001,1.188851811491938,0.2443853286761315,1.583885498778148,0.1495448943156297,-0.6099208400429801,0,2,-1.2514020393026783,0.4018073336569471,-0.4954842865957923,0.1841342330665536,1.4631535339199069,0,1,63,-0.7945466303660768,0.18384485538123327,1.1365151414154882,0.0,0.5335716574263164,-0.6123724356957944,-0.8759814967918893,0.819106082761152,-0.2660876570412127,-0.2655301134847581,0.12331076552391987,-0.1008592486985105,1.0733891807582552,0.09149788042738796,-0.2065149889942563,0.9784434369551989,0.46083231155626464,0.887487228429632,0
1.1848805515554175,0,0.0225250833501877,1.4123407187925907,4,1970-01-01 00:00:00.000000001,1.1894676130180957,-0.5798297755601902,1.583885498778148,1.4674924792337911,-0.1448702919510591,1,0,1.2405782863729755,-1.2377156352060217,1.342207438836028,1.26348893813611,-0.2666831564287514,2,1,-25,-0.6500836066631537,0.18384485538123327,1.1365151414154882,0.0,0.5335716574263164,-0.6123724356957944,0.23974267930821366,-0.8772240000945728,1.5859947684857512,-0.2655301134847581,-0.6337662354571799,-0.7288823677834299,1.0733891807582552,0.09149788042738796,-0.16937107583020397,0.9855523520707153,0.46083231155626464,0.887487228429632,0
1.1875048717139014,3,0.5075676612008815,-0.9707819266580134,3,1970-01-01 00:00:00.000000001,1.1894428985755745,-0.8087784156258352,0.6583747159595755,-1.5344992419686874,-0.0518601823326749,2,5,-0.5038079415999821,-0.9449436764804916,-0.0181617605096052,-1.70473650080517,0.5982351887455776,1,0,22,-0.5056205829602307,0.18384485538123327,1.1365151414154882,0.0,0.5335716574263164,-0.6123724356957944,-0.5635787274838605,0.2387826333631409,1.5859947684857512,1.5861560747317036,-0.6337662354571799,-0.8335528876309164,2.5672930247280337,-1.5604775497547658,-0.1319849269748023,0.9912517233535869,0.46083231155626464,0.887487228429632,0
1.190129191872385,1,0.0225250833501877,0.9537806762277514,1,1970-01-01 00:00:00.000000001,1.1897209360539398,0.0154366886104866,-0.267136066858997,1.6139310997802534,-0.2378804015694433,0,0,-1.0022040067351128,0.284698550166735,0.566558333945974,0.3865132402670955,1.0306943613327422,2,1,55,-0.36115755925730764,0.18384485538123327,1.1365151414154882,0.0,0.5335716574263164,-0.6123724356957944,-0.7867235627038811,-0.564742142726413,0.6599535557222693,1.5861560747317036,0.04760306542580989,0.0038112711489760626,1.0733891807582552,0.09149788042738796,-0.09441001235832401,0.9955333995233415,0.46083231155626464,0.887487228429632,0
1.192753512030869,1,1.2351315279769222,0.6897612577813288,1,1970-01-01 00:00:00.000000001,1.1898527464140538,0.6107031527811635,-1.1926468496775695,-1.5344992419686874,-0.6099208400429801,2,6,-1.1268030230188957,0.284698550166735,-0.8534761811604326,1.465867945336652,1.4631535339199069,1,1,58,-0.21669453555438456,0.18384485538123327,1.1365151414154882,0.0,0.5335716574263164,-0.6123724356957944,0.01659784408819306,-0.7879434694179558,-0.2660876570412127,0.6603129806234728,0.04760306542580989,0.0038112711489760626,-0.42051466321152303,0.09149788042738796,-0.056700071885147196,0.9983912568969238,0.46083231155626464,0.887487228429632,0
1.195377832189353,0,-1.1900813612765468,-0.6720231110475878,1,1970-01-01 00:00:00.000000001,1.189926889741618,-1.220885967743996,0.6583747159595755,1.028176617594404,-0.9819612785165168,1,2,-0.1300108927486339,-0.8278348929902795,0.6978220286196753,-1.3674381554709338,1.4631535339199069,1,2,15,-0.07223151185146152,0.18384485538123327,1.1365151414154882,0.0,0.5335716574263164,-0.6123724356957944,0.5967744156602466,0.015581306671598155,-1.1921288698046946,-0.2655301134847581,0.04760306542580989,0.0038112711489760626,-0.42051466321152303,0.09149788042738796,-0.01890903857456981,0.9998212081468293,0.46083231155626464,0.887487228429632,0
1.1980021523478366,0,0.5075676612008815,0.8704061230341443,1,1970-01-01 00:00:00.000000001,1.19050150053024,-0.0761427674157713,0.6583747159595755,1.4674924792337911,-0.8889511688981327,2,0,-0.7530059741675474,0.1090353749314169,-0.3284214024656268,0.9261905928018735,0.5982351887455776,2,0,46,0.07223151185146152,0.18384485538123327,1.1365151414154882,0.0,0.5335716574263164,-0.6123724356957944,-1.1883842660999182,0.5959047560696094,0.6599535557222693,-1.1913732075929888,-0.33093543506474005,0.0038112711489760626,-0.42051466321152303,0.09149788042738796,0.01890903857456981,0.9998212081468293,0.46083231155626464,0.887487228429632,0
1.2006264725063205,2,-1.1900813612765468,1.3011746478677813,2,1970-01-01 00:00:00.000000001,1.1906909779229038,-0.0303530394026423,-0.267136066858997,-0.1433323467772949,0.4131903657592461,1,3,-0.1300108927486339,-0.9449436764804916,-1.2949995177901557,-0.22062378133453,0.5982351887455776,0,2,13,0.21669453555438456,0.18384485538123327,1.1365151414154882,0.0,0.5335716574263164,-0.6123724356957944,-0.07266008999981517,-1.1897058574627326,0.6599535557222693,0.6603129806234728,-0.7094739355552899,-0.5195413280884568,1.0733891807582552,0.09149788042738796,0.056700071885147196,0.9983912568969238,0.46083231155626464,0.887487228429632,0
1.203250792664804,2,0.5075676612008815,1.2039043358085728,4,1970-01-01 00:00:00.000000001,1.1905550484890364,-1.5872037918490278,-0.267136066858997,1.1746152381408663,-1.3540017169900538,3,5,-1.376001055586461,-1.881813944402188,0.6262236497067474,-1.5023574936046282,0.165776016158413,1,0,27,0.36115755925730764,0.18384485538123327,1.1365151414154882,0.0,0.5335716574263164,-0.6123724356957944,-0.028031122955811057,-0.07369922400501895,-0.2660876570412127,0.6603129806234728,-0.93659703584962,-0.1008592486985105,1.0733891807582552,0.09149788042738796,0.09441001235832401,0.9955333995233415,0.46083231155626464,0.887487228429632,0
1.205875112823288,3,-0.6080302678557142,-1.4988207635508588,1,1970-01-01 00:00:00.000000001,1.1905694652471737,2.1675539052275488,-1.1926468496775695,-1.5344992419686874,1.1572712427063196,0,2,0.9083142429495552,-1.4133788104413398,-0.6028818549651844,1.398408276269805,-1.1316015016030805,1,2,-20,0.5056205829602307,0.18384485538123327,1.1365151414154882,0.0,0.5335716574263164,-0.6123724356957944,-1.5454160024519512,-0.029058958666710395,-0.2660876570412127,-0.2655301134847581,0.3504338658182498,2.2018921879461937,-0.42051466321152303,0.09149788042738796,0.1319849269748023,0.9912517233535869,0.46083231155626464,0.887487228429632,0
1.2084994329817715,3,-0.6080302678557142,-0.1578800330203438,1,1970-01-01 00:00:00.000000001,1.1907239305129325,-1.129306511717738,-0.267136066858997,1.1746152381408663,1.4363015715614724,3,5,-0.6699399633116924,1.4557863850688555,-1.2234011388772277,-0.96268014106985,-0.2666831564287514,0,0,67,0.6500836066631537,0.18384485538123327,1.1365151414154882,0.0,0.5335716574263164,-0.6123724356957944,2.114159295156387,-1.546827980169201,-1.1921288698046946,-0.2655301134847581,-0.25522773496663004,2.62057426733614,-0.42051466321152303,0.09149788042738796,0.16937107583020397,0.9855523520707153,0.46083231155626464,0.887487228429632,0
1.2111237531402552,4,-1.1900813612765468,-1.5613516784460642,0,1970-01-01 00:00:00.000000001,1.191329434354706,0.7480723368205504,0.6583747159595755,-1.0951833803293003,-1.447011826608438,0,2,-0.6699399633116924,0.8702424676177954,1.5928017650312762,-0.8952204720030028,1.0306943613327422,1,0,57,0.7945466303660768,0.18384485538123327,1.1365151414154882,0.0,0.5335716574263164,-0.6123724356957944,-1.09912633201191,2.1136737775721,-0.2660876570412127,-1.1913732075929888,1.0318031667012397,1.678539588708761,-0.42051466321152303,0.09149788042738796,0.2065149889942563,0.9784434369551989,0.46083231155626464,0.887487228429632,0
1.2137480732987391,2,0.5075676612008815,-0.5261176429587754,4,1970-01-01 00:00:00.000000001,1.191782532467598,0.0154366886104866,1.583885498778148,-1.3148413111489938,-0.9819612785165168,3,4,-0.9606710013071852,0.1090353749314169,1.1393453652493986,-0.692841464802461,0.5982351887455776,0,0,51,0.9390096540689998,0.18384485538123327,1.1365151414154882,0.0,0.5335716574263164,-0.6123724356957944,0.730661316792259,-1.1004253267861157,0.6599535557222693,-0.2655301134847581,0.04760306542580989,0.0038112711489760626,1.0733891807582552,0.09149788042738796,0.24336354298385784,0.9699351452269085,0.46083231155626464,0.887487228429632,0
1.2163723934572228,1,0.5075676612008815,1.322018286166183,3,1970-01-01 00:00:00.000000001,1.1914777210098344,-1.220885967743996,0.6583747159595755,-0.0701130365040637,1.2502813523247038,1,6,0.451451183242352,-0.9449436764804916,1.712132396552823,0.5888922474676374,1.4631535339199069,1,1,-1,1.0834726777719228,0.18384485538123327,1.1365151414154882,0.0,0.5335716574263164,-0.6123724356957944,0.01659784408819306,0.7298255520845349,1.5859947684857512,0.6603129806234728,0.04760306542580989,0.0038112711489760626,1.0733891807582552,0.09149788042738796,0.27986403674065413,0.9600396455038853,0.46083231155626464,0.887487228429632,0
1.2189967136157065,2,-1.1900813612765468,1.6277249812094092,4,1970-01-01 00:00:00.000000001,1.1921553086422956,1.4807079850306142,-0.267136066858997,-1.021964070056069,-1.5400219362268222,0,4,0.5345171940982071,-1.4133788104413398,-0.0420278868139145,0.5888922474676374,-0.2666831564287514,0,2,-11,1.227935701474846,0.18384485538123327,1.1365151414154882,0.0,0.5335716574263164,-0.6123724356957944,-1.1883842660999182,0.015581306671598155,0.6599535557222693,1.5861560747317036,0.04760306542580989,0.0038112711489760626,1.0733891807582552,0.09149788042738796,0.3159642670044579,0.9487710903986987,0.46083231155626464,0.887487228429632,0
1.2216210337741904,1,1.2351315279769222,-1.116687394746826,4,1970-01-01 00:00:00.000000001,1.1917907706151052,-0.8545681436389642,-0.267136066858997,0.5888607559550169,-1.5400219362268222,3,3,-0.4622749361720545,0.5189161171471592,1.7001993334006682,-0.692841464802461,-0.699142329015916,1,1,46,1.372398725177769,0.18384485538123327,1.1365151414154882,0.0,0.5335716574263164,-0.6123724356957944,1.4447247894963249,-1.1897058574627326,-0.2660876570412127,0.6603129806234728,-0.33093543506474005,1.2598575093188147,-0.42051466321152303,-1.5604775497547658,0.35161260297471486,0.9361455962772808,0.46083231155626464,0.887487228429632,0
1.224245353932674,0,-1.1900813612765468,1.28727888900218,4,1970-01-01 00:00:00.000000001,1.1921305941997742,-1.312465423770254,-0.267136066858997,-1.021964070056069,-0.1448702919510591,2,3,1.5728423297963965,1.3972319933237496,-0.4119528445307095,1.6007872834703465,1.4631535339199069,1,1,12,1.516861748880692,0.18384485538123327,1.1365151414154882,0.0,0.5335716574263164,-0.6123724356957944,-0.8313525297478852,1.4440697974974717,-0.2660876570412127,-0.2655301134847581,-0.33093543506474005,1.3645280291663013,-0.42051466321152303,-1.5604775497547658,0.3867580601532345,0.9221812202091881,0.46083231155626464,0.887487228429632,0
1.2268696740911578,2,-0.6080302678557142,-1.1861661890748318,1,1970-01-01 00:00:00.000000001,1.2081970413755474,1.709656625096259,-1.1926468496775695,0.8085186867747104,-1.3540017169900538,2,3,1.115979270089193,-0.4179541507745373,-0.4238859076828642,0.049214894932859,0.5982351887455776,1,0,-8,1.661324772583615,0.18384485538123327,1.1365151414154882,0.0,0.5335716574263164,-0.6123724356957944,-1.2776422001879264,-0.8325837347562643,-0.2660876570412127,-0.2655301134847581,-0.25522773496663004,1.678539588708761,-0.42051466321152303,0.09149788042738796,0.4213503732625737,0.906897934142255,0.46083231155626464,0.887487228429632,0
1.2294939942496417,0,-1.1900813612765468,0.4674291159317097,1,1970-01-01 00:00:00.000000001,1.2081785055436565,-1.724572975888415,1.583885498778148,-1.5344992419686874,-1.447011826608438,3,1,-0.71147296873962,-1.0620524599707035,-1.2949995177901557,-1.70473650080517,-0.699142329015916,0,0,25,-1.661324772583615,0.30421946307132647,1.1365151414154882,0.0,1.0395447808478233,1.6329931618554518,1.6678696247163454,-1.2789863881393497,-1.1921288698046946,-0.2655301134847581,-0.7094739355552899,2.2018921879461937,-0.42051466321152303,0.09149788042738796,-0.4213503732625737,0.906897934142255,0.8034653310326239,0.5953515447436382,0
1.2321183144081254,3,0.0225250833501877,1.6416207400750105,2,1970-01-01 00:00:00.000000001,1.2082320535024529,0.5649134247680344,-1.1926468496775695,1.39427316896056,-1.2609916073716696,1,3,0.2022531506747865,-1.0620524599707035,-0.6267479812694937,-0.8277608029361555,-0.2666831564287514,1,1,3,-1.516861748880692,0.30421946307132647,1.1365151414154882,0.0,1.0395447808478233,1.6329931618554518,-1.6793029035839635,1.6672711241890146,1.5859947684857512,-1.1913732075929888,0.3504338658182498,1.8878806284037342,-0.42051466321152303,1.7434733106095417,-0.3867580601532345,0.9221812202091881,0.8034653310326239,0.5953515447436382,0
1.234742634566609,3,1.332140043547061,0.0783478676948764,3,1970-01-01 00:00:00.000000001,1.2085862938452592,-0.2135119514551583,0.6583747159595755,-0.2165516570505261,-1.2609916073716696,3,5,-0.3376759198882718,-0.7107261095000674,-0.9728068126819792,0.3865132402670955,1.0306943613327422,2,1,22,-1.372398725177769,0.30421946307132647,1.1365151414154882,0.0,1.0395447808478233,1.6329931618554518,0.5521454486162425,-1.6807487761841267,-1.1921288698046946,1.5861560747317036,-0.7094739355552899,0.5271638703864089,1.0733891807582552,0.09149788042738796,-0.35161260297471486,0.9361455962772808,0.8034653310326239,0.5953515447436382,0
1.237366954725093,4,-0.7050387834258529,-0.5608570401227784,0,1970-01-01 00:00:00.000000001,1.2092268098139385,-0.0761427674157713,-1.1926468496775695,1.540711789507022,-1.0749713881349012,2,4,0.6591162103819899,1.0459056428531135,0.8529518495976862,-0.2880834504013773,0.165776016158413,2,1,28,-1.227935701474846,0.30421946307132647,1.1365151414154882,0.0,1.0395447808478233,1.6329931618554518,-0.20654699113182753,0.5512644907313008,0.6599535557222693,-1.1913732075929888,0.19901846562202985,-1.1475644471733761,-0.42051466321152303,0.09149788042738796,-0.3159642670044579,0.9487710903986987,0.8034653310326239,0.5953515447436382,0
1.2399912748835766,2,1.2351315279769222,0.58554306628932,4,1970-01-01 00:00:00.000000001,1.209208273982047,0.5649134247680344,-0.267136066858997,0.0763255840423986,-0.8889511688981327,0,5,-0.8360719850234026,0.3432529419118411,-0.0181617605096052,-0.0182447741339881,1.0306943613327422,2,0,52,-1.0834726777719228,0.30421946307132647,1.1365151414154882,0.0,1.0395447808478233,1.6329931618554518,-0.07266008999981517,-0.2076200200199446,-1.1921288698046946,0.6603129806234728,0.19901846562202985,-1.1475644471733761,-0.42051466321152303,0.09149788042738796,-0.27986403674065413,0.9600396455038853,0.8034653310326239,0.5953515447436382,0
1.2426155950420603,0,0.0225250833501877,1.2316958535397753,3,1970-01-01 00:00:00.000000001,1.2090991185275777,1.3433388009912273,-1.1926468496775695,0.5888607559550169,0.1341600369040935,0,2,0.4099181778144244,0.9873512511080076,-1.1876019494207637,-0.4904624576019191,-1.564060674190245,1,0,33,-0.9390096540689998,0.30421946307132647,1.1365151414154882,0.0,1.0395447808478233,1.6329931618554518,0.5521454486162425,-0.07369922400501895,-0.2660876570412127,-1.1913732075929888,1.0318031667012397,-0.41487080824097017,-1.9144185071813014,0.09149788042738796,-0.24336354298385784,0.9699351452269085,0.8034653310326239,0.5953515447436382,0
1.2452399152005442,1,0.0225250833501877,1.1066340237493646,3,1970-01-01 00:00:00.000000001,1.209914695130783,-0.2593016794682873,-0.267136066858997,-0.7290868289631444,-1.447011826608438,3,5,1.5728423297963965,1.0459056428531135,0.7455542812282941,-1.0301398101366974,1.4631535339199069,0,0,6,-0.7945466303660768,0.30421946307132647,1.1365151414154882,0.0,1.0395447808478233,1.6329931618554518,1.3108378883643126,0.5512644907313008,-1.1921288698046946,-0.2655301134847581,0.9560954666031297,-0.3102002883934836,-0.42051466321152303,-1.5604775497547658,-0.2065149889942563,0.9784434369551989,0.8034653310326239,0.5953515447436382,0
1.247864235359028,3,-0.6080302678557142,-1.4223940897900522,2,1970-01-01 00:00:00.000000001,1.20967990792683,0.5649134247680344,0.6583747159595755,-0.582648208416682,-1.2609916073716696,0,1,0.3268521669585693,0.9873512511080076,1.389939691444647,-1.2325188173372392,-0.699142329015916,0,2,35,-0.6500836066631537,0.30421946307132647,1.1365151414154882,0.0,1.0395447808478233,1.6329931618554518,-0.25117595817583166,1.310149001482546,-0.2660876570412127,-1.1913732075929888,0.9560954666031297,-0.3102002883934836,-0.42051466321152303,0.09149788042738796,-0.16937107583020397,0.9855523520707153,0.8034653310326239,0.5953515447436382,0
1.2504885555175116,3,0.0225250833501877,1.391497080494189,0,1970-01-01 00:00:00.000000001,1.209861147171987,-0.4424605915208032,0.6583747159595755,-0.5094288981434508,0.9712510234695512,2,5,-0.2130769036044891,0.9287968593629016,-1.354664833550929,0.7912712546681792,1.0306943613327422,1,1,47,-0.5056205829602307,0.30421946307132647,1.1365151414154882,0.0,1.0395447808478233,1.6329931618554518,0.5521454486162425,-0.2522602853582531,0.6599535557222693,-0.2655301134847581,-0.028104634672300097,-0.8335528876309164,1.0733891807582552,0.09149788042738796,-0.1319849269748023,0.9912517233535869,0.8034653310326239,0.5953515447436382,0
1.2531128756759955,1,0.5075676612008815,1.0441031088541592,4,1970-01-01 00:00:00.000000001,1.2099023379095226,0.4733339687417764,0.6583747159595755,-1.0951833803293003,0.0411499272857092,0,2,-0.794538979595475,1.2215688180884317,-0.0181617605096052,-0.7603011338693082,-1.564060674190245,2,1,66,-0.36115755925730764,0.30421946307132647,1.1365151414154882,0.0,1.0395447808478233,1.6329931618554518,-0.4296918263518481,0.5512644907313008,0.6599535557222693,0.6603129806234728,0.3504338658182498,-0.8335528876309164,1.0733891807582552,-1.5604775497547658,-0.09441001235832401,0.9955333995233415,0.8034653310326239,0.5953515447436382,0
1.2557371958344792,0,-0.6080302678557142,-0.2898897422435551,0,1970-01-01 00:00:00.000000001,1.2103018880636185,1.5264977130437432,-0.267136066858997,-0.8023061392363756,-0.7029309496613644,3,2,1.614375335224324,-0.4765085425196433,1.2706090599231,0.52143257840079,0.165776016158413,0,2,-21,-0.21669453555438456,0.30421946307132647,1.1365151414154882,0.0,1.0395447808478233,1.6329931618554518,0.46288751452823423,-0.43082134671148736,0.6599535557222693,0.6603129806234728,0.8803877665050197,0.10848179099646262,1.0733891807582552,0.09149788042738796,-0.056700071885147196,0.9983912568969238,0.8034653310326239,0.5953515447436382,0
1.2583615159929629,0,0.0225250833501877,1.7458389315670193,2,1970-01-01 00:00:00.000000001,1.2104584128662537,-1.49562433582277,1.583885498778148,-0.948744759782838,-0.1448702919510591,3,4,1.6559083406522517,-1.2377156352060217,-1.1160035705078355,1.0611099309355685,1.0306943613327422,1,1,-35,-0.07223151185146152,0.30421946307132647,1.1365151414154882,0.0,1.0395447808478233,1.6329931618554518,1.489353756540329,0.4619839600546837,-0.2660876570412127,0.6603129806234728,0.27472616572013986,1.469198549013788,1.0733891807582552,0.09149788042738796,-0.01890903857456981,0.9998212081468293,0.8034653310326239,0.5953515447436382,0
1.2609858361514468,2,0.5075676612008815,-0.2968376216763557,1,1970-01-01 00:00:00.000000001,1.2107302717339887,0.1070161446367446,-1.1926468496775695,0.1495448943156297,1.6223217907982408,3,3,-1.2929350447306058,-0.5350629342647494,-0.2687560867048534,0.9261905928018735,1.4631535339199069,0,1,48,0.07223151185146152,0.30421946307132647,1.1365151414154882,0.0,1.0395447808478233,1.6329931618554518,-1.4561580683639428,1.4887100628357803,1.5859947684857512,-0.2655301134847581,0.12331076552391987,1.3645280291663013,-0.42051466321152303,0.09149788042738796,0.01890903857456981,0.9998212081468293,0.8034653310326239,0.5953515447436382,0
1.2636101563099305,2,1.2351315279769222,0.085295747127677,3,1970-01-01 00:00:00.000000001,1.2110824525399184,-0.4882503195339322,-0.267136066858997,0.8817379970479415,0.5062004753776304,2,6,1.1575122755171203,0.7531336841275833,-1.2711333914858465,-0.4904624576019191,-1.564060674190245,2,1,11,0.21669453555438456,0.30421946307132647,1.1365151414154882,0.0,1.0395447808478233,1.6329931618554518,0.1058557781762013,-1.457547449492584,-1.1921288698046946,1.5861560747317036,-1.01230473594773,-0.20552976854599705,-0.42051466321152303,0.09149788042738796,0.056700071885147196,0.9983912568969238,0.8034653310326239,0.5953515447436382,0
1.266234476468414,4,-0.6080302678557142,-0.4427430897651682,4,1970-01-01 00:00:00.000000001,1.2109238682004062,1.5264977130437432,-0.267136066858997,0.5156414456817857,0.4131903657592461,1,0,-1.0022040067351128,0.284698550166735,-0.841543118008278,1.6007872834703465,0.165776016158413,2,2,55,0.36115755925730764,0.30421946307132647,1.1365151414154882,0.0,1.0395447808478233,1.6329931618554518,-0.47432079339585226,0.10486183734821526,-0.2660876570412127,-1.1913732075929888,0.6532646662106898,0.31782283069143574,-0.42051466321152303,0.09149788042738796,0.09441001235832401,0.9955333995233415,0.8034653310326239,0.5953515447436382,0
1.268858796626898,3,0.0225250833501877,-1.443237728088454,1,1970-01-01 00:00:00.000000001,1.2115540864847014,0.7480723368205504,0.6583747159595755,-0.8023061392363756,-0.3308905111878275,0,4,0.0776541343910038,-0.3593997590294313,0.0415035552511681,0.9261905928018735,-1.1316015016030805,0,2,18,0.5056205829602307,0.30421946307132647,1.1365151414154882,0.0,1.0395447808478233,1.6329931618554518,1.489353756540329,-0.4754616120497959,-0.2660876570412127,-0.2655301134847581,1.0318031667012397,0.21315231084394917,1.0733891807582552,-1.5604775497547658,0.1319849269748023,0.9912517233535869,0.8034653310326239,0.5953515447436382,0
1.2714831167853815,2,5.066967892997403,-1.116687394746826,2,1970-01-01 00:00:00.000000001,1.2117291471192275,-1.266675695757125,0.6583747159595755,-1.5344992419686874,-0.0518601823326749,3,1,0.0776541343910038,-0.1251821920490071,-0.0062286973574505,0.2515939021334009,1.0306943613327422,1,1,22,0.6500836066631537,0.30421946307132647,1.1365151414154882,0.0,1.0395447808478233,1.6329931618554518,0.730661316792259,1.4887100628357803,0.6599535557222693,-0.2655301134847581,0.5775569661125798,1.2598575093188147,1.0733891807582552,-1.5604775497547658,0.16937107583020397,0.9855523520707153,0.8034653310326239,0.5953515447436382,0
1.2741074369438654,0,-0.6080302678557142,1.0163115911229568,0,1970-01-01 00:00:00.000000001,1.2119042077537543,1.0686004329124532,-1.1926468496775695,0.8085186867747104,-0.8889511688981327,1,0,-0.2130769036044891,-0.7692805012451734,-0.0181617605096052,-0.4230027885350718,-0.2666831564287514,1,0,18,0.7945466303660768,0.30421946307132647,1.1365151414154882,0.0,1.0395447808478233,1.6329931618554518,-1.2330132331439223,0.7298255520845349,0.6599535557222693,0.6603129806234728,0.3504338658182498,0.8411754299288685,-0.42051466321152303,0.09149788042738796,0.2065149889942563,0.9784434369551989,0.8034653310326239,0.5953515447436382,0
1.276731757102349,1,0.0225250833501877,1.078842506018162,3,1970-01-01 00:00:00.000000001,1.2119886487657023,-0.5340400475470612,0.6583747159595755,-1.0951833803293003,1.4363015715614724,3,5,-0.2961429144603442,0.226144158421629,0.638156712858902,-1.2999784864040864,0.5982351887455776,0,1,37,0.9390096540689998,0.30421946307132647,1.1365151414154882,0.0,1.0395447808478233,1.6329931618554518,1.0430640861002878,-1.2343461228010413,-1.1921288698046946,0.6603129806234728,-0.40664313516285,0.6318343902338954,-0.42051466321152303,0.09149788042738796,0.24336354298385784,0.9699351452269085,0.8034653310326239,0.5953515447436382,0
1.279356077260833,0,0.5075676612008815,-0.1578800330203438,4,1970-01-01 00:00:00.000000001,1.2121863643058737,1.618077169070001,1.583885498778148,0.0031062737691674,-0.0518601823326749,3,4,-1.5836660827260989,0.3432529419118411,-1.652991412354796,-1.5698171626714756,-1.564060674190245,2,1,70,1.0834726777719228,0.30421946307132647,1.1365151414154882,0.0,1.0395447808478233,1.6329931618554518,-0.5189497604398564,1.0423074094526947,0.6599535557222693,-1.1913732075929888,1.1832185668974597,0.4224933505389223,1.0733891807582552,0.09149788042738796,0.27986403674065413,0.9600396455038853,0.8034653310326239,0.5953515447436382,0
1.281980397419317,3,1.2351315279769222,-0.5886485578539807,1,1970-01-01 00:00:00.000000001,1.2124870566898835,1.572287441056872,-1.1926468496775695,0.9549573073211728,0.6922206946143987,2,0,0.5345171940982071,0.3432529419118411,1.425738880901111,-1.2999784864040864,-1.1316015016030805,1,0,19,1.227935701474846,0.30421946307132647,1.1365151414154882,0.0,1.0395447808478233,1.6329931618554518,1.5786116906283372,-0.5201018773881044,1.5859947684857512,0.6603129806234728,1.4860493672898996,0.736504910081382,1.0733891807582552,0.09149788042738796,0.3159642670044579,0.9487710903986987,0.8034653310326239,0.5953515447436382,0
1.2846047175778006,0,1.2351315279769222,-1.6586219905052724,1,1970-01-01 00:00:00.000000001,1.212388198919798,-1.5872037918490278,-1.1926468496775695,-1.0951833803293003,0.4131903657592461,2,3,1.1575122755171203,-0.7692805012451734,0.7574873443804487,-1.2325188173372392,-0.699142329015916,0,1,-15,1.372398725177769,0.30421946307132647,1.1365151414154882,0.0,1.0395447808478233,1.6329931618554518,1.533982723584333,1.5779905935123975,-1.1921288698046946,1.5861560747317036,0.8803877665050197,2.0972216680987072,-0.42051466321152303,0.09149788042738796,0.35161260297471486,0.9361455962772808,0.8034653310326239,0.5953515447436382,0
1.2872290377362845,4,0.0225250833501877,-0.5261176429587754,3,1970-01-01 00:00:00.000000001,1.2127774513895098,0.3817545127155185,-1.1926468496775695,0.662080066228248,-1.6330320458452063,1,3,-1.0022040067351128,-0.6521717177549614,-1.0802043810513715,-1.6372768317383228,-1.564060674190245,0,1,39,1.516861748880692,0.30421946307132647,1.1365151414154882,0.0,1.0395447808478233,1.6329931618554518,-1.5454160024519512,1.5333503281740888,-1.1921288698046946,-1.1913732075929888,0.19901846562202985,1.5738690688612744,-1.9144185071813014,-1.5604775497547658,0.3867580601532345,0.9221812202091881,0.8034653310326239,0.5953515447436382,0
1.2898533578947682,3,-0.4140132367154367,1.565194066314204,0,1970-01-01 00:00:00.000000001,1.2127589155576186,1.0228107048993242,1.583885498778148,1.4674924792337911,1.4363015715614724,3,4,0.3683851723864969,-0.1251821920490071,-0.4477520339871735,0.7912712546681792,-0.699142329015916,2,2,15,1.661324772583615,0.30421946307132647,1.1365151414154882,0.0,1.0395447808478233,1.6329931618554518,0.37362958044022604,-1.546827980169201,-1.1921288698046946,-1.1913732075929888,-0.10381233477041008,0.945845949776355,-0.42051466321152303,1.7434733106095417,0.4213503732625737,0.906897934142255,0.8034653310326239,0.5953515447436382,0
1.292477678053252,1,0.5075676612008815,1.426236477658192,2,1970-01-01 00:00:00.000000001,1.2290066019785486,0.0154366886104866,0.6583747159595755,0.9549573073211728,-1.0749713881349012,0,3,-0.6284069578837648,1.3972319933237496,-0.0181617605096052,1.1285696000024157,0.5982351887455776,2,1,65,-1.661324772583615,0.4245940707614197,1.1365151414154882,0.0,1.5455179042693301,1.6329931618554518,0.9984351190562837,0.37270342937806655,1.5859947684857512,-1.1913732075929888,0.04760306542580989,0.0038112711489760626,1.0733891807582552,0.09149788042738796,-0.4213503732625737,0.906897934142255,0.9832032720901962,0.18251390563771203,0
1.2951019982117356,4,-0.6080302678557142,1.1552691797789687,0,1970-01-01 00:00:00.000000001,1.228992185220411,0.6107031527811635,-1.1926468496775695,-1.3148413111489938,0.3201802561408619,0,5,0.0776541343910038,-1.2962700269511278,1.6763332070963588,-0.0182447741339881,1.0306943613327422,1,0,2,-1.516861748880692,0.4245940707614197,1.1365151414154882,0.0,1.5455179042693301,1.6329931618554518,0.01659784408819306,0.9976671441143863,0.6599535557222693,1.5861560747317036,0.04760306542580989,0.0038112711489760626,1.0733891807582552,0.09149788042738796,-0.3867580601532345,0.9221812202091881,0.9832032720901962,0.18251390563771203,0
1.2977263183702197,3,0.5075676612008815,1.1761128180773706,0,1970-01-01 00:00:00.000000001,1.2290580904004682,-0.0303530394026423,-1.1926468496775695,-1.461279931695456,0.6922206946143987,0,2,-0.1300108927486339,0.9287968593629016,-1.1876019494207637,1.465867945336652,0.165776016158413,1,2,45,-1.372398725177769,0.4245940707614197,1.1365151414154882,0.0,1.5455179042693301,1.6329931618554518,0.5967744156602466,0.015581306671598155,-1.1921288698046946,0.6603129806234728,0.04760306542580989,0.0038112711489760626,-0.42051466321152303,0.09149788042738796,-0.35161260297471486,0.9361455962772808,0.9832032720901962,0.18251390563771203,0
1.3003506385287031,1,-2.402687805903281,-0.2690461039451533,0,1970-01-01 00:00:00.000000001,1.2293979139851372,-0.1677222234420293,-1.1926468496775695,0.3692028251353233,-0.8889511688981327,1,4,-0.8776049904513302,-1.1791612434609158,2.7622419539424343,1.465867945336652,0.5982351887455776,1,2,27,-1.227935701474846,0.4245940707614197,1.1365151414154882,0.0,1.5455179042693301,1.6329931618554518,-0.028031122955811057,0.5959047560696094,-1.1921288698046946,-1.1913732075929888,0.19901846562202985,-1.1475644471733761,-1.9144185071813014,-1.5604775497547658,-0.3159642670044579,0.9487710903986987,0.9832032720901962,0.18251390563771203,0
1.3029749586871868,4,0.5075676612008815,-0.3385248982731593,3,1970-01-01 00:00:00.000000001,1.2301084542076268,0.8854415208599373,-0.267136066858997,-0.1433323467772949,-0.5169107304245959,2,1,-0.5868739524558372,-1.4133788104413398,1.747931586009287,-0.4230027885350718,-0.699142329015916,2,0,16,-1.0834726777719228,0.4245940707614197,1.1365151414154882,0.0,1.5455179042693301,1.6329931618554518,-0.1619180240878234,-0.029058958666710395,-1.1921288698046946,-1.1913732075929888,0.4261415659163598,-0.7288823677834299,-1.9144185071813014,0.09149788042738796,-0.27986403674065413,0.9600396455038853,0.9832032720901962,0.18251390563771203,0
1.3055992788456707,4,-0.6080302678557142,-0.0536618415283348,3,1970-01-01 00:00:00.000000001,1.2302176096620965,-0.3050914074814163,1.583885498778148,0.662080066228248,-0.7959410592797486,1,0,0.2853191615306417,0.6945792923824773,1.3183413125317187,-0.4230027885350718,1.0306943613327422,0,0,31,-0.9390096540689998,0.4245940707614197,1.1365151414154882,0.0,1.5455179042693301,1.6329931618554518,0.8645482179242713,-0.16297975468163606,-0.2660876570412127,-1.1913732075929888,0.27472616572013986,-0.6242118479359433,-0.42051466321152303,1.7434733106095417,-0.24336354298385784,0.9699351452269085,0.9832032720901962,0.18251390563771203,0
1.3082235990041544,3,1.2351315279769222,-0.2551503450795521,2,1970-01-01 00:00:00.000000001,1.230201133367082,0.5649134247680344,1.583885498778148,0.0031062737691674,-0.7029309496613644,2,0,-0.4622749361720545,0.4018073336569471,-0.913141496921206,-0.96268014106985,-1.564060674190245,1,2,44,-0.7945466303660768,0.4245940707614197,1.1365151414154882,0.0,1.5455179042693301,1.6329931618554518,-0.29580492521983576,0.8637463480994606,1.5859947684857512,-0.2655301134847581,0.6532646662106898,-0.6242118479359433,1.0733891807582552,0.09149788042738796,-0.2065149889942563,0.9784434369551989,0.9832032720901962,0.18251390563771203,0
1.310847919162638,2,-0.6080302678557142,-0.6442315933163855,0,1970-01-01 00:00:00.000000001,1.2304276824235278,-1.0377270556914802,-1.1926468496775695,1.6139310997802534,-1.2609916073716696,0,0,0.4099181778144244,0.5774705088922653,-1.4501293387681664,1.398408276269805,-1.1316015016030805,1,1,26,-0.6500836066631537,0.4245940707614197,1.1365151414154882,0.0,1.5455179042693301,1.6329931618554518,0.5521454486162425,-0.2969005506965617,1.5859947684857512,1.5861560747317036,-0.40664313516285,-0.20552976854599705,1.0733891807582552,0.09149788042738796,-0.16937107583020397,0.9855523520707153,0.9832032720901962,0.18251390563771203,0
1.313472239321122,4,-2.208670774763004,-0.5817006784211801,3,1970-01-01 00:00:00.000000001,1.2306768863856186,1.1601798889387114,-0.267136066858997,-0.8023061392363756,-0.7029309496613644,0,4,-0.9606710013071852,1.3972319933237496,-1.092137444203526,0.2515939021334009,0.165776016158413,1,1,73,-0.5056205829602307,0.4245940707614197,1.1365151414154882,0.0,1.5455179042693301,1.6329931618554518,-1.0098683979239016,0.5512644907313008,-1.1921288698046946,1.5861560747317036,0.4261415659163598,0.5271638703864089,-0.42051466321152303,0.09149788042738796,-0.1319849269748023,0.9912517233535869,0.9832032720901962,0.18251390563771203,0
1.3160965594796057,4,-0.6080302678557142,0.2520448535148913,2,1970-01-01 00:00:00.000000001,1.230483289919201,1.709656625096259,-0.267136066858997,-1.0951833803293003,-0.4239006208062117,2,5,0.1191871398189314,1.0459056428531135,0.268231755142107,1.26348893813611,1.0306943613327422,0,2,41,-0.36115755925730764,0.4245940707614197,1.1365151414154882,0.0,1.5455179042693301,1.6329931618554518,1.132322020188296,-1.0111447961094986,-0.2660876570412127,-1.1913732075929888,1.0318031667012397,1.2598575093188147,-0.42051466321152303,-1.5604775497547658,-0.09441001235832401,0.9955333995233415,0.9832032720901962,0.18251390563771203,0
1.3187208796380894,1,0.5075676612008815,0.4257418393349062,2,1970-01-01 00:00:00.000000001,1.2309013759051877,0.7938620648336794,1.583885498778148,0.2227642045888609,-0.2378804015694433,0,4,-0.6284069578837648,0.226144158421629,-0.0658940131182239,-1.2325188173372392,-1.1316015016030805,1,1,45,-0.21669453555438456,0.4245940707614197,1.1365151414154882,0.0,1.5455179042693301,1.6329931618554518,1.6678696247163454,1.1315879401293119,-0.2660876570412127,-0.2655301134847581,2.0917109680747794,-1.0428939273258895,1.0733891807582552,0.09149788042738796,-0.056700071885147196,0.9983912568969238,0.9832032720901962,0.18251390563771203,0
1.3213451997965733,0,0.0225250833501877,1.1205297826149658,0,1970-01-01 00:00:00.000000001,1.2315068797469615,-0.3508811354945452,-0.267136066858997,-0.1433323467772949,-0.6099208400429801,1,4,0.2022531506747865,-0.3008453672843252,-1.426263212463857,1.26348893813611,0.5982351887455776,1,2,16,-0.07223151185146152,0.4245940707614197,1.1365151414154882,0.0,1.5455179042693301,1.6329931618554518,0.7752902838362631,1.6672711241890146,1.5859947684857512,-0.2655301134847581,1.2589262669955696,0.21315231084394917,-0.42051466321152303,0.09149788042738796,-0.01890903857456981,0.9998212081468293,0.9832032720901962,0.18251390563771203,0
1.323969519955057,3,-0.6080302678557142,0.960728555660552,4,1970-01-01 00:00:00.000000001,1.2312267827317191,-0.2135119514551583,-1.1926468496775695,1.39427316896056,1.0642611330879357,2,3,-1.2929350447306058,-0.4765085425196433,0.2204995025334883,0.7238115856013319,-1.1316015016030805,2,0,49,0.07223151185146152,0.4245940707614197,1.1365151414154882,0.0,1.5455179042693301,1.6329931618554518,-0.3404338922638399,0.7744658174228435,-0.2660876570412127,1.5861560747317036,0.19901846562202985,-0.6242118479359433,-0.42051466321152303,1.7434733106095417,0.01890903857456981,0.9998212081468293,0.9832032720901962,0.18251390563771203,0
1.3265938401135406,3,1.7686783636126853,-0.533065522391576,0,1970-01-01 00:00:00.000000001,1.2318549414791375,-0.9919373276783512,-1.1926468496775695,0.2959835148620921,-0.6099208400429801,0,2,-0.6284069578837648,1.1044600345982196,0.0295704920990134,-0.0857044432008354,1.0306943613327422,2,1,60,0.21669453555438456,0.4245940707614197,1.1365151414154882,0.0,1.5455179042693301,1.6329931618554518,-0.20654699113182753,-0.34154081603487024,-1.1921288698046946,-0.2655301134847581,-0.8608893357515099,-1.1475644471733761,-1.9144185071813014,0.09149788042738796,0.056700071885147196,0.9983912568969238,0.9832032720901962,0.18251390563771203,0
1.3292181602720246,2,1.2351315279769222,0.4743769953645104,4,1970-01-01 00:00:00.000000001,1.2316984166765022,0.4733339687417764,1.583885498778148,0.9549573073211728,-0.7959410592797486,3,0,-0.6699399633116924,0.9873512511080076,-1.3307987072466196,0.993650261868721,0.165776016158413,2,1,59,0.36115755925730764,0.4245940707614197,1.1365151414154882,0.0,1.5455179042693301,1.6329931618554518,-0.9652394308798976,-0.2076200200199446,-1.1921288698046946,-1.1913732075929888,-0.40664313516285,-0.41487080824097017,-0.42051466321152303,1.7434733106095417,0.09441001235832401,0.9955333995233415,0.9832032720901962,0.18251390563771203,0
1.3318424804305082,2,1.2351315279769222,-1.2139577068060343,2,1970-01-01 00:00:00.000000001,1.232132978957503,-0.8545681436389642,-0.267136066858997,0.2959835148620921,-0.6099208400429801,0,5,1.0744462646612656,0.284698550166735,-0.877342307464742,-0.22062378133453,1.0306943613327422,0,2,5,0.5056205829602307,0.4245940707614197,1.1365151414154882,0.0,1.5455179042693301,1.6329931618554518,0.46288751452823423,-0.9665045307711899,1.5859947684857512,-1.1913732075929888,-0.7094739355552899,-0.20552976854599705,-0.42051466321152303,0.09149788042738796,0.1319849269748023,0.9912517233535869,0.9832032720901962,0.18251390563771203,0
1.334466800588992,3,-0.6080302678557142,1.5304546691502008,3,1970-01-01 00:00:00.000000001,1.232312158665783,1.1601798889387114,0.6583747159595755,-0.2897709673237573,1.5293116811798566,3,6,1.614375335224324,-0.6521717177549614,-0.984739875834134,1.26348893813611,0.5982351887455776,2,2,-24,0.6500836066631537,0.4245940707614197,1.1365151414154882,0.0,1.5455179042693301,1.6329931618554518,-0.8313525297478852,0.4619839600546837,-0.2660876570412127,1.5861560747317036,0.5018492660144698,0.21315231084394917,1.0733891807582552,0.09149788042738796,0.16937107583020397,0.9855523520707153,0.9832032720901962,0.18251390563771203,0
1.3370911207474758,2,1.2351315279769222,-1.0750001181500224,1,1970-01-01 00:00:00.000000001,1.2327343637255233,-0.6714092315864482,0.6583747159595755,1.39427316896056,1.4363015715614724,0,5,-0.1300108927486339,1.3972319933237496,-0.579015728660875,0.2515939021334009,0.165776016158413,1,1,53,0.7945466303660768,0.4245940707614197,1.1365151414154882,0.0,1.5455179042693301,1.6329931618554518,1.132322020188296,-0.8325837347562643,0.6599535557222693,-0.2655301134847581,-0.17952003486852006,0.4224933505389223,-0.42051466321152303,0.09149788042738796,0.2065149889942563,0.9784434369551989,0.9832032720901962,0.18251390563771203,0
1.3397154409059595,1,-1.1900813612765468,-0.1787236713187455,2,1970-01-01 00:00:00.000000001,1.2323451112558117,1.572287441056872,-1.1926468496775695,1.4674924792337911,1.1572712427063196,3,3,-0.6699399633116924,-1.3548244186962335,0.4472277024244271,1.6007872834703465,-1.1316015016030805,1,1,19,0.9390096540689998,0.4245940707614197,1.1365151414154882,0.0,1.5455179042693301,1.6329931618554518,-0.6528366615718687,1.1315879401293119,0.6599535557222693,0.6603129806234728,1.1832185668974597,0.6318343902338954,-0.42051466321152303,0.09149788042738796,0.24336354298385784,0.9699351452269085,0.9832032720901962,0.18251390563771203,0
1.3423397610644432,3,-1.1900813612765468,-1.6794656288036742,3,1970-01-01 00:00:00.000000001,1.23315244971151,0.1070161446367446,-1.1926468496775695,-0.0701130365040637,1.0642611330879357,0,4,-0.4207419307441269,0.9873512511080076,-0.5193504129001016,1.465867945336652,0.5982351887455776,0,1,53,1.0834726777719228,0.4245940707614197,1.1365151414154882,0.0,1.5455179042693301,1.6329931618554518,1.533982723584333,-0.6540226734030301,-1.1921288698046946,0.6603129806234728,0.5775569661125798,0.5271638703864089,-1.9144185071813014,0.09149788042738796,0.27986403674065413,0.9600396455038853,0.9832032720901962,0.18251390563771203,0
1.344964081222927,2,-1.1900813612765468,-0.7484497848083944,2,1970-01-01 00:00:00.000000001,1.233187461838415,-0.7171989595995771,-1.1926468496775695,1.4674924792337911,-1.3540017169900538,3,1,0.5345171940982071,-0.7107261095000674,-0.6744802338781124,-0.22062378133453,-0.2666831564287514,0,0,1,1.227935701474846,0.4245940707614197,1.1365151414154882,0.0,1.5455179042693301,1.6329931618554518,0.1058557781762013,1.5333503281740888,-1.1921288698046946,-1.1913732075929888,0.5775569661125798,0.5271638703864089,-1.9144185071813014,-1.5604775497547658,0.3159642670044579,0.9487710903986987,0.9832032720901962,0.18251390563771203,0
1.3475884013814108,3,1.2351315279769222,-0.4010558131683646,0,1970-01-01 00:00:00.000000001,1.2329382578763246,1.4807079850306142,1.583885498778148,0.5156414456817857,1.5293116811798566,2,5,0.3268521669585693,0.8702424676177954,0.1608341867727149,-0.4904624576019191,-1.1316015016030805,1,1,33,1.372398725177769,0.4245940707614197,1.1365151414154882,0.0,1.5455179042693301,1.6329931618554518,-0.6974656286158728,0.10486183734821526,-1.1921288698046946,-1.1913732075929888,0.5018492660144698,0.4224933505389223,-0.42051466321152303,1.7434733106095417,0.35161260297471486,0.9361455962772808,0.9832032720901962,0.18251390563771203,0
1.3502127215398945,0,1.2351315279769222,0.7522921726765343,4,1970-01-01 00:00:00.000000001,1.233189521375292,-0.2135119514551583,0.6583747159595755,-0.0701130365040637,-0.8889511688981327,2,0,-1.085270017590968,0.226144158421629,-1.4978615913767852,-1.5698171626714756,-1.564060674190245,0,1,56,1.516861748880692,0.4245940707614197,1.1365151414154882,0.0,1.5455179042693301,1.6329931618554518,1.4447247894963249,-0.6986629387413387,1.5859947684857512,-1.1913732075929888,0.3504338658182498,0.5271638703864089,1.0733891807582552,0.09149788042738796,0.3867580601532345,0.9221812202091881,0.9832032720901962,0.18251390563771203,0
1.3528370416983784,4,1.2836357857619916,-0.7137103876443914,2,1970-01-01 00:00:00.000000001,1.2496699354632983,-0.8545681436389642,0.6583747159595755,0.0031062737691674,0.2271701465224777,3,1,1.323644297228831,-1.4719332021864455,-0.0778270762703785,-0.4230027885350718,-1.1316015016030805,1,2,-31,1.661324772583615,0.4245940707614197,1.1365151414154882,0.0,1.5455179042693301,1.6329931618554518,-0.20654699113182753,1.4440697974974717,0.6599535557222693,1.5861560747317036,0.19901846562202985,0.6318343902338954,1.0733891807582552,-1.5604775497547658,0.4213503732625737,0.906897934142255,0.9832032720901962,0.18251390563771203,0
1.355461361856862,3,0.0225250833501877,-0.9499382883596116,3,1970-01-01 00:00:00.000000001,1.249418671964331,-1.49562433582277,-1.1926468496775695,1.6871504100534849,-0.7029309496613644,0,6,-1.2929350447306058,0.7531336841275833,0.638156712858902,0.8587309237350265,-1.564060674190245,2,0,70,-1.661324772583615,0.544968678451513,1.1365151414154882,0.0,-1.490320836259711,-0.6123724356957944,-0.8313525297478852,-0.2076200200199446,0.6599535557222693,0.6603129806234728,-1.39084323643828,-0.6242118479359433,-0.42051466321152303,0.09149788042738796,-0.4213503732625737,0.906897934142255,-0.9729578811050594,0.23098260020086597,0
1.3580856820153455,4,-1.2870898768466854,-0.7623455436739957,0,1970-01-01 00:00:00.000000001,1.2500674260805171,-0.1219324954289003,0.6583747159595755,-0.5094288981434508,-0.2378804015694433,1,6,0.3683851723864969,-1.3548244186962335,0.232432565685643,1.1285696000024157,0.165776016158413,1,2,-6,-1.516861748880692,0.544968678451513,1.1365151414154882,0.0,-1.490320836259711,-0.6123724356957944,-1.4561580683639428,-0.8325837347562643,-1.1921288698046946,0.6603129806234728,-1.39084323643828,-0.5195413280884568,-0.42051466321152303,0.09149788042738796,-0.3867580601532345,0.9221812202091881,-0.9729578811050594,0.23098260020086597,0
1.3607100021738296,2,-1.1900813612765468,-0.9360425294940103,1,1970-01-01 00:00:00.000000001,1.2499871041423227,-1.678783247875286,-0.267136066858997,0.9549573073211728,1.0642611330879357,1,1,0.6175832049540623,-0.0666278003039011,-0.543216539204411,0.2515939021334009,-0.2666831564287514,0,1,10,-1.372398725177769,0.544968678451513,1.1365151414154882,0.0,-1.490320836259711,-0.6123724356957944,-0.1172890570438193,-1.457547449492584,0.6599535557222693,-1.1913732075929888,-1.8450894370269397,-0.1008592486985105,-0.42051466321152303,0.09149788042738796,-0.35161260297471486,0.9361455962772808,-0.9729578811050594,0.23098260020086597,0
1.363334322332313,4,1.2351315279769222,-0.4496909691979688,0,1970-01-01 00:00:00.000000001,1.250221891346276,-1.358255151783383,-0.267136066858997,1.101395927867635,-0.4239006208062117,1,3,-0.3376759198882718,-1.0034980682255976,1.1035461757929343,1.6682469525371937,1.0306943613327422,2,0,17,-1.227935701474846,0.544968678451513,1.1365151414154882,0.0,-1.490320836259711,-0.6123724356957944,-1.6346739365399594,-0.1183394893433275,-0.2660876570412127,0.6603129806234728,-1.6936740368307197,-0.20552976854599705,-0.42051466321152303,0.09149788042738796,-0.3159642670044579,0.9487710903986987,-0.9729578811050594,0.23098260020086597,0
1.365958642490797,3,-0.6080302678557142,0.3840545627381026,4,1970-01-01 00:00:00.000000001,1.2500777237649012,-0.9919373276783512,0.6583747159595755,-0.3629902775969885,-0.3308905111878275,1,6,-0.0054118764648512,-1.1206068517158096,-1.4859285282246304,-0.8277608029361555,1.0306943613327422,1,1,7,-1.0834726777719228,0.544968678451513,1.1365151414154882,0.0,-1.490320836259711,-0.6123724356957944,-1.3222711672319305,-1.6361085108458182,-0.2660876570412127,-0.2655301134847581,-2.2236279375174894,-1.2522349670208626,-0.42051466321152303,0.09149788042738796,-0.27986403674065413,0.9600396455038853,-0.9729578811050594,0.23098260020086597,0
1.368582962649281,0,1.2351315279769222,0.8009273287061384,0,1970-01-01 00:00:00.000000001,1.2508006212086515,0.2901750566892605,-0.267136066858997,-1.388060621422225,-0.4239006208062117,3,1,-1.085270017590968,-0.7692805012451734,-0.5551496023565656,-1.0301398101366974,-0.2666831564287514,0,0,39,-0.9390096540689998,0.544968678451513,1.1365151414154882,0.0,-1.490320836259711,-0.6123724356957944,-0.9652394308798976,-1.3236266534776584,0.6599535557222693,-0.2655301134847581,-1.0880124360458399,-0.1008592486985105,-0.42051466321152303,0.09149788042738796,-0.24336354298385784,0.9699351452269085,-0.9729578811050594,0.23098260020086597,0
1.3712072828077646,2,1.2351315279769222,0.9537806762277514,1,1970-01-01 00:00:00.000000001,1.2510271702650977,-1.5414140638358989,0.6583747159595755,-0.8023061392363756,1.0642611330879357,2,4,-0.0884778873207064,-0.5350629342647494,1.521203386118348,0.1841342330665536,1.4631535339199069,0,0,19,-0.7945466303660768,0.544968678451513,1.1365151414154882,0.0,-1.490320836259711,-0.6123724356957944,0.2843716463522178,-0.9665045307711899,-0.2660876570412127,0.6603129806234728,-1.2394278362420599,0.0038112711489760626,-0.42051466321152303,0.09149788042738796,-0.2065149889942563,0.9784434369551989,-0.9729578811050594,0.23098260020086597,0
1.3738316029662485,3,0.0225250833501877,1.064946747152561,3,1970-01-01 00:00:00.000000001,1.2509983367488224,-1.0377270556914802,-0.267136066858997,0.0763255840423986,1.3432914619430882,2,1,-1.5421330772981712,3.797962054873097,-0.5670826655087203,-0.8277608029361555,-0.2666831564287514,2,0,128,-0.6500836066631537,0.544968678451513,1.1365151414154882,0.0,-1.490320836259711,-0.6123724356957944,-1.500787035407947,0.28342289870144943,0.6599535557222693,-0.2655301134847581,-1.2394278362420599,0.10848179099646262,-0.42051466321152303,0.09149788042738796,-0.16937107583020397,0.9855523520707153,-0.9729578811050594,0.23098260020086597,0
1.3764559231247322,2,-0.6080302678557142,0.807875208138939,2,1970-01-01 00:00:00.000000001,1.2514431967142072,0.0154366886104866,-1.1926468496775695,0.1495448943156297,-0.9819612785165168,1,4,-0.2546099090324166,-1.1206068517158096,-0.3761536550742455,-0.1531641122676827,-0.699142329015916,1,0,13,-0.5056205829602307,0.544968678451513,1.1365151414154882,0.0,-1.490320836259711,-0.6123724356957944,-1.0098683979239016,-1.5021877148308926,-0.2660876570412127,0.6603129806234728,0.04760306542580989,0.0038112711489760626,-0.42051466321152303,0.09149788042738796,-0.1319849269748023,0.9912517233535869,-0.9729578811050594,0.23098260020086597,0
1.379080243283216,1,0.5075676612008815,-0.6720231110475878,4,1970-01-01 00:00:00.000000001,1.2516985792869282,1.5264977130437432,0.6583747159595755,-0.8023061392363756,0.0411499272857092,2,3,-1.6251990881540264,0.1090353749314169,-1.008606002138443,-0.0182447741339881,-1.564060674190245,1,0,67,-0.36115755925730764,0.544968678451513,1.1365151414154882,0.0,-1.490320836259711,-0.6123724356957944,0.01659784408819306,-1.0111447961094986,-1.1921288698046946,-0.2655301134847581,0.04760306542580989,0.0038112711489760626,-0.42051466321152303,0.09149788042738796,-0.09441001235832401,0.9955333995233415,-0.9729578811050594,0.23098260020086597,0
1.3817045634416998,4,0.0225250833501877,1.4401322365237932,1,1970-01-01 00:00:00.000000001,1.2519374855646348,1.3891285290043562,1.583885498778148,-0.8755254495096068,1.2502813523247038,3,0,-0.2130769036044891,-0.7692805012451734,-1.6052591597461772,1.6007872834703465,1.0306943613327422,0,0,18,-0.21669453555438456,0.544968678451513,1.1365151414154882,0.0,-1.490320836259711,-0.6123724356957944,1.489353756540329,0.015581306671598155,0.6599535557222693,-1.1913732075929888,0.04760306542580989,0.0038112711489760626,1.0733891807582552,0.09149788042738796,-0.056700071885147196,0.9983912568969238,-0.9729578811050594,0.23098260020086597,0
1.3843288836001837,1,0.0225250833501877,-1.1722704302092308,4,1970-01-01 00:00:00.000000001,1.251523518652402,-0.8087784156258352,-0.267136066858997,0.0031062737691674,0.7852308042327829,1,0,-1.2514020393026783,0.0504809831863109,-0.8534761811604326,-1.1650591482703918,0.5982351887455776,2,2,57,-0.07223151185146152,0.544968678451513,1.1365151414154882,0.0,-1.490320836259711,-0.6123724356957944,1.3554668554083167,1.4887100628357803,1.5859947684857512,0.6603129806234728,1.1832185668974597,0.945845949776355,1.0733891807582552,0.09149788042738796,-0.01890903857456981,0.9998212081468293,-0.9729578811050594,0.23098260020086597,0
1.3869532037586672,3,0.5075676612008815,1.5304546691502008,0,1970-01-01 00:00:00.000000001,1.2518921757533457,-1.6329935198621568,0.6583747159595755,0.0031062737691674,-0.7029309496613644,3,6,0.7006492158099173,0.5189161171471592,-1.4620624019203212,-0.2880834504013773,-0.699142329015916,1,2,18,0.07223151185146152,0.544968678451513,1.1365151414154882,0.0,-1.490320836259711,-0.6123724356957944,-0.7867235627038811,1.3547892668208548,-0.2660876570412127,1.5861560747317036,-0.55805853535907,1.469198549013788,1.0733891807582552,0.09149788042738796,0.01890903857456981,0.9998212081468293,-0.9729578811050594,0.23098260020086597,0
1.389577523917151,0,0.5075676612008815,1.6346728606422098,4,1970-01-01 00:00:00.000000001,1.252293785444318,-1.175096239730867,-0.267136066858997,0.0031062737691674,1.5293116811798566,3,2,-1.0437370121630405,0.1090353749314169,0.0773027447076322,-1.2999784864040864,-1.1316015016030805,2,1,53,0.21669453555438456,0.544968678451513,1.1365151414154882,0.0,-1.490320836259711,-0.6123724356957944,-1.5900449694959553,-0.7879434694179558,0.6599535557222693,-0.2655301134847581,-1.9965048372231597,-1.1475644471733761,-0.42051466321152303,0.09149788042738796,0.056700071885147196,0.9983912568969238,-0.9729578811050594,0.23098260020086597,0
1.3922018440756347,2,-1.1900813612765468,-0.9360425294940103,1,1970-01-01 00:00:00.000000001,1.252096069904147,0.0154366886104866,-0.267136066858997,-0.2897709673237573,-1.3540017169900538,0,2,0.4099181778144244,0.5774705088922653,-0.4358189708350189,-1.2325188173372392,-1.1316015016030805,0,0,26,0.36115755925730764,0.544968678451513,1.1365151414154882,0.0,-1.490320836259711,-0.6123724356957944,-1.143755299055914,-1.5914682455075098,-0.2660876570412127,0.6603129806234728,0.04760306542580989,0.0038112711489760626,-0.42051466321152303,0.09149788042738796,0.09441001235832401,0.9955333995233415,-0.9729578811050594,0.23098260020086597,0
1.3948261642341184,4,0.0225250833501877,-0.8387722174348021,2,1970-01-01 00:00:00.000000001,1.2528642771591867,1.3433388009912273,-1.1926468496775695,-1.388060621422225,-0.9819612785165168,3,1,1.5728423297963965,-0.5350629342647494,0.0176374289468588,-0.692841464802461,1.4631535339199069,1,0,-21,0.5056205829602307,0.544968678451513,1.1365151414154882,0.0,-1.490320836259711,-0.6123724356957944,0.01659784408819306,-1.1450655921244242,-0.2660876570412127,-0.2655301134847581,0.04760306542580989,0.0038112711489760626,-0.42051466321152303,0.09149788042738796,0.1319849269748023,0.9912517233535869,-0.9729578811050594,0.23098260020086597,0
1.3974504843926023,2,0.5075676612008815,-1.5682995578788648,2,1970-01-01 00:00:00.000000001,1.2525017986688731,-1.129306511717738,-0.267136066858997,1.3210538586873286,-0.4239006208062117,0,3,0.9083142429495552,0.0504809831863109,-1.4859285282246304,0.2515939021334009,0.165776016158413,0,2,5,0.6500836066631537,0.544968678451513,1.1365151414154882,0.0,-1.490320836259711,-0.6123724356957944,1.3108378883643126,0.015581306671598155,-1.1921288698046946,-0.2655301134847581,0.04760306542580989,0.0038112711489760626,-0.42051466321152303,0.09149788042738796,0.16937107583020397,0.9855523520707153,-0.9729578811050594,0.23098260020086597,0
1.400074804551086,3,0.0225250833501877,-0.3246291394075581,4,1970-01-01 00:00:00.000000001,1.252891051138585,0.7480723368205504,-0.267136066858997,-1.388060621422225,1.4363015715614724,1,4,-0.0884778873207064,-1.4133788104413398,1.0200147337278518,0.3190535712002482,-1.564060674190245,1,1,4,0.7945466303660768,0.544968678451513,1.1365151414154882,0.0,-1.490320836259711,-0.6123724356957944,-1.09912633201191,1.310149001482546,-0.2660876570412127,-1.1913732075929888,0.5775569661125798,0.8411754299288685,-0.42051466321152303,0.09149788042738796,0.2065149889942563,0.9784434369551989,-0.9729578811050594,0.23098260020086597,0
1.4026991247095697,2,0.5075676612008815,0.58554306628932,3,1970-01-01 00:00:00.000000001,1.253302958513941,-0.3050914074814163,1.583885498778148,0.5156414456817857,0.2271701465224777,3,0,1.4482433135126136,0.6360249006373713,1.2467429336187903,-0.4904624576019191,0.5982351887455776,0,1,2,0.9390096540689998,0.544968678451513,1.1365151414154882,0.0,-1.490320836259711,-0.6123724356957944,0.730661316792259,-1.1004253267861157,-0.2660876570412127,-0.2655301134847581,-0.33093543506474005,0.10848179099646262,1.0733891807582552,0.09149788042738796,0.24336354298385784,0.9699351452269085,-0.9729578811050594,0.23098260020086597,0
1.4053234448680536,4,-0.6080302678557142,0.5230121513941145,4,1970-01-01 00:00:00.000000001,1.253568638771046,-1.724572975888415,-0.267136066858997,1.6871504100534849,0.7852308042327829,2,3,-1.2514020393026783,0.8702424676177954,0.304030944598571,1.5333276144034993,-0.699142329015916,1,2,71,1.0834726777719228,0.544968678451513,1.1365151414154882,0.0,-1.490320836259711,-0.6123724356957944,-0.29580492521983576,0.7298255520845349,1.5859947684857512,-0.2655301134847581,-0.7094739355552899,0.736504910081382,1.0733891807582552,0.09149788042738796,0.27986403674065413,0.9600396455038853,-0.9729578811050594,0.23098260020086597,0
1.4079477650265373,3,-1.1900813612765468,0.377106683305302,0,1970-01-01 00:00:00.000000001,1.253558341086662,-0.6256195035733192,-1.1926468496775695,0.0031062737691674,-0.5169107304245959,1,0,-0.8776049904513302,-0.3593997590294313,0.1131019341640962,1.465867945336652,1.0306943613327422,2,2,41,1.227935701474846,0.544968678451513,1.1365151414154882,0.0,-1.490320836259711,-0.6123724356957944,-1.6793029035839635,-0.2969005506965617,-0.2660876570412127,1.5861560747317036,-1.4665509365363898,-0.41487080824097017,-0.42051466321152303,1.7434733106095417,0.3159642670044579,0.9487710903986987,-0.9729578811050594,0.23098260020086597,0
1.410572085185021,2,0.0225250833501877,1.6416207400750105,2,1970-01-01 00:00:00.000000001,1.2698142656550993,0.8854415208599373,0.6583747159595755,0.8817379970479415,0.7852308042327829,3,0,-1.2929350447306058,0.7531336841275833,1.6405340176398948,0.2515939021334009,-0.2666831564287514,1,0,70,1.372398725177769,0.544968678451513,1.1365151414154882,0.0,-1.490320836259711,-0.6123724356957944,-0.6082076945278646,-1.6807487761841267,-1.1921288698046946,-0.2655301134847581,-0.7851816356533999,0.8411754299288685,-0.42051466321152303,0.09149788042738796,0.35161260297471486,0.9361455962772808,-0.9729578811050594,0.23098260020086597,0
1.4131964053435049,0,1.2351315279769222,1.7805783287310222,2,1970-01-01 00:00:00.000000001,1.253945534019497,-0.3508811354945452,0.6583747159595755,-0.948744759782838,0.4131903657592461,3,6,-1.2514020393026783,0.167589766676523,-1.2353342020293825,-0.3555431194682246,-0.2666831564287514,1,2,59,1.516861748880692,0.544968678451513,1.1365151414154882,0.0,-1.490320836259711,-0.6123724356957944,0.8645482179242713,-0.6093824080647215,0.6599535557222693,-1.1913732075929888,-0.028104634672300097,-0.20552976854599705,-0.42051466321152303,0.09149788042738796,0.3867580601532345,0.9221812202091881,-0.9729578811050594,0.23098260020086597,0
1.4158207255019886,3,-1.1900813612765468,0.0644521088292752,2,1970-01-01 00:00:00.000000001,1.269843099171374,-1.266675695757125,0.6583747159595755,0.0763255840423986,1.0642611330879357,2,0,-1.2098690338747506,0.4018073336569471,-1.12793663365999,0.7912712546681792,-0.2666831564287514,0,0,62,1.661324772583615,0.544968678451513,1.1365151414154882,0.0,-1.490320836259711,-0.6123724356957944,-0.3404338922638399,0.8637463480994606,0.6599535557222693,0.6603129806234728,-0.40664313516285,0.4224933505389223,1.0733891807582552,-1.5604775497547658,0.4213503732625737,0.906897934142255,-0.9729578811050594,0.23098260020086597,0
1.4184450456604722,3,0.0225250833501877,1.6972037755374152,3,1970-01-01 00:00:00.000000001,1.2703847573699676,1.0228107048993242,-1.1926468496775695,1.540711789507022,0.8782409138511671,0,2,-1.3344680501585335,1.4557863850688555,-1.3427317703987744,-0.2880834504013773,0.165776016158413,1,1,83,-1.661324772583615,0.6653432861416061,1.1365151414154882,0.0,-0.9843477128382041,-0.6123724356957944,-1.2330132331439223,-0.34154081603487024,0.6599535557222693,0.6603129806234728,-0.33093543506474005,0.5271638703864089,-0.42051466321152303,0.09149788042738796,-0.4213503732625737,0.906897934142255,-0.7729949150001408,0.6344122172404351,0
1.4210693658189562,0,0.0225250833501877,-0.859615855733204,3,1970-01-01 00:00:00.000000001,1.2702035181248108,-1.129306511717738,0.6583747159595755,0.662080066228248,-0.7029309496613644,3,5,-0.3376759198882718,4.207842797088839,1.4734711335097297,-0.692841464802461,1.4631535339199069,1,0,106,-1.516861748880692,0.6653432861416061,1.1365151414154882,0.0,-0.9843477128382041,-0.6123724356957944,0.9984351190562837,-1.2343461228010413,-1.1921288698046946,0.6603129806234728,-0.7094739355552899,0.8411754299288685,-0.42051466321152303,0.09149788042738796,-0.3867580601532345,0.9221812202091881,-0.7729949150001408,0.6344122172404351,0
1.4236936859774398,1,0.6045761767710203,-0.5608570401227784,1,1970-01-01 00:00:00.000000001,1.2706051278157833,0.8854415208599373,0.6583747159595755,-0.4362095878702197,0.9712510234695512,3,6,-1.085270017590968,1.2215688180884317,-0.8296100548561233,-1.5023574936046282,-0.2666831564287514,1,2,73,-1.372398725177769,0.6653432861416061,1.1365151414154882,0.0,-0.9843477128382041,-0.6123724356957944,-1.09912633201191,0.9976671441143863,0.6599535557222693,-1.1913732075929888,0.4261415659163598,0.6318343902338954,-0.42051466321152303,0.09149788042738796,-0.35161260297471486,0.9361455962772808,-0.7729949150001408,0.6344122172404351,0
1.4263180061359235,4,0.0225250833501877,-0.3107333805419569,4,1970-01-01 00:00:00.000000001,1.2704609602344086,1.3433388009912273,1.583885498778148,0.9549573073211728,-0.1448702919510591,2,1,0.0361211289630763,-0.8863892847353856,-1.1637358231164543,-1.0975994792035446,-0.699142329015916,0,0,10,-1.227935701474846,0.6653432861416061,1.1365151414154882,0.0,-0.9843477128382041,-0.6123724356957944,0.8645482179242713,-1.1004253267861157,0.6599535557222693,0.6603129806234728,0.6532646662106898,0.945845949776355,1.0733891807582552,-1.5604775497547658,-0.3159642670044579,0.9487710903986987,-0.7729949150001408,0.6344122172404351,0
1.4289423262944074,1,1.2351315279769222,1.7736304492982218,4,1970-01-01 00:00:00.000000001,1.271078821297443,0.1528058726498735,-0.267136066858997,1.1746152381408663,-0.3308905111878275,1,5,0.6175832049540623,-0.8863892847353856,-0.4835512234436376,-0.6253817957356137,-0.2666831564287514,1,0,-4,-1.0834726777719228,0.6653432861416061,1.1365151414154882,0.0,-0.9843477128382041,-0.6123724356957944,1.3108378883643126,0.8637463480994606,1.5859947684857512,0.6603129806234728,1.3346339670936795,-0.7288823677834299,1.0733891807582552,0.09149788042738796,-0.27986403674065413,0.9600396455038853,-0.7729949150001408,0.6344122172404351,0
1.4315666464528911,2,1.2351315279769222,1.6902558961046146,0,1970-01-01 00:00:00.000000001,1.2708481531672435,0.1528058726498735,-1.1926468496775695,1.6139310997802534,1.2502813523247038,3,6,-0.9606710013071852,-1.4133788104413398,-0.8176769917039686,-0.5579221266687664,0.165776016158413,2,2,25,-0.9390096540689998,0.6653432861416061,1.1365151414154882,0.0,-0.9843477128382041,-0.6123724356957944,0.1504847452202054,1.310149001482546,-0.2660876570412127,1.5861560747317036,0.9560954666031297,-0.5195413280884568,-0.42051466321152303,0.09149788042738796,-0.24336354298385784,0.9699351452269085,-0.7729949150001408,0.6344122172404351,0
1.4341909666113748,0,1.2351315279769222,-1.373758933760448,2,1970-01-01 00:00:00.000000001,1.2714866095990458,0.6107031527811635,0.6583747159595755,-1.6077185522419186,-1.6330320458452063,0,3,-0.9606710013071852,0.9287968593629016,-0.0181617605096052,-0.2880834504013773,-1.564060674190245,2,0,65,-0.7945466303660768,0.6653432861416061,1.1365151414154882,0.0,-0.9843477128382041,-0.6123724356957944,0.1504847452202054,0.1495021026865238,-1.1921288698046946,-0.2655301134847581,0.5018492660144698,-1.4615760067158357,-0.42051466321152303,0.09149788042738796,-0.2065149889942563,0.9784434369551989,-0.7729949150001408,0.6344122172404351,0
1.4368152867698587,1,-0.6080302678557142,0.4952206336629122,3,1970-01-01 00:00:00.000000001,1.2719067551219092,-0.9003578716520931,1.583885498778148,0.8085186867747104,-1.1679814977532854,0,6,-0.5453409470279097,-1.4133788104413398,1.5808687018791214,-1.5698171626714756,-0.699142329015916,0,1,15,-0.6500836066631537,0.6653432861416061,1.1365151414154882,0.0,-0.9843477128382041,-0.6123724356957944,0.5967744156602466,0.1495021026865238,0.6599535557222693,-1.1913732075929888,-0.028104634672300097,-0.3102002883934836,1.0733891807582552,0.09149788042738796,-0.16937107583020397,0.9855523520707153,-0.7729949150001408,0.6344122172404351,0
1.4394396069283424,3,-1.1900813612765468,-0.4427430897651682,0,1970-01-01 00:00:00.000000001,1.2716740274548328,-0.1219324954289003,-1.1926468496775695,0.8817379970479415,1.1572712427063196,2,4,1.614375335224324,-0.2422909755392192,-1.104070507355681,-0.2880834504013773,0.165776016158413,1,0,-17,-0.5056205829602307,0.6653432861416061,1.1365151414154882,0.0,-0.9843477128382041,-0.6123724356957944,-0.8759814967918893,0.5959047560696094,1.5859947684857512,0.6603129806234728,-0.17952003486852006,-0.41487080824097017,-0.42051466321152303,1.7434733106095417,-0.1319849269748023,0.9912517233535869,-0.7729949150001408,0.6344122172404351,0
1.442063927086826,2,0.0225250833501877,0.9676764350933528,0,1970-01-01 00:00:00.000000001,1.2720838752933123,-0.9919373276783512,-1.1926468496775695,-1.461279931695456,2.180382448508546,0,5,0.0776541343910038,-0.6521717177549614,-0.20909077094408,0.7238115856013319,0.5982351887455776,0,2,13,-0.36115755925730764,0.6653432861416061,1.1365151414154882,0.0,-0.9843477128382041,-0.6123724356957944,-0.1172890570438193,-0.8772240000945728,-1.1921288698046946,1.5861560747317036,-1.0880124360458399,-1.0428939273258895,-0.42051466321152303,1.7434733106095417,-0.09441001235832401,0.9955333995233415,-0.7729949150001408,0.6344122172404351,0
1.44468824724531,2,1.2351315279769222,1.217800094674174,3,1970-01-01 00:00:00.000000001,1.272267174075346,-1.5414140638358989,0.6583747159595755,0.0031062737691674,-0.6099208400429801,3,5,0.0361211289630763,0.6945792923824773,-0.6506141075738031,-1.6372768317383228,-1.1316015016030805,1,2,37,-0.21669453555438456,0.6653432861416061,1.1365151414154882,0.0,-0.9843477128382041,-0.6123724356957944,-0.9652394308798976,-0.1183394893433275,-1.1921288698046946,-1.1913732075929888,-1.4665509365363898,-0.41487080824097017,-0.42051466321152303,0.09149788042738796,-0.056700071885147196,0.9983912568969238,-0.7729949150001408,0.6344122172404351,0
1.4473125674037937,1,-0.6080302678557142,-1.3807068131932485,4,1970-01-01 00:00:00.000000001,1.272720272188238,2.533871729332581,0.6583747159595755,0.5888607559550169,-0.7029309496613644,0,2,-0.71147296873962,-0.6521717177549614,1.1393453652493986,-1.5698171626714756,0.5982351887455776,0,2,32,-0.07223151185146152,0.6653432861416061,1.1365151414154882,0.0,-0.9843477128382041,-0.6123724356957944,-1.500787035407947,-0.9665045307711899,0.6599535557222693,-1.1913732075929888,0.04760306542580989,2.9345858268785996,-0.42051466321152303,0.09149788042738796,-0.01890903857456981,0.9998212081468293,-0.7729949150001408,0.6344122172404351,0
1.4499368875622771,1,1.2351315279769222,0.1964618180524865,2,1970-01-01 00:00:00.000000001,1.2729406426340537,-0.1219324954289003,0.6583747159595755,0.5888607559550169,0.5992105849960145,3,5,-1.4175340610143885,1.3972319933237496,-0.244889960400544,-1.3674381554709338,-1.1316015016030805,1,0,84,0.07223151185146152,0.6653432861416061,1.1365151414154882,0.0,-0.9843477128382041,-0.6123724356957944,2.4711910315084196,-1.5021877148308926,0.6599535557222693,0.6603129806234728,0.5018492660144698,2.62057426733614,1.0733891807582552,-1.5604775497547658,0.01890903857456981,0.9998212081468293,-0.7729949150001408,0.6344122172404351,0
1.4525612077207612,0,0.5560719189859509,-1.1444789124780284,4,1970-01-01 00:00:00.000000001,1.2726749623769489,-0.0761427674157713,0.6583747159595755,0.662080066228248,1.9013521196533931,2,0,0.3268521669585693,0.284698550166735,0.8410187864455315,1.1285696000024157,-0.699142329015916,1,1,23,0.21669453555438456,0.6653432861416061,1.1365151414154882,0.0,-0.9843477128382041,-0.6123724356957944,-0.1172890570438193,2.4707959002785684,0.6599535557222693,0.6603129806234728,1.3346339670936795,1.3645280291663013,1.0733891807582552,-1.5604775497547658,0.056700071885147196,0.9983912568969238,-0.7729949150001408,0.6344122172404351,0
1.455185527879245,4,0.0225250833501877,0.5785951868565193,0,1970-01-01 00:00:00.000000001,1.2728294276427077,-1.449834607809641,0.6583747159595755,0.0031062737691674,-0.8889511688981327,0,2,1.115979270089193,-0.8863892847353856,-1.4620624019203212,-1.1650591482703918,0.165776016158413,0,2,-16,0.36115755925730764,0.6653432861416061,1.1365151414154882,0.0,-0.9843477128382041,-0.6123724356957944,-0.07266008999981517,-0.1183394893433275,0.6599535557222693,0.6603129806234728,-0.8608893357515099,-0.3102002883934836,1.0733891807582552,-1.5604775497547658,0.09441001235832401,0.9955333995233415,-0.7729949150001408,0.6344122172404351,0
1.4578098480377286,1,1.2351315279769222,-0.4496909691979688,2,1970-01-01 00:00:00.000000001,1.2730477385516463,0.4275442407286475,-0.267136066858997,-0.1433323467772949,0.1341600369040935,3,3,-1.1268030230188957,0.226144158421629,-1.3427317703987744,-0.6253817957356137,1.0306943613327422,0,2,57,0.5056205829602307,0.6653432861416061,1.1365151414154882,0.0,-0.9843477128382041,-0.6123724356957944,-1.4115291013199387,-0.07369922400501895,0.6599535557222693,0.6603129806234728,-0.55805853535907,0.10848179099646262,1.0733891807582552,0.09149788042738796,0.1319849269748023,0.9912517233535869,-0.7729949150001408,0.6344122172404351,0
1.4604341681962123,1,0.0225250833501877,0.7939794492733377,1,1970-01-01 00:00:00.000000001,1.2737026712784627,1.618077169070001,0.6583747159595755,-1.0951833803293003,-1.0749713881349012,1,0,0.2437861561027141,-1.0034980682255976,-0.6267479812694937,-0.8952204720030028,-0.699142329015916,0,1,3,0.6500836066631537,0.6653432861416061,1.1365151414154882,0.0,-0.9843477128382041,-0.6123724356957944,0.41825854748423014,-1.4129071841542755,-0.2660876570412127,0.6603129806234728,0.3504338658182498,1.3645280291663013,1.0733891807582552,0.09149788042738796,0.16937107583020397,0.9855523520707153,-0.7729949150001408,0.6344122172404351,0
1.4630584883546962,3,-1.1900813612765468,1.7736304492982218,0,1970-01-01 00:00:00.000000001,1.27365324239342,-1.312465423770254,-0.267136066858997,-0.2897709673237573,0.1341600369040935,3,2,-1.2929350447306058,-0.6521717177549614,1.7001993334006682,-0.4904624576019191,1.4631535339199069,1,2,46,0.7945466303660768,0.6653432861416061,1.1365151414154882,0.0,-0.9843477128382041,-0.6123724356957944,1.5786116906283372,0.4173436947163751,0.6599535557222693,-0.2655301134847581,0.4261415659163598,1.2598575093188147,-0.42051466321152303,0.09149788042738796,0.2065149889942563,0.9784434369551989,-0.7729949150001408,0.6344122172404351,0
1.46568280851318,2,-0.6080302678557142,1.2039043358085728,4,1970-01-01 00:00:00.000000001,1.2739065654292645,-0.6714092315864482,-0.267136066858997,0.7352993765014793,1.1572712427063196,3,1,-1.0022040067351128,1.2215688180884317,-0.8057439285518139,0.049214894932859,1.4631535339199069,0,0,71,0.9390096540689998,0.6653432861416061,1.1365151414154882,0.0,-0.9843477128382041,-0.6123724356957944,-1.2776422001879264,1.5779905935123975,-0.2660876570412127,0.6603129806234728,-0.17952003486852006,1.3645280291663013,1.0733891807582552,0.09149788042738796,0.24336354298385784,0.9699351452269085,-0.7729949150001408,0.6344122172404351,0
1.4683071286716638,4,1.2351315279769222,1.4470801159565938,4,1970-01-01 00:00:00.000000001,1.2743843779846775,-1.129306511717738,-0.267136066858997,-1.0951833803293003,0.7852308042327829,2,3,1.6559083406522517,-1.1791612434609158,0.3159640077507257,1.398408276269805,0.5982351887455776,1,2,-34,1.0834726777719228,0.6653432861416061,1.1365151414154882,0.0,-0.9843477128382041,-0.6123724356957944,-0.6528366615718687,-1.2789863881393497,-0.2660876570412127,-0.2655301134847581,-1.6936740368307197,-1.3569054868683492,-0.42051466321152303,-1.5604775497547658,0.27986403674065413,0.9600396455038853,-0.7729949150001408,0.6344122172404351,0
1.4709314488301477,3,0.0225250833501877,-1.665569869938073,4,1970-01-01 00:00:00.000000001,1.2743473063208954,0.1070161446367446,-1.1926468496775695,-0.948744759782838,0.5992105849960145,3,2,0.4099181778144244,-0.8863892847353856,-1.354664833550929,1.5333276144034993,-1.564060674190245,2,2,1,1.227935701474846,0.6653432861416061,1.1365151414154882,0.0,-0.9843477128382041,-0.6123724356957944,-1.09912633201191,-0.6540226734030301,-0.2660876570412127,-0.2655301134847581,-0.93659703584962,-0.6242118479359433,-0.42051466321152303,0.09149788042738796,0.3159642670044579,0.9487710903986987,-0.7729949150001408,0.6344122172404351,0
1.4735557689886314,0,-1.1900813612765468,-0.1995673096171474,3,1970-01-01 00:00:00.000000001,1.2903849199803936,0.3359647847023895,1.583885498778148,-0.582648208416682,-0.9819612785165168,2,1,0.8252482320937001,0.5774705088922653,0.9961486074235424,-1.2999784864040864,-1.564060674190245,2,0,16,1.372398725177769,0.6653432861416061,1.1365151414154882,0.0,-0.9843477128382041,-0.6123724356957944,0.1058557781762013,-1.1004253267861157,-1.1921288698046946,-0.2655301134847581,-0.33093543506474005,-0.3102002883934836,-0.42051466321152303,0.09149788042738796,0.35161260297471486,0.9361455962772808,-0.7729949150001408,0.6344122172404351,0
1.476180089147115,0,0.5075676612008815,0.6897612577813288,0,1970-01-01 00:00:00.000000001,1.2903993367385311,-0.8545681436389642,-0.267136066858997,-0.5094288981434508,0.1341600369040935,3,2,-1.0437370121630405,0.9287968593629016,0.4352946392722725,-1.2325188173372392,-0.2666831564287514,1,1,67,1.516861748880692,0.6653432861416061,1.1365151414154882,0.0,-0.9843477128382041,-0.6123724356957944,0.3290006133962219,0.10486183734821526,1.5859947684857512,-1.1913732075929888,-0.17952003486852006,-0.6242118479359433,-0.42051466321152303,0.09149788042738796,0.3867580601532345,0.9221812202091881,-0.7729949150001408,0.6344122172404351,0
1.4788044093055988,1,0.5075676612008815,-1.1722704302092308,2,1970-01-01 00:00:00.000000001,1.2904137534966686,-0.8545681436389642,-0.267136066858997,-0.1433323467772949,-1.0749713881349012,3,1,1.115979270089193,-0.9449436764804916,0.0534366184033228,-0.2880834504013773,-1.564060674190245,1,1,-17,1.661324772583615,0.6653432861416061,1.1365151414154882,0.0,-0.9843477128382041,-0.6123724356957944,-0.8313525297478852,0.328063164039758,-0.2660876570412127,1.5861560747317036,-0.7851816356533999,-0.5195413280884568,1.0733891807582552,0.09149788042738796,0.4213503732625737,0.906897934142255,-0.7729949150001408,0.6344122172404351,0
1.4814287294640829,1,-1.1900813612765468,-1.3320716571636444,4,1970-01-01 00:00:00.000000001,1.2910254359490727,-1.5414140638358989,-0.267136066858997,-0.4362095878702197,-0.0518601823326749,3,0,-1.5006000718702437,0.5774705088922653,-0.244889960400544,-0.96268014106985,0.165776016158413,0,2,72,-1.661324772583615,0.7857178938316993,1.1365151414154882,0.0,-0.4783745894166973,-0.6123724356957944,-0.8313525297478852,-0.8325837347562643,-0.2660876570412127,-0.2655301134847581,-1.7693817369288298,-1.1475644471733761,-0.42051466321152303,-1.5604775497547658,-0.4213503732625737,0.906897934142255,-0.4163144622372215,0.9092206929740068,0
1.4840530496225663,0,0.0225250833501877,-1.220905586238835,4,1970-01-01 00:00:00.000000001,1.2907576961550913,-1.449834607809641,-1.1926468496775695,0.0031062737691674,1.3432914619430882,2,3,1.0744462646612656,1.3972319933237496,1.1154792389450892,1.398408276269805,0.5982351887455776,1,0,24,-1.516861748880692,0.7857178938316993,1.1365151414154882,0.0,-0.4783745894166973,-0.6123724356957944,-1.500787035407947,-0.8325837347562643,-0.2660876570412127,-0.2655301134847581,-2.0722125373212696,-1.2522349670208626,-0.42051466321152303,0.09149788042738796,-0.3867580601532345,0.9221812202091881,-0.4163144622372215,0.9092206929740068,0
1.48667736978105,1,1.2351315279769222,0.6202824634533229,3,1970-01-01 00:00:00.000000001,1.2909554116952622,0.1528058726498735,-1.1926468496775695,0.9549573073211728,-1.447011826608438,3,3,0.5345171940982071,-0.9449436764804916,-1.6052591597461772,-1.1650591482703918,-0.2666831564287514,1,0,-3,-1.372398725177769,0.7857178938316993,1.1365151414154882,0.0,-0.4783745894166973,-0.6123724356957944,-1.4115291013199387,-1.5021877148308926,-1.1921288698046946,-0.2655301134847581,-1.5422586366344997,0.10848179099646262,-1.9144185071813014,0.09149788042738796,-0.35161260297471486,0.9361455962772808,-0.4163144622372215,0.9092206929740068,0
1.489301689939534,4,-0.462517494500506,-1.0402607209860195,2,1970-01-01 00:00:00.000000001,1.2912272705629977,1.572287441056872,0.6583747159595755,0.2227642045888609,1.4363015715614724,2,2,-0.5868739524558372,0.9873512511080076,-1.4978615913767852,-0.22062378133453,-0.2666831564287514,2,1,57,-1.227935701474846,0.7857178938316993,1.1365151414154882,0.0,-0.4783745894166973,-0.6123724356957944,0.1504847452202054,-1.4129071841542755,-1.1921288698046946,-1.1913732075929888,0.19901846562202985,1.3645280291663013,-0.42051466321152303,1.7434733106095417,-0.3159642670044579,0.9487710903986987,-0.4163144622372215,0.9092206929740068,0
1.4919260100980176,1,1.2351315279769222,-0.46358672806357,0,1970-01-01 00:00:00.000000001,1.2918760246791836,-1.678783247875286,1.583885498778148,0.662080066228248,0.6922206946143987,1,4,-0.5453409470279097,-0.7692805012451734,1.4018727545968013,0.52143257840079,0.5982351887455776,0,1,26,-1.0834726777719228,0.7857178938316993,1.1365151414154882,0.0,-0.4783745894166973,-0.6123724356957944,1.533982723584333,0.1495021026865238,0.6599535557222693,-1.1913732075929888,0.04760306542580989,1.678539588708761,1.0733891807582552,1.7434733106095417,-0.27986403674065413,0.9600396455038853,-0.4163144622372215,0.9092206929740068,0
1.4945503302565013,2,-0.9960643301362692,-0.6789709904803884,1,1970-01-01 00:00:00.000000001,1.2920222517974351,-0.9919373276783512,0.6583747159595755,1.028176617594404,-0.9819612785165168,2,2,-1.0437370121630405,0.9287968593629016,-0.9250745600733606,1.0611099309355685,1.0306943613327422,0,1,67,-0.9390096540689998,0.7857178938316993,1.1365151414154882,0.0,-0.4783745894166973,-0.6123724356957944,-1.6346739365399594,1.5333503281740888,1.5859947684857512,0.6603129806234728,-0.55805853535907,1.8878806284037342,2.5672930247280337,-1.5604775497547658,-0.24336354298385784,0.9699351452269085,-0.4163144622372215,0.9092206929740068,0
1.4971746504149852,1,-0.6080302678557142,-1.6377783522068707,3,1970-01-01 00:00:00.000000001,1.291812179036003,-0.2135119514551583,-1.1926468496775695,1.2478345484140976,-0.0518601823326749,1,1,1.2405782863729755,4.207842797088839,-0.1016932025746879,1.6682469525371937,1.4631535339199069,1,0,68,-0.7945466303660768,0.7857178938316993,1.1365151414154882,0.0,-0.4783745894166973,-0.6123724356957944,-0.9652394308798976,-1.6361085108458182,0.6599535557222693,1.5861560747317036,-1.5422586366344997,-0.41487080824097017,1.0733891807582552,1.7434733106095417,-0.2065149889942563,0.9784434369551989,-0.4163144622372215,0.9092206929740068,0
1.499798970573469,3,0.5075676612008815,0.1825660591868853,0,1970-01-01 00:00:00.000000001,1.2925000643528484,-0.2135119514551583,-0.267136066858997,-1.1684026906025315,-0.5169107304245959,2,3,-1.1683360284468232,-1.0034980682255976,0.7216881549239847,-1.1650591482703918,-1.1316015016030805,0,0,37,-0.6500836066631537,0.7857178938316993,1.1365151414154882,0.0,-0.4783745894166973,-0.6123724356957944,-0.20654699113182753,-0.9665045307711899,-1.1921288698046946,0.6603129806234728,-0.7851816356533999,-1.0428939273258895,-0.42051466321152303,0.09149788042738796,-0.16937107583020397,0.9855523520707153,-0.4163144622372215,0.9092206929740068,0
1.5024232907319526,4,-1.1900813612765468,0.9259891584965492,1,1970-01-01 00:00:00.000000001,1.2922920511282934,-1.358255151783383,-0.267136066858997,-0.6558675186899132,-0.4239006208062117,2,6,1.1990452809450485,0.226144158421629,-0.7699447390953499,0.3190535712002482,-1.564060674190245,2,0,1,-0.5056205829602307,0.7857178938316993,1.1365151414154882,0.0,-0.4783745894166973,-0.6123724356957944,-0.20654699113182753,-0.2076200200199446,-0.2660876570412127,-1.1913732075929888,-0.93659703584962,-0.5195413280884568,-0.42051466321152303,0.09149788042738796,-0.1319849269748023,0.9912517233535869,-0.4163144622372215,0.9092206929740068,0
1.5050476108904365,3,0.5075676612008815,0.550803669125317,4,1970-01-01 00:00:00.000000001,1.2928213521056264,0.8396517928468084,-0.267136066858997,-0.2165516570505261,0.9712510234695512,3,0,0.9498472483774828,-0.4765085425196433,1.5808687018791214,0.993650261868721,0.165776016158413,2,2,-5,-0.36115755925730764,0.7857178938316993,1.1365151414154882,0.0,-0.4783745894166973,-0.6123724356957944,-1.3222711672319305,-0.2076200200199446,-0.2660876570412127,-0.2655301134847581,-0.40664313516285,0.4224933505389223,-0.42051466321152303,-1.5604775497547658,-0.09441001235832401,0.9955333995233415,-0.4163144622372215,0.9092206929740068,0
1.5076719310489202,3,1.2351315279769222,-1.6586219905052724,4,1970-01-01 00:00:00.000000001,1.2929263884863422,0.0154366886104866,-0.267136066858997,0.1495448943156297,3.296503763929156,0,4,1.032913259233338,0.0504809831863109,-1.139869696812145,1.26348893813611,1.4631535339199069,2,2,2,-0.21669453555438456,0.7857178938316993,1.1365151414154882,0.0,-0.4783745894166973,-0.6123724356957944,0.8199192508802672,-1.3236266534776584,-0.2660876570412127,-0.2655301134847581,0.04760306542580989,0.0038112711489760626,-0.42051466321152303,-1.5604775497547658,-0.056700071885147196,0.9983912568969238,-0.4163144622372215,0.9092206929740068,0
1.510296251207404,2,0.0225250833501877,-0.7276061465099927,2,1970-01-01 00:00:00.000000001,1.2928666619169156,-1.678783247875286,-1.1926468496775695,-0.3629902775969885,-0.0518601823326749,0,6,-0.8360719850234026,1.2801232098335376,1.521203386118348,-1.1650591482703918,0.165776016158413,1,1,68,-0.07223151185146152,0.7857178938316993,1.1365151414154882,0.0,-0.4783745894166973,-0.6123724356957944,0.01659784408819306,0.819106082761152,-0.2660876570412127,-0.2655301134847581,0.04760306542580989,0.0038112711489760626,-1.9144185071813014,0.09149788042738796,-0.01890903857456981,0.9998212081468293,-0.4163144622372215,0.9092206929740068,0
1.5129205713658878,4,-0.6080302678557142,-0.0814533592595372,1,1970-01-01 00:00:00.000000001,1.2933218195666842,0.0154366886104866,-1.1926468496775695,0.8085186867747104,0.6922206946143987,3,6,1.1575122755171203,0.5189161171471592,-1.68879060181126,-0.22062378133453,-1.1316015016030805,1,1,7,0.07223151185146152,0.7857178938316993,1.1365151414154882,0.0,-0.4783745894166973,-0.6123724356957944,-1.6346739365399594,0.015581306671598155,-1.1921288698046946,-0.2655301134847581,0.04760306542580989,0.0038112711489760626,-1.9144185071813014,-1.5604775497547658,0.01890903857456981,0.9998212081468293,-0.4163144622372215,0.9092206929740068,0
1.5155448915243714,4,1.2351315279769222,-1.0750001181500224,4,1970-01-01 00:00:00.000000001,1.2930746751414706,1.618077169070001,-1.1926468496775695,0.0031062737691674,-0.5169107304245959,1,0,0.1191871398189314,-0.5350629342647494,0.5068930181852006,1.465867945336652,0.5982351887455776,2,2,14,0.21669453555438456,0.7857178938316993,1.1365151414154882,0.0,-0.4783745894166973,-0.6123724356957944,0.01659784408819306,-1.6361085108458182,-1.1921288698046946,-1.1913732075929888,0.04760306542580989,0.0038112711489760626,-1.9144185071813014,-1.5604775497547658,0.056700071885147196,0.9983912568969238,-0.4163144622372215,0.9092206929740068,0
1.5181692116828551,4,0.5075676612008815,-1.5682995578788648,4,1970-01-01 00:00:00.000000001,1.293494820664334,2.350712817280065,-0.267136066858997,0.4424221354085545,1.4363015715614724,3,2,-0.2130769036044891,-0.7692805012451734,0.6262236497067474,0.2515939021334009,1.4631535339199069,2,2,18,0.36115755925730764,0.7857178938316993,1.1365151414154882,0.0,-0.4783745894166973,-0.6123724356957944,1.5786116906283372,0.015581306671598155,-1.1921288698046946,-1.1913732075929888,0.04760306542580989,0.0038112711489760626,-0.42051466321152303,0.09149788042738796,0.09441001235832401,0.9955333995233415,-0.4163144622372215,0.9092206929740068,0
1.520793531841339,4,-0.6080302678557142,-1.3251237777308438,2,1970-01-01 00:00:00.000000001,1.293634869171955,0.0612264166236156,-0.267136066858997,0.7352993765014793,-1.1679814977532854,0,5,0.4929841886702795,0.3432529419118411,-1.2353342020293825,-0.7603011338693082,0.165776016158413,0,2,20,0.5056205829602307,0.7857178938316993,1.1365151414154882,0.0,-0.4783745894166973,-0.6123724356957944,2.292675163332403,1.5779905935123975,-0.2660876570412127,-1.1913732075929888,2.2431263682709996,0.6318343902338954,-0.42051466321152303,0.09149788042738796,0.1319849269748023,0.9912517233535869,-0.4163144622372215,0.9092206929740068,0
1.5234178519998227,4,0.5075676612008815,-0.755397664241195,0,1970-01-01 00:00:00.000000001,1.293851120544017,1.5264977130437432,-0.267136066858997,1.1746152381408663,-0.6099208400429801,2,4,-0.8776049904513302,0.6360249006373713,-0.7341455496388858,-0.6253817957356137,-0.2666831564287514,0,2,58,0.6500836066631537,0.7857178938316993,1.1365151414154882,0.0,-0.4783745894166973,-0.6123724356957944,0.06122681113219718,2.292234838925334,-0.2660876570412127,-0.2655301134847581,2.2431263682709996,0.6318343902338954,-0.42051466321152303,-1.5604775497547658,0.16937107583020397,0.9855523520707153,-0.4163144622372215,0.9092206929740068,0
1.5260421721583064,2,0.2165421144904652,-0.2204109479155491,4,1970-01-01 00:00:00.000000001,1.2939479187772258,1.0686004329124532,0.6583747159595755,-1.461279931695456,1.3432914619430882,3,2,-0.3376759198882718,-1.2377156352060217,-0.543216539204411,-0.8952204720030028,-0.2666831564287514,0,1,13,0.7945466303660768,0.7857178938316993,1.1365151414154882,0.0,-0.4783745894166973,-0.6123724356957944,1.489353756540329,0.0602215720099067,-0.2660876570412127,-0.2655301134847581,1.4860493672898996,-0.3102002883934836,-0.42051466321152303,0.09149788042738796,0.2065149889942563,0.9784434369551989,-0.4163144622372215,0.9092206929740068,0
1.5286664923167903,1,-1.1900813612765468,0.5716473074237187,3,1970-01-01 00:00:00.000000001,1.2946666971472227,1.5264977130437432,1.583885498778148,-1.388060621422225,-0.1448702919510591,1,0,1.1575122755171203,-0.8278348929902795,-0.7102794233345765,-0.8277608029361555,0.165776016158413,0,2,-16,0.9390096540689998,0.7857178938316993,1.1365151414154882,0.0,-0.4783745894166973,-0.6123724356957944,1.0430640861002878,1.4887100628357803,0.6599535557222693,-0.2655301134847581,2.3188340683691093,-1.4615760067158357,1.0733891807582552,0.09149788042738796,0.24336354298385784,0.9699351452269085,-0.4163144622372215,0.9092206929740068,0
1.531290812475274,3,0.0225250833501877,1.648568619507811,3,1970-01-01 00:00:00.000000001,1.294977687215617,-0.3508811354945452,-2.118157632496142,-0.582648208416682,-0.2378804015694433,3,5,1.115979270089193,0.5189161171471592,-1.4501293387681664,-1.434897824537781,0.165776016158413,2,2,8,1.0834726777719228,0.7857178938316993,1.1365151414154882,0.0,-0.4783745894166973,-0.6123724356957944,1.489353756540329,1.0423074094526947,1.5859947684857512,0.6603129806234728,1.2589262669955696,0.10848179099646262,-0.42051466321152303,1.7434733106095417,0.27986403674065413,0.9600396455038853,-0.4163144622372215,0.9092206929740068,0
1.5339151326337577,4,0.5075676612008815,1.495715271986198,0,1970-01-01 00:00:00.000000001,1.294718185569142,0.4733339687417764,-0.267136066858997,1.1746152381408663,0.9712510234695512,0,0,1.2405782863729755,-0.8278348929902795,-0.173291581487616,0.2515939021334009,1.0306943613327422,0,0,-18,1.227935701474846,0.7857178938316993,1.1365151414154882,0.0,-0.4783745894166973,-0.6123724356957944,-0.3404338922638399,1.4887100628357803,-2.1181700825681764,1.5861560747317036,0.9560954666031297,0.10848179099646262,-0.42051466321152303,1.7434733106095417,0.3159642670044579,0.9487710903986987,-0.4163144622372215,0.9092206929740068,0
1.5365394527922416,1,-1.1900813612765468,1.0441031088541592,1,1970-01-01 00:00:00.000000001,1.3109514552319348,0.0154366886104866,0.6583747159595755,-1.461279931695456,-0.0518601823326749,2,0,0.8667812375216276,0.1090353749314169,0.1727672499248696,1.0611099309355685,-0.699142329015916,2,1,7,1.372398725177769,0.7857178938316993,1.1365151414154882,0.0,-0.4783745894166973,-0.6123724356957944,0.46288751452823423,-0.34154081603487024,-0.2660876570412127,-2.1172163017012195,0.12331076552391987,-1.1475644471733761,-0.42051466321152303,0.09149788042738796,0.35161260297471486,0.9361455962772808,-0.4163144622372215,0.9092206929740068,0
1.5391637729507253,1,0.0225250833501877,-0.1648279124531444,2,1970-01-01 00:00:00.000000001,1.3109514552319348,0.8396517928468084,-0.267136066858997,-0.7290868289631444,0.8782409138511671,0,6,0.1191871398189314,-0.3008453672843252,-1.092137444203526,0.049214894932859,-0.699142329015916,2,1,18,1.516861748880692,0.7857178938316993,1.1365151414154882,0.0,-0.4783745894166973,-0.6123724356957944,0.01659784408819306,0.4619839600546837,0.6599535557222693,-0.2655301134847581,0.7289723663087997,-1.1475644471733761,-0.42051466321152303,-1.5604775497547658,0.3867580601532345,0.9221812202091881,-0.4163144622372215,0.9092206929740068,0
1.541788093109209,3,0.5075676612008815,-0.2620982245123527,3,1970-01-01 00:00:00.000000001,1.3112109568784092,-0.3966708635076743,-0.267136066858997,-0.0701130365040637,1.3432914619430882,0,3,0.3268521669585693,-0.1837365837941131,0.9245502285106144,0.6563519165344845,-1.1316015016030805,1,0,15,1.661324772583615,0.7857178938316993,1.1365151414154882,0.0,-0.4783745894166973,-0.6123724356957944,0.8199192508802672,0.015581306671598155,-0.2660876570412127,0.6603129806234728,0.27472616572013986,-0.6242118479359433,-0.42051466321152303,-1.5604775497547658,0.4213503732625737,0.906897934142255,-0.4163144622372215,0.9092206929740068,0
1.5444124132676929,2,1.2351315279769222,-0.2204109479155491,3,1970-01-01 00:00:00.000000001,1.311157408919613,0.5649134247680344,-0.267136066858997,-0.5094288981434508,-0.5169107304245959,0,2,0.7006492158099173,0.6360249006373713,-1.3069325809423102,0.7238115856013319,-0.2666831564287514,0,1,20,-1.661324772583615,0.9060925015217925,1.1365151414154882,0.0,0.02759853400480953,-0.6123724356957944,-0.385062859307844,0.819106082761152,-0.2660876570412127,-0.2655301134847581,0.5775569661125798,-0.6242118479359433,-0.42051466321152303,-1.5604775497547658,-0.4213503732625737,0.906897934142255,0.02476985258885596,0.9996931801321475,0
1.5470367334261763,0,-0.6080302678557142,0.2381490946492901,0,1970-01-01 00:00:00.000000001,1.311769091372017,-1.312465423770254,-1.1926468496775695,-0.3629902775969885,-1.7260421554635903,0,0,-0.8776049904513302,-0.8278348929902795,1.294475186227409,-0.96268014106985,0.5982351887455776,2,1,33,-1.516861748880692,0.9060925015217925,1.1365151414154882,0.0,0.02759853400480953,-0.6123724356957944,0.5521454486162425,-0.3861810813731788,-0.2660876570412127,-0.2655301134847581,-0.6337662354571799,0.0038112711489760626,-0.42051466321152303,0.09149788042738796,-0.3867580601532345,0.9221812202091881,0.02476985258885596,0.9996931801321475,0
1.5496610535846602,0,-0.6080302678557142,-1.5196644018492604,1,1970-01-01 00:00:00.000000001,1.3116022688849978,-1.449834607809641,-0.267136066858997,1.028176617594404,-1.8190522650819747,2,2,0.451451183242352,-1.2962700269511278,-0.4954842865957923,-1.0975994792035446,0.5982351887455776,1,2,-7,-1.372398725177769,0.9060925015217925,1.1365151414154882,0.0,0.02759853400480953,-0.6123724356957944,-1.2776422001879264,0.5512644907313008,-1.1921288698046946,-0.2655301134847581,-1.1637201361439498,0.4224933505389223,-1.9144185071813014,-1.5604775497547658,-0.35161260297471486,0.9361455962772808,0.02476985258885596,0.9996931801321475,0
1.552285373743144,1,-1.1900813612765468,1.6902558961046146,1,1970-01-01 00:00:00.000000001,1.312220129948032,-0.7171989595995771,-0.267136066858997,-0.1433323467772949,0.2271701465224777,0,5,1.1990452809450485,0.9287968593629016,0.4472277024244271,-0.692841464802461,-1.1316015016030805,1,2,13,-1.227935701474846,0.9060925015217925,1.1365151414154882,0.0,0.02759853400480953,-0.6123724356957944,-1.4115291013199387,-1.2789863881393497,-0.2660876570412127,-1.1913732075929888,-1.9207971371250496,-1.2522349670208626,-1.9144185071813014,-1.5604775497547658,-0.3159642670044579,0.9487710903986987,0.02476985258885596,0.9996931801321475,0
1.5549096939016278,3,0.0225250833501877,-1.6586219905052724,0,1970-01-01 00:00:00.000000001,1.311995640428463,1.0686004329124532,0.6583747159595755,0.8817379970479415,-1.3540017169900538,1,6,-0.5868739524558372,1.4557863850688555,-1.4501293387681664,-1.0975994792035446,-0.2666831564287514,2,1,65,-1.0834726777719228,0.9060925015217925,1.1365151414154882,0.0,0.02759853400480953,-0.6123724356957944,-0.6974656286158728,-1.4129071841542755,-0.2660876570412127,-0.2655301134847581,-0.55805853535907,0.8411754299288685,-0.42051466321152303,0.09149788042738796,-0.27986403674065413,0.9600396455038853,0.02476985258885596,0.9996931801321475,0
1.5575340140601115,0,-0.6080302678557142,-0.6303358344507843,3,1970-01-01 00:00:00.000000001,1.312251023001184,-0.2135119514551583,-1.1926468496775695,0.0031062737691674,-1.1679814977532854,1,5,-0.9606710013071852,-0.3008453672843252,1.0200147337278518,-1.2325188173372392,1.4631535339199069,2,0,44,-0.9390096540689998,0.9060925015217925,1.1365151414154882,0.0,0.02759853400480953,-0.6123724356957944,1.0430640861002878,-0.6986629387413387,0.6599535557222693,-0.2655301134847581,0.04760306542580989,0.0038112711489760626,-0.42051466321152303,0.09149788042738796,-0.24336354298385784,0.9699351452269085,0.02476985258885596,0.9996931801321475,0
1.5601583342185954,1,1.2351315279769222,1.391497080494189,2,1970-01-01 00:00:00.000000001,1.3128379910110666,-1.0377270556914802,-0.267136066858997,1.6139310997802534,-0.7959410592797486,0,5,-0.9191379958792576,-0.4179541507745373,-1.4143301493117024,-0.6253817957356137,-1.564060674190245,0,0,41,-0.7945466303660768,0.9060925015217925,1.1365151414154882,0.0,0.02759853400480953,-0.6123724356957944,-0.20654699113182753,1.0423074094526947,-1.1921288698046946,0.6603129806234728,-0.10381233477041008,0.31782283069143574,-0.42051466321152303,0.09149788042738796,-0.2065149889942563,0.9784434369551989,0.02476985258885596,0.9996931801321475,0
1.562782654377079,2,1.2351315279769222,1.6694122578062127,3,1970-01-01 00:00:00.000000001,1.313039825624991,-1.49562433582277,-1.1926468496775695,0.8817379970479415,1.6223217907982408,1,6,1.6559083406522517,-0.1251821920490071,1.0677469863364704,1.6007872834703465,0.165776016158413,0,1,-16,-0.6500836066631537,0.9060925015217925,1.1365151414154882,0.0,0.02759853400480953,-0.6123724356957944,-1.0098683979239016,-0.2076200200199446,-0.2660876570412127,-1.1913732075929888,-1.4665509365363898,-0.6242118479359433,-0.42051466321152303,0.09149788042738796,-0.16937107583020397,0.9855523520707153,0.02476985258885596,0.9996931801321475,0
1.565406974535563,0,0.0225250833501877,0.1130872648588794,1,1970-01-01 00:00:00.000000001,1.3128359314741898,-1.678783247875286,-1.1926468496775695,1.101395927867635,-0.9819612785165168,0,2,-1.5006000718702437,-1.0034980682255976,-0.6267479812694937,0.1166745639997063,-1.1316015016030805,2,1,45,-0.5056205829602307,0.9060925015217925,1.1365151414154882,0.0,0.02759853400480953,-0.6123724356957944,-1.4561580683639428,-1.0111447961094986,-1.1921288698046946,-0.2655301134847581,-2.2993356376155996,-1.3569054868683492,-0.42051466321152303,0.09149788042738796,-0.1319849269748023,0.9912517233535869,0.02476985258885596,0.9996931801321475,0
1.568031294694047,1,0.0225250833501877,0.5646994279909181,3,1970-01-01 00:00:00.000000001,1.313060420993759,0.2901750566892605,0.6583747159595755,-1.461279931695456,-1.447011826608438,2,5,0.160720145246859,0.8702424676177954,-0.4000197813785549,1.465867945336652,1.0306943613327422,2,1,37,-0.36115755925730764,0.9060925015217925,1.1365151414154882,0.0,0.02759853400480953,-0.6123724356957944,-1.6346739365399594,-1.457547449492584,-1.1921288698046946,-1.1913732075929888,-1.5422586366344997,0.31782283069143574,-0.42051466321152303,0.09149788042738796,-0.09441001235832401,0.9955333995233415,0.02476985258885596,0.9996931801321475,0
1.5706556148525304,1,1.2351315279769222,0.7939794492733377,2,1970-01-01 00:00:00.000000001,1.3130748377518966,0.4275442407286475,-0.267136066858997,-1.2416220008757626,0.5992105849960145,2,1,0.4929841886702795,1.2215688180884317,0.8052195969890675,-0.0857044432008354,-0.2666831564287514,1,1,35,-0.21669453555438456,0.9060925015217925,1.1365151414154882,0.0,0.02759853400480953,-0.6123724356957944,0.2843716463522178,-1.6361085108458182,0.6599535557222693,-1.1913732075929888,-0.55805853535907,0.6318343902338954,-0.42051466321152303,0.09149788042738796,-0.056700071885147196,0.9983912568969238,0.02476985258885596,0.9996931801321475,0
1.5732799350110145,4,0.5075676612008815,-0.5191697635259748,4,1970-01-01 00:00:00.000000001,1.3134805665166225,-0.9919373276783512,0.6583747159595755,1.101395927867635,0.3201802561408619,1,2,0.0361211289630763,-0.7107261095000674,1.2706090599231,0.52143257840079,-0.699142329015916,1,2,13,-0.07223151185146152,0.9060925015217925,1.1365151414154882,0.0,0.02759853400480953,-0.6123724356957944,0.41825854748423014,0.28342289870144943,-0.2660876570412127,0.6603129806234728,-0.17952003486852006,-0.3102002883934836,1.0733891807582552,-1.5604775497547658,-0.01890903857456981,0.9998212081468293,0.02476985258885596,0.9996931801321475,0
1.575904255169498,2,1.2351315279769222,-0.46358672806357,3,1970-01-01 00:00:00.000000001,1.3139027715763627,0.2901750566892605,-0.267136066858997,-0.5094288981434508,1.4363015715614724,1,3,-1.085270017590968,-1.2377156352060217,-1.2472672651815369,-1.5023574936046282,0.165776016158413,1,2,31,0.07223151185146152,0.9060925015217925,1.1365151414154882,0.0,0.02759853400480953,-0.6123724356957944,-0.9652394308798976,0.4173436947163751,0.6599535557222693,-0.2655301134847581,-0.10381233477041008,-0.3102002883934836,-0.42051466321152303,0.09149788042738796,0.01890903857456981,0.9998212081468293,0.02476985258885596,0.9996931801321475,0
1.5785285753279816,4,0.0225250833501877,0.4674291159317097,0,1970-01-01 00:00:00.000000001,1.3139336646295146,-0.7629886876127061,-2.118157632496142,0.0031062737691674,0.2271701465224777,0,3,-1.2098690338747506,0.284698550166735,1.3302743756838733,0.2515939021334009,0.165776016158413,1,1,60,0.21669453555438456,0.9060925015217925,1.1365151414154882,0.0,0.02759853400480953,-0.6123724356957944,0.2843716463522178,-0.9665045307711899,-0.2660876570412127,0.6603129806234728,-0.7851816356533999,-0.5195413280884568,-0.42051466321152303,0.09149788042738796,0.056700071885147196,0.9983912568969238,0.02476985258885596,0.9996931801321475,0
1.5811528954864655,3,-1.1900813612765468,0.3354194067084984,4,1970-01-01 00:00:00.000000001,1.3145185731025204,-1.0377270556914802,-1.1926468496775695,1.2478345484140976,1.3432914619430882,3,0,-1.376001055586461,-1.2962700269511278,-1.2234011388772277,0.993650261868721,-0.699142329015916,1,0,37,0.36115755925730764,0.9060925015217925,1.1365151414154882,0.0,0.02759853400480953,-0.6123724356957944,-0.742094595659877,0.28342289870144943,-2.1181700825681764,-0.2655301134847581,-0.7851816356533999,-0.41487080824097017,-1.9144185071813014,0.09149788042738796,0.09441001235832401,0.9955333995233415,0.02476985258885596,0.9996931801321475,0
1.5837772156449492,4,-1.1900813612765468,1.6416207400750105,0,1970-01-01 00:00:00.000000001,1.3141313801696854,-0.3966708635076743,1.583885498778148,-0.2165516570505261,1.2502813523247038,0,6,1.5728423297963965,-0.2422909755392192,-1.4739954650724758,-0.2880834504013773,0.165776016158413,0,2,-16,0.5056205829602307,0.9060925015217925,1.1365151414154882,0.0,0.02759853400480953,-0.6123724356957944,-1.0098683979239016,-0.7433032040796472,-1.1921288698046946,-2.1172163017012195,-1.2394278362420599,-1.3569054868683492,-0.42051466321152303,1.7434733106095417,0.1319849269748023,0.9912517233535869,0.02476985258885596,0.9996931801321475,0
1.586401535803433,4,-1.1900813612765468,-1.2973322599996415,0,1970-01-01 00:00:00.000000001,1.3142879049723208,0.1070161446367446,-1.1926468496775695,0.3692028251353233,1.5293116811798566,0,3,-1.5421330772981712,-1.4133788104413398,-1.092137444203526,0.1166745639997063,0.5982351887455776,1,1,39,0.6500836066631537,0.9060925015217925,1.1365151414154882,0.0,0.02759853400480953,-0.6123724356957944,-0.385062859307844,-1.0111447961094986,1.5859947684857512,-1.1913732075929888,-0.7094739355552899,-0.7288823677834299,-0.42051466321152303,1.7434733106095417,0.16937107583020397,0.9855523520707153,0.02476985258885596,0.9996931801321475,0
1.5890258559619168,0,1.2351315279769222,-0.9360425294940103,0,1970-01-01 00:00:00.000000001,1.3150684694486212,0.8396517928468084,1.583885498778148,1.6139310997802534,-1.1679814977532854,2,6,-0.9606710013071852,0.5189161171471592,-1.4739954650724758,-0.8277608029361555,1.4631535339199069,2,0,58,0.7945466303660768,0.9060925015217925,1.1365151414154882,0.0,0.02759853400480953,-0.6123724356957944,0.1058557781762013,-0.3861810813731788,-1.1921288698046946,1.5861560747317036,0.3504338658182498,-0.6242118479359433,1.0733891807582552,1.7434733106095417,0.2065149889942563,0.9784434369551989,0.02476985258885596,0.9996931801321475,0
1.5916501761204005,1,0.0225250833501877,1.5999334634782068,3,1970-01-01 00:00:00.000000001,1.3151323150918013,0.0154366886104866,-1.1926468496775695,1.3210538586873286,0.0411499272857092,3,2,1.1575122755171203,0.6945792923824773,1.5808687018791214,0.049214894932859,-0.2666831564287514,0,2,10,0.9390096540689998,0.9060925015217925,1.1365151414154882,0.0,0.02759853400480953,-0.6123724356957944,0.8199192508802672,0.10486183734821526,1.5859947684857512,-1.1913732075929888,0.04760306542580989,0.0038112711489760626,-0.42051466321152303,0.09149788042738796,0.24336354298385784,0.9699351452269085,0.02476985258885596,0.9996931801321475,0
1.5942744962788842,2,1.2351315279769222,0.3701588038725014,1,1970-01-01 00:00:00.000000001,1.315087005280512,0.2443853286761315,-1.1926468496775695,0.8817379970479415,1.3432914619430882,3,1,1.0744462646612656,-0.4765085425196433,1.378006628292492,0.8587309237350265,-1.564060674190245,1,2,-8,1.0834726777719228,0.9060925015217925,1.1365151414154882,0.0,0.02759853400480953,-0.6123724356957944,0.01659784408819306,0.819106082761152,-1.1921288698046946,1.5861560747317036,0.04760306542580989,0.0038112711489760626,-0.42051466321152303,0.09149788042738796,0.27986403674065413,0.9600396455038853,0.02476985258885596,0.9996931801321475,0
1.596898816437368,4,0.5075676612008815,1.5165589102845998,4,1970-01-01 00:00:00.000000001,1.315577175057186,-0.6714092315864482,-0.267136066858997,2.272904892239334,-1.1679814977532854,0,1,-0.4622749361720545,-0.1251821920490071,0.6262236497067474,-0.4230027885350718,1.4631535339199069,1,1,35,1.227935701474846,0.9060925015217925,1.1365151414154882,0.0,0.02759853400480953,-0.6123724356957944,0.23974267930821366,0.015581306671598155,-1.1921288698046946,-1.1913732075929888,0.04760306542580989,0.0038112711489760626,-0.42051466321152303,-1.5604775497547658,0.3159642670044579,0.9487710903986987,0.02476985258885596,0.9996931801321475,0
1.5995231365958518,2,-0.6080302678557142,0.5646994279909181,2,1970-01-01 00:00:00.000000001,1.315521567561513,1.0686004329124532,1.583885498778148,1.6139310997802534,-0.0518601823326749,2,1,0.4929841886702795,-0.3008453672843252,1.1632114915537075,0.1841342330665536,-1.564060674190245,1,0,9,1.372398725177769,0.9060925015217925,1.1365151414154882,0.0,0.02759853400480953,-0.6123724356957944,-0.6528366615718687,0.2387826333631409,-0.2660876570412127,-1.1913732075929888,0.3504338658182498,-0.1008592486985105,-0.42051466321152303,0.09149788042738796,0.35161260297471486,0.9361455962772808,0.02476985258885596,0.9996931801321475,0
1.6021474567543357,4,0.0225250833501877,0.411846080469305,1,1970-01-01 00:00:00.000000001,1.3317445395399217,0.0154366886104866,-1.1926468496775695,0.8085186867747104,-0.7029309496613644,1,1,-1.2098690338747506,-0.7692805012451734,-1.2472672651815369,-1.1650591482703918,0.165776016158413,2,1,42,1.516861748880692,0.9060925015217925,1.1365151414154882,0.0,0.02759853400480953,-0.6123724356957944,1.0430640861002878,-0.6540226734030301,1.5859947684857512,-0.2655301134847581,0.04760306542580989,0.0038112711489760626,-0.42051466321152303,1.7434733106095417,0.3867580601532345,0.9221812202091881,0.02476985258885596,0.9996931801321475,0
1.6047717769128194,3,0.0225250833501877,0.6341782223189241,3,1970-01-01 00:00:00.000000001,1.3319937435020122,0.0154366886104866,-0.267136066858997,0.8085186867747104,0.3201802561408619,2,4,1.0744462646612656,0.4603617254020531,-1.1518027599642997,1.465867945336652,1.4631535339199069,1,2,8,1.661324772583615,0.9060925015217925,1.1365151414154882,0.0,0.02759853400480953,-0.6123724356957944,0.01659784408819306,1.0423074094526947,-1.1921288698046946,1.5861560747317036,0.04760306542580989,0.0038112711489760626,-0.42051466321152303,1.7434733106095417,0.4213503732625737,0.906897934142255,0.02476985258885596,0.9996931801321475,0
1.607396097071303,4,-0.6080302678557142,-0.7067625082115908,0,1970-01-01 00:00:00.000000001,1.331590074274163,-1.49562433582277,1.583885498778148,0.8085186867747104,1.3432914619430882,1,6,0.7421822212378449,1.1630144263433255,-0.2568230235526987,-0.1531641122676827,-1.1316015016030805,2,0,28,-1.661324772583615,1.0264671092118858,1.1365151414154882,0.0,0.5335716574263164,-0.6123724356957944,0.01659784408819306,0.015581306671598155,-0.2660876570412127,-1.1913732075929888,0.04760306542580989,0.0038112711489760626,-0.42051466321152303,1.7434733106095417,-0.4213503732625737,0.906897934142255,0.46083231155626464,0.887487228429632,0
1.6100204172297867,0,0.5075676612008815,-0.6094921961523825,2,1970-01-01 00:00:00.000000001,1.332024636555164,1.1601798889387114,1.583885498778148,-0.2165516570505261,0.1341600369040935,2,5,0.7006492158099173,-1.1791612434609158,0.8768179759019955,-0.6253817957356137,-1.564060674190245,2,2,-11,-1.516861748880692,1.0264671092118858,1.1365151414154882,0.0,0.5335716574263164,-0.6123724356957944,-1.4561580683639428,0.015581306671598155,1.5859947684857512,-0.2655301134847581,0.04760306542580989,0.0038112711489760626,1.0733891807582552,0.09149788042738796,-0.3867580601532345,0.9221812202091881,0.46083231155626464,0.887487228429632,0
1.6126447373882706,1,0.5075676612008815,0.1339309031572812,4,1970-01-01 00:00:00.000000001,1.3326239617863074,-1.5414140638358989,1.583885498778148,0.662080066228248,-1.1679814977532854,3,6,-0.9191379958792576,1.0459056428531135,-0.8892753706168967,-0.0857044432008354,1.0306943613327422,1,1,66,-1.372398725177769,1.0264671092118858,1.1365151414154882,0.0,0.5335716574263164,-0.6123724356957944,1.132322020188296,-1.457547449492584,1.5859947684857512,1.5861560747317036,-1.01230473594773,1.469198549013788,2.5672930247280337,-1.5604775497547658,-0.35161260297471486,0.9361455962772808,0.46083231155626464,0.887487228429632,0
1.6152690575467543,3,-0.6080302678557142,0.2103575769180877,1,1970-01-01 00:00:00.000000001,1.33266721206072,-0.7629886876127061,1.583885498778148,0.0763255840423986,0.4131903657592461,2,3,0.5760501995261347,0.284698550166735,1.342207438836028,-0.0857044432008354,-0.2666831564287514,1,1,17,-1.227935701474846,1.0264671092118858,1.1365151414154882,0.0,0.5335716574263164,-0.6123724356957944,-1.500787035407947,1.1315879401293119,1.5859947684857512,1.5861560747317036,-0.6337662354571799,1.0505164696238416,2.5672930247280337,-1.5604775497547658,-0.3159642670044579,0.9487710903986987,0.46083231155626464,0.887487228429632,0
1.617893377705238,4,1.2351315279769222,1.2316958535397753,1,1970-01-01 00:00:00.000000001,1.3330441073091708,-0.0303530394026423,-1.1926468496775695,-0.948744759782838,-0.8889511688981327,0,6,0.2437861561027141,-0.3008453672843252,-1.8081212333328067,-0.0182447741339881,0.5982351887455776,0,2,15,-1.0834726777719228,1.0264671092118858,1.1365151414154882,0.0,0.5335716574263164,-0.6123724356957944,-0.742094595659877,-1.5021877148308926,1.5859947684857512,1.5861560747317036,-1.2394278362420599,-0.3102002883934836,1.0733891807582552,1.7434733106095417,-0.27986403674065413,0.9600396455038853,0.46083231155626464,0.887487228429632,0
1.620517697863722,2,0.0225250833501877,-0.0745054798267366,2,1970-01-01 00:00:00.000000001,1.3330070356453887,-0.6714092315864482,-0.267136066858997,0.0031062737691674,0.3201802561408619,1,6,0.451451183242352,1.1630144263433255,0.70975509177183,-1.5023574936046282,-1.564060674190245,0,1,35,-0.9390096540689998,1.0264671092118858,1.1365151414154882,0.0,0.5335716574263164,-0.6123724356957944,-0.028031122955811057,-0.7433032040796472,-1.1921288698046946,1.5861560747317036,-0.7851816356533999,-1.1475644471733761,-0.42051466321152303,1.7434733106095417,-0.24336354298385784,0.9699351452269085,0.46083231155626464,0.887487228429632,0
1.6231420180222056,3,-1.1900813612765468,-0.0119745649315313,3,1970-01-01 00:00:00.000000001,1.3334065857994843,-0.3508811354945452,0.6583747159595755,-0.8755254495096068,0.3201802561408619,2,1,-1.3344680501585335,0.5774705088922653,0.3398301340550351,-0.1531641122676827,-0.699142329015916,0,1,68,-0.7945466303660768,1.0264671092118858,1.1365151414154882,0.0,0.5335716574263164,-0.6123724356957944,-0.6528366615718687,-0.029058958666710395,-0.2660876570412127,-1.1913732075929888,-0.55805853535907,-1.3569054868683492,-0.42051466321152303,0.09149788042738796,-0.2065149889942563,0.9784434369551989,0.46083231155626464,0.887487228429632,0
1.6257663381806893,3,1.2351315279769222,0.7800836904077366,4,1970-01-01 00:00:00.000000001,1.3332356442387117,1.1143901609255822,1.583885498778148,-0.2165516570505261,-0.9819612785165168,2,1,-1.085270017590968,1.1630144263433255,0.5068930181852006,-0.692841464802461,-0.2666831564287514,2,2,72,-0.6500836066631537,1.0264671092118858,1.1365151414154882,0.0,0.5335716574263164,-0.6123724356957944,-0.3404338922638399,-0.6540226734030301,0.6599535557222693,-0.2655301134847581,0.04760306542580989,0.10848179099646262,1.0733891807582552,0.09149788042738796,-0.16937107583020397,0.9855523520707153,0.46083231155626464,0.887487228429632,0
1.6283906583391732,4,1.2351315279769222,0.6550218606173258,2,1970-01-01 00:00:00.000000001,1.33326859682874,-0.1219324954289003,1.583885498778148,-0.5094288981434508,0.1341600369040935,1,4,-0.6284069578837648,1.2215688180884317,0.6620228391632114,-1.0301398101366974,1.4631535339199069,1,0,62,-0.5056205829602307,1.0264671092118858,1.1365151414154882,0.0,0.5335716574263164,-0.6123724356957944,1.0876930531442919,-0.34154081603487024,1.5859947684857512,0.6603129806234728,0.3504338658182498,-0.3102002883934836,1.0733891807582552,0.09149788042738796,-0.1319849269748023,0.9912517233535869,0.46083231155626464,0.887487228429632,0
1.6310149784976569,3,-1.1900813612765468,1.7110995344030164,0,1970-01-01 00:00:00.000000001,1.3336228371715464,-1.678783247875286,-0.267136066858997,-1.0951833803293003,-1.6330320458452063,2,2,-0.9191379958792576,1.3386776015786437,-0.0181617605096052,-0.22062378133453,1.4631535339199069,0,2,71,-0.36115755925730764,1.0264671092118858,1.1365151414154882,0.0,0.5335716574263164,-0.6123724356957944,-0.1172890570438193,1.0869476747910034,1.5859947684857512,1.5861560747317036,-0.33093543506474005,1.0505164696238416,1.0733891807582552,0.09149788042738796,-0.09441001235832401,0.9955333995233415,0.46083231155626464,0.887487228429632,0
1.6336392986561403,2,-0.6080302678557142,0.1061393854260788,4,1970-01-01 00:00:00.000000001,1.3338843983548978,-0.5340400475470612,1.583885498778148,-0.5094288981434508,-0.8889511688981327,1,6,0.0361211289630763,-0.3593997590294313,-0.2806891498570081,1.1285696000024157,-1.564060674190245,2,2,19,-0.21669453555438456,1.0264671092118858,1.1365151414154882,0.0,0.5335716574263164,-0.6123724356957944,-1.6346739365399594,-0.1183394893433275,-0.2660876570412127,1.5861560747317036,-1.2394278362420599,-0.3102002883934836,1.0733891807582552,0.09149788042738796,-0.056700071885147196,0.9983912568969238,0.46083231155626464,0.887487228429632,0
1.6362636188146245,3,-1.1900813612765468,0.0436084705308734,1,1970-01-01 00:00:00.000000001,1.334485783122918,-0.6256195035733192,-1.1926468496775695,1.4674924792337911,-0.1448702919510591,3,0,1.032913259233338,0.3432529419118411,-1.5694599702897132,-1.0301398101366974,-0.2666831564287514,0,0,7,-0.07223151185146152,1.0264671092118858,1.1365151414154882,0.0,0.5335716574263164,-0.6123724356957944,-0.5189497604398564,-1.6361085108458182,1.5859947684857512,-0.2655301134847581,-1.5422586366344997,-0.6242118479359433,-0.42051466321152303,1.7434733106095417,-0.01890903857456981,0.9998212081468293,0.46083231155626464,0.887487228429632,0
1.638887938973108,2,-0.5110217522855754,-1.151426791910829,2,1970-01-01 00:00:00.000000001,1.3345269738604535,-0.5340400475470612,-0.267136066858997,0.0031062737691674,1.2502813523247038,1,2,0.9913802538054104,0.0504809831863109,0.5904244602502833,0.8587309237350265,0.5982351887455776,0,1,3,0.07223151185146152,1.0264671092118858,1.1365151414154882,0.0,0.5335716574263164,-0.6123724356957944,-0.6082076945278646,-0.5201018773881044,-1.1921288698046946,1.5861560747317036,-0.93659703584962,-1.9849286059532685,-0.42051466321152303,1.7434733106095417,0.01890903857456981,0.9998212081468293,0.46083231155626464,0.887487228429632,0
1.6415122591315918,4,1.2351315279769222,-0.4357952103323676,1,1970-01-01 00:00:00.000000001,1.3348770951295066,1.938605265161904,1.583885498778148,0.0763255840423986,-0.0518601823326749,1,3,-0.71147296873962,-1.1206068517158096,1.5092703229661937,0.52143257840079,1.4631535339199069,1,0,24,0.21669453555438456,1.0264671092118858,1.1365151414154882,0.0,0.5335716574263164,-0.6123724356957944,-0.5189497604398564,-0.6093824080647215,-0.2660876570412127,-1.1913732075929888,0.4261415659163598,1.2598575093188147,-0.42051466321152303,0.09149788042738796,0.056700071885147196,0.9983912568969238,0.46083231155626464,0.887487228429632,0
1.6441365792900755,1,-1.1900813612765468,-1.2278534656716356,1,1970-01-01 00:00:00.000000001,1.3349038691089046,0.2443853286761315,0.6583747159595755,0.5156414456817857,0.7852308042327829,3,4,-1.4590670664423162,1.3386776015786437,0.8171526601412221,-0.0182447741339881,1.0306943613327422,1,2,84,0.36115755925730764,1.0264671092118858,1.1365151414154882,0.0,0.5335716574263164,-0.6123724356957944,1.891014459936366,-0.5201018773881044,1.5859947684857512,-0.2655301134847581,0.9560954666031297,0.8411754299288685,1.0733891807582552,0.09149788042738796,0.09441001235832401,0.9955333995233415,0.46083231155626464,0.887487228429632,0
1.6467608994485594,3,-0.6080302678557142,0.4535333570661086,1,1970-01-01 00:00:00.000000001,1.3348462020763547,0.6564928807942925,-1.1926468496775695,0.7352993765014793,0.3201802561408619,2,3,-0.71147296873962,0.8702424676177954,-1.1518027599642997,1.1960292690692629,-1.1316015016030805,2,0,58,0.5056205829602307,1.0264671092118858,1.1365151414154882,0.0,0.5335716574263164,-0.6123724356957944,0.23974267930821366,1.8904724508805573,0.6599535557222693,1.5861560747317036,1.5617570673880097,-0.1008592486985105,1.0733891807582552,0.09149788042738796,0.1319849269748023,0.9912517233535869,0.46083231155626464,0.887487228429632,0
1.649385219607043,1,-1.1900813612765468,0.7314485343781324,3,1970-01-01 00:00:00.000000001,1.335080989280308,0.1528058726498735,-0.267136066858997,-0.6558675186899132,-0.0518601823326749,2,1,1.1575122755171203,-0.1251821920490071,0.9484163548149236,0.8587309237350265,-1.564060674190245,1,1,-4,0.6500836066631537,1.0264671092118858,1.1365151414154882,0.0,0.5335716574263164,-0.6123724356957944,0.6414033827042507,0.2387826333631409,-1.1921288698046946,0.6603129806234728,0.5775569661125798,-1.4615760067158357,-0.42051466321152303,0.09149788042738796,0.16937107583020397,0.9855523520707153,0.46083231155626464,0.887487228429632,0
1.652009539765527,2,-1.1900813612765468,-0.4983261252275729,1,1970-01-01 00:00:00.000000001,1.3352725262098486,0.3359647847023895,-1.1926468496775695,1.1746152381408663,0.1341600369040935,3,3,1.2821112918009034,-1.2377156352060217,1.4973372598140386,-0.692841464802461,0.5982351887455776,0,0,-26,0.7945466303660768,1.0264671092118858,1.1365151414154882,0.0,0.5335716574263164,-0.6123724356957944,0.1504847452202054,0.6405450214079178,-0.2660876570412127,-1.1913732075929888,0.6532646662106898,-1.4615760067158357,-1.9144185071813014,0.09149788042738796,0.2065149889942563,0.9784434369551989,0.46083231155626464,0.887487228429632,0
1.654633859924011,3,1.2351315279769222,1.6068813429110074,0,1970-01-01 00:00:00.000000001,1.335943935231679,0.4733339687417764,-0.267136066858997,-1.1684026906025315,1.0642611330879357,0,6,1.1990452809450485,0.8702424676177954,-1.1518027599642997,1.465867945336652,0.165776016158413,2,0,12,0.9390096540689998,1.0264671092118858,1.1365151414154882,0.0,0.5335716574263164,-0.6123724356957944,0.3290006133962219,0.1495021026865238,-1.1921288698046946,-0.2655301134847581,0.5018492660144698,-1.7755875662582954,-0.42051466321152303,0.09149788042738796,0.24336354298385784,0.9699351452269085,0.46083231155626464,0.887487228429632,0
1.6572581800824946,0,-1.1900813612765468,-1.5335601607148617,0,1970-01-01 00:00:00.000000001,1.3361766628987557,0.8854415208599373,0.6583747159595755,0.8085186867747104,0.2271701465224777,1,1,-0.3792089253161994,-1.2962700269511278,-1.617192222898332,-0.96268014106985,-1.1316015016030805,2,2,13,1.0834726777719228,1.0264671092118858,1.1365151414154882,0.0,0.5335716574263164,-0.6123724356957944,0.46288751452823423,0.328063164039758,-0.2660876570412127,-1.1913732075929888,0.9560954666031297,-1.4615760067158357,-0.42051466321152303,0.09149788042738796,0.27986403674065413,0.9600396455038853,0.46083231155626464,0.887487228429632,0
1.6598825002409785,1,0.5075676612008815,0.8634582436013437,4,1970-01-01 00:00:00.000000001,1.3363187709432536,-0.9003578716520931,0.6583747159595755,1.7603697203267157,-1.3540017169900538,2,2,1.323644297228831,1.0459056428531135,-1.5575269071375586,-0.0182447741339881,0.5982351887455776,2,0,12,1.227935701474846,1.0264671092118858,1.1365151414154882,0.0,0.5335716574263164,-0.6123724356957944,0.8645482179242713,0.4619839600546837,0.6599535557222693,-0.2655301134847581,0.27472616572013986,0.0038112711489760626,1.0733891807582552,0.09149788042738796,0.3159642670044579,0.9487710903986987,0.46083231155626464,0.887487228429632,0
1.662506820399462,3,-0.6080302678557142,-0.9429904089268112,1,1970-01-01 00:00:00.000000001,1.336069566981163,-1.5872037918490278,-1.1926468496775695,-1.021964070056069,-0.1448702919510591,2,5,-0.4207419307441269,-1.0620524599707035,1.413805817748956,1.398408276269805,-0.2666831564287514,2,2,18,1.372398725177769,1.0264671092118858,1.1365151414154882,0.0,0.5335716574263164,-0.6123724356957944,-0.8759814967918893,0.8637463480994606,0.6599535557222693,0.6603129806234728,-0.8608893357515099,0.8411754299288685,-0.42051466321152303,0.09149788042738796,0.35161260297471486,0.9361455962772808,0.46083231155626464,0.887487228429632,0
1.665131140557946,1,-1.1900813612765468,1.3637055627629866,1,1970-01-01 00:00:00.000000001,1.3362940565007322,-1.49562433582277,0.6583747159595755,0.2959835148620921,-0.3308905111878275,1,1,0.6175832049540623,-3.0529017793043085,-0.8296100548561233,0.7912712546681792,1.0306943613327422,1,1,-41,1.516861748880692,1.0264671092118858,1.1365151414154882,0.0,0.5335716574263164,-0.6123724356957944,-1.5454160024519512,-0.8772240000945728,-1.1921288698046946,0.6603129806234728,-2.1479202374193798,-1.2522349670208626,1.0733891807582552,1.7434733106095417,0.3867580601532345,0.9221812202091881,0.46083231155626464,0.887487228429632,0
1.6677554607164295,3,1.2351315279769222,0.5577515485581175,2,1970-01-01 00:00:00.000000001,1.352572635974814,1.3433388009912273,1.583885498778148,-1.388060621422225,0.2271701465224777,1,1,-1.1683360284468232,-0.0666278003039011,0.3875623866636538,0.6563519165344845,0.5982351887455776,0,0,53,1.661324772583615,1.0264671092118858,1.1365151414154882,0.0,0.5335716574263164,-0.6123724356957944,-1.4561580683639428,-1.546827980169201,0.6599535557222693,-1.1913732075929888,-0.93659703584962,1.678539588708761,1.0733891807582552,1.7434733106095417,0.4213503732625737,0.906897934142255,0.46083231155626464,0.887487228429632,0
1.6703797808749132,4,1.2351315279769222,-0.1092448769907396,3,1970-01-01 00:00:00.000000001,1.352212217021377,-1.5414140638358989,-0.267136066858997,1.3210538586873286,0.5062004753776304,1,4,-0.2130769036044891,0.226144158421629,-1.12793663365999,-0.3555431194682246,1.4631535339199069,1,0,35,-1.661324772583615,1.146841716901979,1.1365151414154882,0.0,1.0395447808478233,1.6329931618554518,1.3108378883643126,-1.457547449492584,1.5859947684857512,0.6603129806234728,-0.93659703584962,1.678539588708761,1.0733891807582552,0.09149788042738796,-0.4213503732625737,0.906897934142255,0.8034653310326239,0.5953515447436382,0
1.6730041010333971,1,0.2650463722755346,1.3984449599269897,4,1970-01-01 00:00:00.000000001,1.3529660075182792,-0.946147599665222,-0.267136066858997,-1.461279931695456,-1.447011826608438,0,5,0.8667812375216276,-0.7107261095000674,0.5426922076416646,0.9261905928018735,1.4631535339199069,1,2,-7,-1.516861748880692,1.146841716901979,1.1365151414154882,0.0,1.0395447808478233,1.6329931618554518,-1.500787035407947,1.310149001482546,-0.2660876570412127,1.5861560747317036,-0.6337662354571799,1.3645280291663013,1.0733891807582552,0.09149788042738796,-0.3867580601532345,0.9221812202091881,0.8034653310326239,0.5953515447436382,0
1.6756284211918808,0,0.5075676612008815,1.3845492010613885,1,1970-01-01 00:00:00.000000001,1.3528403757687957,-0.946147599665222,-1.1926468496775695,0.8817379970479415,0.4131903657592461,3,2,0.2437861561027141,-0.3593997590294313,-1.3665978967030836,-1.2999784864040864,0.5982351887455776,2,2,14,-1.372398725177769,1.146841716901979,1.1365151414154882,0.0,1.0395447808478233,1.6329931618554518,-0.9206104638358934,-1.5021877148308926,-0.2660876570412127,-0.2655301134847581,-1.8450894370269397,-1.3569054868683492,-0.42051466321152303,0.09149788042738796,-0.35161260297471486,0.9361455962772808,0.8034653310326239,0.5953515447436382,0
1.6782527413503645,0,-0.6080302678557142,1.064946747152561,2,1970-01-01 00:00:00.000000001,1.353250223607275,-0.6714092315864482,-1.1926468496775695,1.1746152381408663,-1.447011826608438,0,0,1.614375335224324,-1.0620524599707035,-1.318865644094465,-0.7603011338693082,0.5982351887455776,1,1,-31,-1.227935701474846,1.146841716901979,1.1365151414154882,0.0,1.0395447808478233,1.6329931618554518,-0.9206104638358934,-0.9218642654328814,-1.1921288698046946,-0.2655301134847581,-1.39084323643828,-1.670917046410809,-1.9144185071813014,-1.5604775497547658,-0.3159642670044579,0.9487710903986987,0.8034653310326239,0.5953515447436382,0
1.6808770615088484,2,-0.6080302678557142,-0.1856715507515461,3,1970-01-01 00:00:00.000000001,1.3534747131268443,-0.3050914074814163,-0.267136066858997,-0.2165516570505261,-0.5169107304245959,0,0,-1.5421330772981712,2.27554786950034,1.4376719440532653,1.6007872834703465,-0.2666831564287514,1,2,102,-1.0834726777719228,1.146841716901979,1.1365151414154882,0.0,1.0395447808478233,1.6329931618554518,-0.6528366615718687,-0.9218642654328814,-1.1921288698046946,-1.1913732075929888,-1.01230473594773,-1.3569054868683492,-0.42051466321152303,-1.5604775497547658,-0.27986403674065413,0.9600396455038853,0.8034653310326239,0.5953515447436382,0
1.683501381667332,3,0.5075676612008815,-1.2070098273732337,4,1970-01-01 00:00:00.000000001,1.353260521291659,-1.5872037918490278,-0.267136066858997,0.4424221354085545,0.5062004753776304,1,0,0.8667812375216276,-1.1791612434609158,-1.6052591597461772,-0.22062378133453,-0.2666831564287514,0,2,-15,-0.9390096540689998,1.146841716901979,1.1365151414154882,0.0,1.0395447808478233,1.6329931618554518,-0.29580492521983576,-0.6540226734030301,-0.2660876570412127,-1.1913732075929888,-1.39084323643828,-0.6242118479359433,-0.42051466321152303,-1.5604775497547658,-0.24336354298385784,0.9699351452269085,0.8034653310326239,0.5953515447436382,0
1.6861257018258158,1,-0.6565345256407836,-1.1027916358812249,4,1970-01-01 00:00:00.000000001,1.3538392511540347,-0.7629886876127061,1.583885498778148,-1.0951833803293003,-1.0749713881349012,3,6,-0.5868739524558372,0.4018073336569471,-0.9250745600733606,-1.6372768317383228,-0.2666831564287514,2,1,47,-0.7945466303660768,1.146841716901979,1.1365151414154882,0.0,1.0395447808478233,1.6329931618554518,-1.5454160024519512,-0.2969005506965617,-0.2660876570412127,-0.2655301134847581,-1.4665509365363898,-0.6242118479359433,1.0733891807582552,0.09149788042738796,-0.2065149889942563,0.9784434369551989,0.8034653310326239,0.5953515447436382,0
1.6887500219842997,2,0.3135506300606039,-0.9707819266580134,1,1970-01-01 00:00:00.000000001,1.3542655752875283,0.0154366886104866,-0.267136066858997,-0.948744759782838,-0.7959410592797486,2,0,1.406710308084686,0.1090353749314169,-1.7007236649634148,-0.0857044432008354,0.5982351887455776,1,2,-6,-0.6500836066631537,1.146841716901979,1.1365151414154882,0.0,1.0395447808478233,1.6329931618554518,-0.742094595659877,-1.546827980169201,1.5859947684857512,-0.2655301134847581,0.04760306542580989,0.0038112711489760626,1.0733891807582552,0.09149788042738796,-0.16937107583020397,0.9855523520707153,0.8034653310326239,0.5953515447436382,0
1.6913743421427834,1,-1.3840983924168242,-1.4154462103572516,4,1970-01-01 00:00:00.000000001,1.3542367417712535,0.7938620648336794,0.6583747159595755,1.1746152381408663,-0.1448702919510591,1,6,-0.4207419307441269,-1.3548244186962335,0.232432565685643,1.1285696000024157,1.0306943613327422,2,2,13,-0.5056205829602307,1.146841716901979,1.1365151414154882,0.0,1.0395447808478233,1.6329931618554518,0.01659784408819306,-0.7433032040796472,-0.2660876570412127,1.5861560747317036,0.04760306542580989,0.0038112711489760626,1.0733891807582552,0.09149788042738796,-0.1319849269748023,0.9912517233535869,0.8034653310326239,0.5953515447436382,0
1.693998662301267,3,-1.1900813612765468,-1.596091075610067,2,1970-01-01 00:00:00.000000001,1.354282051582543,-1.220885967743996,-0.267136066858997,-0.8755254495096068,-1.2609916073716696,3,2,1.4482433135126136,-0.4765085425196433,0.4949599550330459,-0.22062378133453,-1.1316015016030805,0,2,-17,-0.36115755925730764,1.146841716901979,1.1365151414154882,0.0,1.0395447808478233,1.6329931618554518,0.7752902838362631,0.015581306671598155,0.6599535557222693,-0.2655301134847581,0.04760306542580989,0.0038112711489760626,-0.42051466321152303,0.09149788042738796,-0.09441001235832401,0.9955333995233415,0.8034653310326239,0.5953515447436382,0
1.696622982459751,0,0.0225250833501877,0.377106683305302,4,1970-01-01 00:00:00.000000001,1.354599220261567,0.5649134247680344,-1.1926468496775695,1.4674924792337911,0.0411499272857092,2,2,0.9083142429495552,1.2801232098335376,-0.9966729389862888,0.5888922474676374,0.5982351887455776,1,2,26,-0.21669453555438456,1.146841716901979,1.1365151414154882,0.0,1.0395447808478233,1.6329931618554518,-1.1883842660999182,0.7744658174228435,-0.2660876570412127,0.6603129806234728,0.12331076552391987,0.4224933505389223,-0.42051466321152303,0.09149788042738796,-0.056700071885147196,0.9983912568969238,0.8034653310326239,0.5953515447436382,0
1.6992473026182346,4,0.5075676612008815,0.4882727542301115,0,1970-01-01 00:00:00.000000001,1.3546630659047472,1.0228107048993242,-0.267136066858997,-0.6558675186899132,-1.5400219362268222,0,1,-0.0469448818927788,-0.8278348929902795,-1.4023970861595478,1.26348893813611,0.165776016158413,0,1,13,-0.07223151185146152,1.146841716901979,1.1365151414154882,0.0,1.0395447808478233,1.6329931618554518,0.5521454486162425,-1.1897058574627326,-1.1921288698046946,-0.2655301134847581,0.19901846562202985,0.6318343902338954,-1.9144185071813014,0.09149788042738796,-0.01890903857456981,0.9998212081468293,0.8034653310326239,0.5953515447436382,0
1.7018716227767183,0,0.0225250833501877,-0.428847330899567,2,1970-01-01 00:00:00.000000001,1.3549163889405913,-1.678783247875286,-1.1926468496775695,-1.2416220008757626,-0.6099208400429801,3,0,0.9083142429495552,-0.1251821920490071,0.6739559023153661,0.4539729093339427,-0.699142329015916,0,1,2,0.07223151185146152,1.146841716901979,1.1365151414154882,0.0,1.0395447808478233,1.6329931618554518,0.9984351190562837,0.5512644907313008,-0.2660876570412127,-1.1913732075929888,-0.028104634672300097,1.1551869894713283,-1.9144185071813014,0.09149788042738796,0.01890903857456981,0.9998212081468293,0.8034653310326239,0.5953515447436382,0
1.7044959429352022,2,-1.1900813612765468,1.738891052134219,3,1970-01-01 00:00:00.000000001,1.3551223426282697,-1.220885967743996,1.583885498778148,-1.6077185522419186,0.5062004753776304,0,4,0.4929841886702795,-0.2422909755392192,-0.841543118008278,0.9261905928018735,0.5982351887455776,2,2,10,0.21669453555438456,1.146841716901979,1.1365151414154882,0.0,1.0395447808478233,1.6329931618554518,-1.6346739365399594,0.9976671441143863,-1.1921288698046946,-0.2655301134847581,-1.01230473594773,1.2598575093188147,-0.42051466321152303,1.7434733106095417,0.056700071885147196,0.9983912568969238,0.8034653310326239,0.5953515447436382,0
1.707120263093686,4,-0.6080302678557142,0.1756181797540847,3,1970-01-01 00:00:00.000000001,1.3557257869331665,1.1143901609255822,-1.1926468496775695,-0.8755254495096068,1.5293116811798566,0,2,0.6175832049540623,1.1044600345982196,-0.0181617605096052,1.398408276269805,-1.1316015016030805,2,0,30,0.36115755925730764,1.146841716901979,1.1365151414154882,0.0,1.0395447808478233,1.6329931618554518,-1.1883842660999182,-1.6361085108458182,1.5859947684857512,-1.1913732075929888,-0.93659703584962,1.3645280291663013,-0.42051466321152303,1.7434733106095417,0.09441001235832401,0.9955333995233415,0.8034653310326239,0.5953515447436382,0
1.7097445832521696,2,-1.1900813612765468,-1.596091075610067,1,1970-01-01 00:00:00.000000001,1.355937919231475,1.4349182570174852,0.6583747159595755,-0.0701130365040637,1.4363015715614724,3,5,-0.3376759198882718,-1.4719332021864455,0.4949599550330459,-0.4904624576019191,-0.2666831564287514,2,1,9,0.5056205829602307,1.146841716901979,1.1365151414154882,0.0,1.0395447808478233,1.6329931618554518,1.0876930531442919,-1.1897058574627326,-1.1921288698046946,1.5861560747317036,0.7289723663087997,1.2598575093188147,1.0733891807582552,1.7434733106095417,0.1319849269748023,0.9912517233535869,0.8034653310326239,0.5953515447436382,0
1.7123689034106535,3,0.0225250833501877,-0.8526679763004034,1,1970-01-01 00:00:00.000000001,1.355939978768352,-0.1219324954289003,-1.1926468496775695,-0.3629902775969885,-0.3308905111878275,2,5,0.2853191615306417,0.5774705088922653,-0.0181617605096052,0.5888922474676374,-1.564060674190245,1,0,29,0.6500836066631537,1.146841716901979,1.1365151414154882,0.0,1.0395447808478233,1.6329931618554518,1.4000958224523208,1.0869476747910034,0.6599535557222693,-1.1913732075929888,1.3346339670936795,-0.20552976854599705,-0.42051466321152303,0.09149788042738796,0.16937107583020397,0.9855523520707153,0.8034653310326239,0.5953515447436382,0
1.7149932235691372,4,2.6417550037439343,1.495715271986198,0,1970-01-01 00:00:00.000000001,1.3561068012553712,0.8396517928468084,-0.267136066858997,-1.1684026906025315,-1.0749713881349012,3,2,-0.2961429144603442,1.1044600345982196,1.5092703229661937,-1.0975994792035446,-0.2666831564287514,2,2,52,0.7945466303660768,1.146841716901979,1.1365151414154882,0.0,1.0395447808478233,1.6329931618554518,-0.1172890570438193,1.3994295321591632,-1.1921288698046946,0.6603129806234728,1.1832185668974597,-0.3102002883934836,-0.42051466321152303,0.09149788042738796,0.2065149889942563,0.9784434369551989,0.8034653310326239,0.5953515447436382,0
1.7176175437276209,2,-1.1900813612765468,0.7661879315421354,3,1970-01-01 00:00:00.000000001,1.3561541706035372,0.0154366886104866,0.6583747159595755,2.712220753878721,1.2502813523247038,2,1,0.5345171940982071,-0.5936173260098554,0.7932865338369128,-0.8952204720030028,0.5982351887455776,1,2,3,0.9390096540689998,1.146841716901979,1.1365151414154882,0.0,1.0395447808478233,1.6329931618554518,0.8199192508802672,-0.1183394893433275,-0.2660876570412127,-1.1913732075929888,0.4261415659163598,-0.9382234074784029,-0.42051466321152303,0.09149788042738796,0.24336354298385784,0.9699351452269085,0.8034653310326239,0.5953515447436382,0
1.7202418638861048,3,1.2351315279769222,-1.290384380566841,3,1970-01-01 00:00:00.000000001,1.3563024572586655,-0.0303530394026423,-1.1926468496775695,-1.461279931695456,-0.0518601823326749,1,3,-0.4207419307441269,0.5189161171471592,1.0319477968800064,-0.8952204720030028,1.4631535339199069,0,1,45,1.0834726777719228,1.146841716901979,1.1365151414154882,0.0,1.0395447808478233,1.6329931618554518,0.01659784408819306,0.819106082761152,0.6599535557222693,-0.2655301134847581,0.5018492660144698,-1.0428939273258895,-0.42051466321152303,0.09149788042738796,0.27986403674065413,0.9600396455038853,0.8034653310326239,0.5953515447436382,0
1.7228661840445885,0,1.2351315279769222,-1.408498330924451,3,1970-01-01 00:00:00.000000001,1.3563312907749403,1.1601798889387114,0.6583747159595755,-0.582648208416682,-1.6330320458452063,1,5,-0.7530059741675474,1.0459056428531135,0.1250349973162509,1.26348893813611,0.165776016158413,2,0,62,1.227935701474846,1.146841716901979,1.1365151414154882,0.0,1.0395447808478233,1.6329931618554518,-0.028031122955811057,0.015581306671598155,-1.1921288698046946,0.6603129806234728,0.6532646662106898,-0.5195413280884568,-0.42051466321152303,0.09149788042738796,0.3159642670044579,0.9487710903986987,0.8034653310326239,0.5953515447436382,0
1.7254905042030722,3,1.2351315279769222,0.912093399630948,3,1970-01-01 00:00:00.000000001,1.3568647108260268,-1.0835167837046091,0.6583747159595755,1.39427316896056,1.3432914619430882,1,5,0.9498472483774828,0.226144158421629,0.8768179759019955,0.3190535712002482,0.5982351887455776,0,1,7,1.372398725177769,1.146841716901979,1.1365151414154882,0.0,1.0395447808478233,1.6329931618554518,1.132322020188296,-0.029058958666710395,0.6599535557222693,-1.1913732075929888,0.04760306542580989,0.5271638703864089,1.0733891807582552,0.09149788042738796,0.35161260297471486,0.9361455962772808,0.8034653310326239,0.5953515447436382,0
1.728114824361556,1,0.5075676612008815,0.6480739811845253,4,1970-01-01 00:00:00.000000001,1.356899722952932,-1.312465423770254,0.6583747159595755,0.8817379970479415,1.5293116811798566,0,3,1.115979270089193,-0.5350629342647494,1.6405340176398948,0.5888922474676374,0.5982351887455776,2,1,-10,1.516861748880692,1.146841716901979,1.1365151414154882,0.0,1.0395447808478233,1.6329931618554518,-1.0544973649679057,1.1315879401293119,0.6599535557222693,0.6603129806234728,-0.6337662354571799,1.0505164696238416,1.0733891807582552,-1.5604775497547658,0.3867580601532345,0.9221812202091881,0.8034653310326239,0.5953515447436382,0
1.7307391445200395,3,2.2052166836783096,-0.7970849408379986,2,1970-01-01 00:00:00.000000001,1.3569738662804962,0.9770209768861954,1.583885498778148,0.5888607559550169,-1.0749713881349012,1,1,0.4099181778144244,-1.0620524599707035,-1.6649244755069506,-1.5023574936046282,0.5982351887455776,0,1,-2,1.661324772583615,1.146841716901979,1.1365151414154882,0.0,1.0395447808478233,1.6329931618554518,-1.2776422001879264,-1.055785061447807,0.6599535557222693,0.6603129806234728,-0.7851816356533999,0.736504910081382,1.0733891807582552,-1.5604775497547658,0.4213503732625737,0.906897934142255,0.8034653310326239,0.5953515447436382,0
